env,series_id,log_muc_tai,log_cv,acf_lag1,acf_lag288,pc1,pc2,cum
E1,E1_1,0.8727689879052382,0.5071625007411789,0.9709029924843623,0.013279403518193632,1.0584693498162017,2.2336863708928347,2
E1,E1_100,0.31810533626494614,-1.148610258308443,0.008856877184929383,0.07790504111892181,-2.5505489342372285,-0.5813396390396863,0
E1,E1_1000,0.5261040114587131,0.24957483020638976,-0.08725296178385313,0.8025933060781515,-1.3777971614774862,-0.5758542904853511,0
E1,E1_1002,0.279016317752306,-0.7722019323003669,-0.559673037880199,0.6401932751789516,-3.349019965861863,-1.739947728813876,0
E1,E1_1005,1.2807493323574577,-0.4672281459057355,0.8756936439570766,0.27079124981045727,0.8000672842875536,-0.166945703755631,1
E1,E1_1006,0.9029581789126915,-0.34730363352348215,0.7742726650948046,0.5616462214818798,0.437423442293687,-0.7003655808479224,1
E1,E1_1007,1.249380129155123,-0.6727366468687824,0.9733716953664878,0.5525457737118031,1.0177345282254924,-1.2411067874830368,1
E1,E1_1017,0.1841935733849684,-0.4737548047204349,0.55267125110346,0.25961596852884883,-0.9708784023232055,0.14812219891138226,0
E1,E1_102,0.04048472732947255,-0.24938014261787558,0.2869437898365043,0.3440619360531634,-1.5280531570704965,0.22963880215606985,0
E1,E1_1025,0.6399294007996026,0.2968192268314323,0.9716357285021677,-0.06865363906311804,0.6748489061335138,2.223321264796367,2
E1,E1_1036,0.07326990845896579,0.7215651040567607,0.6856878873115329,0.14094229914503012,-0.14574715140099623,2.4030067417882397,2
E1,E1_1037,0.09362897230411556,0.7290805080015724,0.7776430437248345,0.34670831891687576,0.19186938987922847,1.8521094537851635,2
E1,E1_104,0.3264942607029241,-1.1879810127622359,-0.4773781858524209,-0.11755942899223924,-3.7580853571119044,-0.23181022103555424,0
E1,E1_106,0.1819728525565641,-1.3742442857958852,0.05923163411266063,0.3384491039709739,-2.5608181208410072,-1.6032285804482769,0
E1,E1_1063,0.2094538735007564,0.25171770802560167,0.961154487510696,-0.006599723851735741,0.25056439569368727,2.1269746891478993,2
E1,E1_107,0.12121593754270096,-1.0820140527499755,0.08959247249357813,0.3298223595404801,-2.385061667314927,-1.0983605643413734,0
E1,E1_1079,0.3195752872050001,0.2504539137700564,0.9747148912724293,0.5964992044564322,0.7004206616485321,0.3852606172360156,1
E1,E1_108,0.0339290274290796,-1.2096405829092607,0.45002322002825534,0.296853208839565,-1.750868941524347,-1.0677968077033178,0
E1,E1_1081,0.3177601390200176,-0.422125634855706,0.8006561631841443,0.5238803975286745,-0.12009759910328617,-0.49528937157980846,1
E1,E1_1087,0.02034148861897962,-0.20474659902900327,0.23728264115639838,0.1155518564715041,-1.7522800095599589,0.937250384269301,0
E1,E1_109,0.02353582587020418,-1.2379270209595703,0.04013425173272728,0.3413688514204723,-2.6728018874267367,-1.3510743652035466,0
E1,E1_1091,0.29229272470090717,0.3082972556802921,0.8485224455131355,0.78389906788104,0.5234693871831135,-0.0819132004085051,1
E1,E1_11,0.3965024023092376,0.26433114248227274,0.6910068169867926,0.8111952128059547,0.25763780981775736,-0.3086868850445602,1
E1,E1_110,1.189464857707061,0.3233743139363814,0.9938010818793527,-0.20397457371884486,1.1887680171125465,2.4596239874551893,2
E1,E1_111,0.043949470398445406,-1.1436011779749686,0.5760009899455925,0.1824078377119903,-1.480569403597065,-0.6099108082030498,0
E1,E1_112,0.6745723128598652,-0.2276405285765911,0.8741329341800195,0.31269566661733034,0.38434412178956145,0.29685648057041325,1
E1,E1_113,0.1622282946628559,0.33928743191669625,0.7612570623511604,0.34706619306391673,-0.006114266735693254,1.2214977931998288,2
E1,E1_114,0.5457028689676876,-0.4708897205688482,0.5910631270901519,0.0322347277802649,-0.6603977310760356,0.679018058618236,0
E1,E1_115,0.2560486555587938,-0.24843072707966649,0.3496342991494048,0.012043061915207718,-1.3570640433451528,1.1117364598873947,0
E1,E1_116,0.13664897050684635,-0.9540314150570566,0.5164125024509151,0.27663997013402036,-1.3670605378026692,-0.6338533239155237,0
E1,E1_1160,0.1579813685924024,0.4359063112878905,0.6111863335924148,0.5120238819893915,-0.20406482807953413,0.8625685605786321,2
E1,E1_1167,-0.02613522875634114,-0.6389841246180032,0.2537486558766868,0.5051849938908303,-1.807251360501721,-0.812345135799036,0
E1,E1_117,0.5156836520302831,-0.880139019875407,0.5032959023112767,0.008030649023025473,-1.1358591361366215,0.10211804192010071,0
E1,E1_118,0.8791006707104194,-0.39770811117324817,0.9917698730614132,-0.028555662703928793,0.5639628249923471,0.9611203427575972,2
E1,E1_1184,0.13117986182829816,-0.4396118291943788,0.9152767773985283,0.014444160803785511,-0.31667465000290945,1.0164257020685816,2
E1,E1_1188,0.18565598768355185,0.5246384350550692,0.5493145658951941,0.03745124974734759,-0.5137862054748576,2.313390030140583,2
E1,E1_119,0.8275781152810092,-0.27135653026069634,0.9894844094795271,0.31577058609676417,0.7639063869400261,0.19997832833502674,1
E1,E1_12,0.008520673682989697,-0.6509142384804468,-5.1499472655147154e-05,0.003111360451467591,-2.6135457692555772,0.5035993171021488,0
E1,E1_120,0.832439952575798,-0.2200596849190702,0.9963240426867292,0.2862989554034383,0.7981779039081696,0.3625975174713607,1
E1,E1_1202,-0.0962815158836502,0.6596507401354608,0.9625713337975195,0.02390840311285727,0.2174237320955081,2.777502609750773,2
E1,E1_121,0.4556863607627565,-0.6715825076024269,0.8377278999165746,0.2516480749032358,-0.19402624093975918,-0.14812941290130527,1
E1,E1_122,0.3661518796822898,-0.41674826867624404,0.666657669578733,0.1029084353829314,-0.5922472681996748,0.6475729235944842,0
E1,E1_1220,0.017764728318369814,-0.28642514269838015,0.08728705164818551,0.0007138913230096694,-2.1986205463141264,1.093906859211237,0
E1,E1_1221,0.018235112644208254,-0.528643888086463,0.1210574902753841,0.00854820676557558,-2.25898328595845,0.7079698789553649,0
E1,E1_1225,0.04028118731378471,-0.5430030127902075,-0.0212425520185885,0.40918719491371813,-2.3555740628542168,-0.49526688977379807,0
E1,E1_1226,0.9616509355180785,-0.555952569187545,0.719326037306245,0.388545344537774,0.15788734867787682,-0.5690213823572736,1
E1,E1_1227,0.9843218910219534,-1.1078785636700883,0.7372236036430373,-0.10801123739132312,-0.3611949354920281,-0.018802656703765658,0
E1,E1_1228,0.9464351251960382,-1.0137555419498974,0.5138115594705894,0.34068227344643287,-0.6081616140057721,-1.192838797485321,0
E1,E1_1229,0.5973607201285944,0.2174416705507484,0.6664542786941893,0.1849468162912408,0.03715340565910223,1.311595729161343,2
E1,E1_123,0.33630735283702967,-0.1441788329395772,0.5677330068527127,-0.01256172822692102,-0.7445293400013968,1.3762235033068135,2
E1,E1_1230,0.7827289210604153,-0.27934666589121654,0.9522278338194285,0.5709322271737151,0.7670308567242015,-0.5285294804274164,1
E1,E1_1233,0.4126255339967608,0.13771571044607012,0.7548491614207654,0.4479115286981278,0.15214438145885856,0.5357504407409461,1
E1,E1_124,0.5337151888417915,-0.7567571633678568,0.7904487392849445,-0.05272400592214942,-0.43518628198524495,0.539986840164116,0
E1,E1_125,0.8553826426724972,-0.20689524580426089,0.993867159462914,0.2848672731399779,0.8212600062616485,0.3781503596661975,1
E1,E1_126,0.2297350496699321,-1.0717704661010357,0.2468872246121118,0.10889039457976435,-2.0395889450806366,-0.45115131404915343,0
E1,E1_127,0.2461895006512293,-1.1827823394452857,0.35065878209548335,0.31781327102648,-1.746332980636456,-1.188883626655916,0
E1,E1_128,0.8327847675134272,-1.0806045428314912,0.8475727292243492,-0.020148787883189592,-0.1952193023675689,-0.1401474251785333,0
E1,E1_129,0.5184203154162984,-0.9929082479425534,0.5018572832771432,0.2328568905002455,-1.0841538906051287,-0.7086093932693045,0
E1,E1_131,0.29576794435704173,-0.6608645599997587,0.8945282302989703,0.08542115816985756,-0.2988004220396457,0.4108851691192561,0
E1,E1_132,0.19089818971934527,-1.0831921172348826,0.868108646372242,-0.02960526382439916,-0.7626903257434205,0.11451516759667037,0
E1,E1_133,0.5565821298640282,-1.9178719762902314,0.27788598183212815,0.24568651353089593,-2.080526947935897,-2.248068593997427,0
E1,E1_134,0.46918283592097554,-0.18974952332864878,0.9109714801668632,-0.07847021356296242,0.08971228211611365,1.5439103911149274,2
E1,E1_135,0.5626384829439943,-1.2451209510556054,0.7656832990274727,0.5334270781630567,-0.43973793607855766,-1.88692722731785,1
E1,E1_136,0.1985890583843354,-0.8534936543190036,0.7581157497294798,0.2623049365479408,-0.7157016685525791,-0.3909042705919251,0
E1,E1_137,0.07252011774686928,-1.0294401345036563,0.353691942981241,0.22734649658697612,-1.8621564860672022,-0.6347920779942652,0
E1,E1_138,0.11042946476715622,-0.7748234490350187,0.7658891897001272,0.29052371103420344,-0.7211863872849177,-0.3161562365384945,0
E1,E1_139,0.13242813960608976,-0.929156487544525,0.2695196137259775,0.09329089012571191,-2.0062464795327912,-0.14650474692354393,0
E1,E1_140,0.1845185374509127,-1.1006708138563923,0.19836035764801102,0.2832892218837787,-2.116543028272376,-0.9866821748190053,0
E1,E1_142,0.8120580714038347,0.15076726221653994,0.9402155012482296,-0.03764664284329433,0.6986429968653427,1.8409546332623647,2
E1,E1_143,0.4896752933265449,-0.5528714979836004,0.5397779319553826,-0.01835292413587917,-0.9024781994116985,0.7006998878116452,0
E1,E1_144,0.022621454803276916,-1.1823557868825816,0.24454278801889634,0.4412548304414371,-2.130757123050021,-1.4888721398431928,0
E1,E1_145,0.83699737266757,-0.47352199855213983,0.9307071489970845,0.1661468957620285,0.44524875007490794,0.2912009353574154,2
E1,E1_146,0.35041931752658884,-0.9139500328317881,0.25724530999427464,0.2887509327969045,-1.7163489060939825,-0.7558879796739937,0
E1,E1_147,0.1498235300697841,-0.28157384481441944,0.3563757076186497,0.15809600789855405,-1.3851171230056072,0.687123607670985,0
E1,E1_148,0.02154128771229909,-0.7362899550056274,0.6691173425855234,0.2457924901795664,-1.0232908943372374,-0.12676070875453582,0
E1,E1_149,-0.0759918364775131,-0.17502549347338794,-0.017874689211670663,0.22339802721489854,-2.341701977598865,0.6389667315508809,0
E1,E1_15,0.4109830498571656,-0.6879565374476367,-0.0025710089511264476,-0.12379631689423111,-2.3265801207462613,0.662816407585189,0
E1,E1_150,0.24685712175768143,0.22897568264545348,0.9655072722863043,-0.020190234459837048,0.2753718603663648,2.1184200896589624,2
E1,E1_155,0.5419578673687356,-0.6021123451235011,0.8167026791575484,-0.0385746528683717,-0.2713275133177039,0.7429497912120758,2
E1,E1_156,0.6595201472784571,-0.4052365402114235,0.354169583376537,0.34901196306346227,-0.879775843243748,-0.2232720184162001,0
E1,E1_157,0.5140278379745616,0.08097623789528195,0.7304260294374393,-0.0009578433537236304,-0.0748765703150997,1.6744858521201351,2
E1,E1_159,0.5212639793217748,-0.9092358117282312,0.5704448521975369,0.025126541244737954,-0.9879621009881232,0.026231170260851106,0
E1,E1_160,0.49278637668500835,-1.0709587437774217,0.1335322209565108,0.21636757010634228,-1.9881712295254503,-0.8788485463851121,0
E1,E1_164,0.21172345846119395,-0.7288594479872731,0.4894808084183988,0.11351145570255576,-1.3111946074228797,0.14016457022410672,0
E1,E1_165,0.2833498700747046,-0.841662597400515,0.37543713465272227,0.07657955276992418,-1.5839965850068185,0.012799268763853516,0
E1,E1_166,0.22042222919901805,-0.713326320580089,0.6529921288141813,0.07255093051126447,-0.9488066823739051,0.3237044800465207,0
E1,E1_167,0.31132069191498035,-0.7527753378297987,0.5229727606567913,0.072719810721141,-1.1771709231269873,0.19314720244393369,0
E1,E1_168,1.146737395002866,-1.1368312508795717,0.7118640403313616,0.12267175707243416,-0.16037623604510784,-0.7799949462713959,1
E1,E1_172,0.1607262446640759,-0.410429545486821,0.04595443215225945,0.0022137877807837294,-2.227297400558149,0.8363614165744617,0
E1,E1_174,0.05947589752775779,-0.6613323319552946,0.0050321654450418965,0.3394067086958545,-2.383778097228236,-0.47960252883356225,0
E1,E1_176,0.061035953664201996,-0.5236856916481983,0.08599293694542808,0.299823482171024,-2.1416079344559953,-0.1329065696956437,0
E1,E1_177,0.03164493472697857,-0.6533134113245147,0.30586937973499034,0.21919274628814256,-1.7939342250597614,-0.03137441600314849,0
E1,E1_180,0.017078370039902226,-0.3042986730718185,0.09282507187668605,0.034568634511649224,-2.1794892698047286,0.9724869741428366,0
E1,E1_183,1.8283707690847097,-0.19223178444850963,0.9749211474623823,-0.0891903848645997,1.5114703493906665,1.110102638562306,2
E1,E1_184,1.8291062046009254,-0.19540926137082862,0.9742812642453859,-0.13111002377816042,1.486919359531907,1.223264056847855,2
E1,E1_185,1.836494456474975,-0.20553687113848326,0.9745746257537377,-0.08424182130314078,1.5132447014483383,1.0726480584509757,2
E1,E1_186,1.815814914657655,-0.1743295226073224,0.9784499241507575,-0.07973903564060388,1.5228542471499558,1.1164088053507994,2
E1,E1_187,1.8088010737295128,-0.18995054932782102,0.9730486302300393,-0.12072480951627591,1.4735637452829213,1.2091162509035898,2
E1,E1_188,1.822581715438446,-0.18424425095827585,0.9774987333651738,-0.09079646478966905,1.515570441590277,1.129730582994237,2
E1,E1_189,1.8283375976995793,-0.1927528335736813,0.9772013596202119,-0.04172675278035055,1.5411211466119945,0.9757919292944373,2
E1,E1_190,1.8200753776260108,-0.1798119591926917,0.9759454702864983,-0.07011300627721115,1.5231295799617675,1.0785296643915503,2
E1,E1_191,1.8039954111274836,-0.1734271493794627,0.984247333053443,0.0018887902101854953,1.5679735288350323,0.8928731548857303,2
E1,E1_192,1.7980479130415485,-0.15526858932309032,0.9772224895952866,-0.047383892234108355,1.531320831422275,1.0602264661312482,2
E1,E1_193,1.8179221434061252,-0.1813336486861778,0.9734964429523054,-0.04221512617016994,1.5293380187774275,0.997377225666897,2
E1,E1_194,1.8056561200815961,-0.1686708574209739,0.9736675583375635,-0.05851325379079854,1.5169324334135428,1.0673339101320993,2
E1,E1_195,1.8380947420941276,-0.1959154989988707,0.9696829774787387,-0.07589368218325598,1.5137513424791413,1.061911623124577,2
E1,E1_196,1.8088836327005737,-0.157360637797192,0.9798258110235387,-0.046276714230744934,1.5467710411461624,1.050803027359544,2
E1,E1_197,1.8297083117862842,-0.188822978622578,0.9779029983985144,-0.06579495370431761,1.533659854077816,1.049604479242504,2
E1,E1_198,1.8104466422902772,-0.16588300990427426,0.9762241917704467,-0.07416647948737513,1.5206110915086073,1.1149259876575695,2
E1,E1_199,1.8199653288831437,-0.18473211998615235,0.9754954251323441,-0.0731579147718109,1.5175642570242103,1.0794640135457685,2
E1,E1_200,1.8069728328336858,-0.16574279738783496,0.9770007655952209,-0.02916025702782254,1.5427328230606505,0.9893616859392692,2
E1,E1_201,1.811220556845792,-0.17790229257133391,0.9723030650296547,-0.09438552625358743,1.4949779002711137,1.1521617656185066,2
E1,E1_202,1.8306370271501087,-0.19194897221441465,0.9783385719604138,-0.05477548909315005,1.5394743563344733,1.0134340730414766,2
E1,E1_203,1.8369006490533863,-0.20478610058932756,0.9766171632558246,-0.06429920453603372,1.5290947731006432,1.0178726638629492,2
E1,E1_204,1.8022252854113265,-0.17302983212673126,0.9792303400562208,-0.03767835979915032,1.5345473083967607,1.004521375267593,2
E1,E1_205,1.8135143148141988,-0.1697267262331321,0.9728365390398335,-0.07465810094597397,1.513427641004224,1.1083404462173811,2
E1,E1_206,1.7986582331374787,-0.1550360249447273,0.9762132597580672,-0.03122008079122023,1.538240552641345,1.014387835702479,2
E1,E1_207,1.8067889183993628,-0.1562021024757028,0.9797714077319607,-0.07411392523348753,1.5307531852891898,1.1320024684689811,2
E1,E1_208,1.8094640847994765,-0.16605351090465026,0.9706183983494543,-0.020664863223534086,1.535050469461572,0.9621606357203343,2
E1,E1_209,1.139783398294027,0.36629954949323723,0.9550293016489378,-0.03749260140639241,1.1670155049877557,2.061538808753846,2
E1,E1_210,1.8304057596587477,-0.18404027218274077,0.9745675897265685,-0.08697433243853353,1.5185193780024784,1.115644922357124,2
E1,E1_211,1.0821304269855143,0.3920987624462474,0.9343940158561657,-0.06561589978070531,1.0664660475304149,2.1951871488540604,2
E1,E1_212,1.8348686863333237,-0.19422957589869194,0.9580856698378972,-0.04883599025845526,1.499855917799236,0.9858330658262807,2
E1,E1_213,1.1064288439196974,0.3861391954607803,0.9476654240255459,-0.029583702455904044,1.1346234931982326,2.0793925176784747,2
E1,E1_214,1.839522093958038,-0.19886052499849521,0.9569183798580986,-0.10927033971739539,1.4672817263356168,1.1475620386780578,2
E1,E1_215,1.8299023361066495,-0.18822221111902393,0.9575000382025758,-0.036533694305009086,1.5037805569511344,0.961895658422779,2
E1,E1_216,1.8483449008880561,-0.22257239897771444,0.9579079115417021,-0.07522238639977882,1.4819196315728773,1.0119455251874905,2
E1,E1_217,1.8510262306498122,-0.2278968953884221,0.9614228456727612,-0.04057404346395679,1.5074016075783254,0.905856884319389,2
E1,E1_218,0.34459833512770705,0.7141777445532504,0.6830401368264799,-0.009199707294917928,0.021954474964048395,2.7197482227447956,2
E1,E1_219,1.6598926018346523,-0.009846921507117426,0.9147762959088607,-0.22189237742299867,1.2536349476163278,1.8084082743002625,2
E1,E1_220,1.6225313085460418,0.018820616266406125,0.9083870268987401,-0.18426108732915564,1.2403394878655398,1.7575367505022637,2
E1,E1_221,1.6434544300405567,0.0013208252481984894,0.9081319552371167,-0.2140739461441339,1.2337724606466958,1.8074020554866022,2
E1,E1_222,1.6209349511236857,0.015468516757605027,0.9021438335452852,-0.1515010915905148,1.2400528878694501,1.6585350071285667,2
E1,E1_223,1.6151647720443398,0.0010375474179755229,0.8972215215079509,-0.17612219464067919,1.20227895381189,1.706515306302069,2
E1,E1_224,1.6304863030929964,0.011856799455852196,0.9085610226397056,-0.2163419433312723,1.227398587575204,1.8347408793225648,2
E1,E1_225,1.644523426510226,-0.01669592310922724,0.9092648403770592,-0.1753282515016879,1.2471669713566997,1.6700544653731344,2
E1,E1_226,1.6579433028054253,-0.005694337490234094,0.9208626452731116,-0.19990786332532626,1.2793689981653773,1.755092268295012,2
E1,E1_227,1.6655123443198194,-0.011809618532632595,0.9192439773478995,-0.1945684140442709,1.2821456853824562,1.7274442108500794,2
E1,E1_228,1.6578842199053943,-0.009846418420571384,0.9197020746223097,-0.19656094505344812,1.2760542430140902,1.7389199465153697,2
E1,E1_229,1.6352672872430312,-0.05163700784181293,0.9202912308497748,-0.11063617968483666,1.2767492832752425,1.439748470765783,2
E1,E1_23,0.6849714884095869,-0.31266859222381527,0.4765938904890716,-0.02757952865619148,-0.7248194721127542,1.0100974046634388,0
E1,E1_230,1.655405306391073,-0.045521192420931625,0.9246347055578917,-0.16485219885691993,1.2806731374252573,1.5965890187724598,2
E1,E1_231,1.6263428932084492,-0.053546801920082425,0.9312146872732586,-0.12167558807992906,1.2859067694638306,1.474285999313785,2
E1,E1_232,1.6796480082226968,-0.07468820098463612,0.9322025887445262,-0.12201744154252746,1.3260808260605708,1.424181948246081,2
E1,E1_233,1.6152134869157837,-0.015793031508857313,0.9404030264763324,-0.12259185847657993,1.317421606558155,1.541615100949866,2
E1,E1_234,1.6163459256822332,-0.01465690746039852,0.93824502754825,-0.19812777983781452,1.2747308999938116,1.7558781220613036,2
E1,E1_235,1.6463740633021196,-0.04222610331578704,0.9448936897699162,-0.18981569316764668,1.3063859675177893,1.6812235571521026,2
E1,E1_236,1.61439554142106,-0.0047160478277133615,0.9503198334079006,-0.1348237928814873,1.3389037270682973,1.5963957140748568,2
E1,E1_237,1.5944899120800342,0.008091902364532999,0.9430248589480871,-0.08973245610930945,1.3347874574621854,1.4935865950049052,2
E1,E1_238,1.6482222007252896,-0.03307056089520192,0.9537370534733666,-0.1539763433429722,1.3520578477612908,1.5959055407943181,2
E1,E1_239,1.7253761215689911,-0.08306178830138498,0.9550397129811194,0.09783796741029863,1.530879195176546,0.7802204824954044,2
E1,E1_240,1.2570263702824203,0.29424527023032687,0.9690416935057284,-0.06440924200714292,1.2533747845870868,1.9893102927760165,2
E1,E1_241,1.679501509383211,-0.03424030232127971,0.9541869391324981,0.08114812894281553,1.5051810819679179,0.9185532785590297,2
E1,E1_242,1.2435114597331376,0.3162193834649825,0.967178367912167,-0.06558451920811534,1.2485575096293433,2.030723910557611,2
E1,E1_243,1.7174307173409515,-0.05372837456853706,0.9649313916429328,0.09091710075735276,1.5589468817837004,0.8506267651737399,2
E1,E1_244,1.2581864457166096,0.30399762624628496,0.9698648445246513,-0.051596865625467704,1.2686936317343045,1.9679492349409664,2
E1,E1_245,1.6987576276765701,-0.04573649895563424,0.9559681134867974,0.10124661690069084,1.5312434821840668,0.8377496561699858,2
E1,E1_246,1.4392548345283664,0.15459166951524536,0.9273162266967055,-0.06410864314761737,1.2512391758935382,1.697096738999672,2
E1,E1_247,1.7165895869321008,-0.04641553263592075,0.9641868121587811,0.08611629659303152,1.558211976170917,0.8755512079982034,2
E1,E1_248,1.4223947275230604,0.17215217793030524,0.9154190618082666,-0.09292883431680249,1.2037122625619767,1.8081579886989108,2
E1,E1_249,1.7295022798228976,-0.06259983803665536,0.961008661607561,0.08855324565167877,1.5551789087007966,0.8382610523080527,2
E1,E1_25,0.6060037554200023,-0.2965043479495595,0.3843706597114435,0.015176516893299529,-0.9744850321927783,0.9155139954300651,0
E1,E1_250,1.4083397160122866,0.16972464475235494,0.9290719027582766,-0.09740281289434456,1.217276927543623,1.8259271423258026,2
E1,E1_251,1.6827234911865427,-0.03549517237671676,0.9615053444428324,0.09501782694041616,1.5311763012494688,0.8783749879208675,2
E1,E1_252,1.4129982571726598,0.15848003945210432,0.9215020483412106,-0.09039849120563964,1.2018523548081568,1.7849863088429883,2
E1,E1_253,1.694803558037807,-0.03528773856122315,0.9620698349678484,0.1089339525291451,1.5512793847765387,0.8352637470174558,2
E1,E1_254,1.4490638645822285,0.1462423762076755,0.9350305013704147,-0.10862391226057537,1.2496373347707352,1.8088246232646703,2
E1,E1_255,1.7241479386761644,-0.06292143556135336,0.9647821754113343,0.09386498497474322,1.561172445675944,0.8257170785155211,2
E1,E1_256,1.4162597380552997,0.17818580532958725,0.9205779335584116,-0.10336947224774136,1.2075087025222566,1.8506104364692273,2
E1,E1_257,1.7218337217856134,-0.05812535490890937,0.9588086140419002,0.09616394487173435,1.5495798012090451,0.825712402975553,2
E1,E1_258,1.425134720363236,0.1631380864751178,0.9249600721420068,-0.08820597920864287,1.2249368194971013,1.782684962020677,2
E1,E1_259,1.7223997979986871,-0.06188507745389033,0.9653486782769463,0.06648054868480789,1.5470408174445507,0.9055042448278738,2
E1,E1_260,1.660280173247001,-0.043911756051328237,0.9662297330359894,0.08358008143614212,1.509663045154382,0.9069937517687127,2
E1,E1_261,1.7033147800030386,-0.03928918118693412,0.9661215935626422,0.06036223775963573,1.5406370861057797,0.964566580082041,2
E1,E1_262,1.702237850617036,-0.056943072434687554,0.9724460643183486,0.06136935203940255,1.5440767425895945,0.9367038214790112,2
E1,E1_263,1.717102376264985,-0.04888855020517419,0.9718833006264591,0.06890266746590065,1.5654969500355274,0.9224261070584496,2
E1,E1_264,1.6466035307057734,-0.005302335725119183,0.9619966316220385,0.16383158739662002,1.5517076876399327,0.7432411134750165,2
E1,E1_265,1.6869446039984204,-0.02629998216568023,0.9710554552845931,0.10955960683158936,1.5695394964563145,0.8526903091523936,2
E1,E1_266,1.68964835813274,-0.043506605434960086,0.9766057185068404,0.09690666146571023,1.5679202799446557,0.8625786898501012,2
E1,E1_267,1.6917278021560325,-0.014054724845646932,0.9704661343516648,0.10411262615910938,1.576996925853263,0.8851071853925989,2
E1,E1_268,1.683879432125318,-0.01666268684927909,0.9707976981477563,0.1058479880205883,1.569713043392812,0.8790409317131461,2
E1,E1_269,1.6798823094276565,-0.015503186750483474,0.9685749459533624,0.08688986892492777,1.551687818907075,0.9351902188169504,2
E1,E1_270,1.6744557994292004,-0.006772570327398522,0.9715797738451432,0.10222751485781059,1.5663990987330954,0.9080606768979831,2
E1,E1_271,1.6952166572233356,-0.03844661030646825,0.9715396328846917,0.05905340657932259,1.5449294424604567,0.9739698585989186,2
E1,E1_272,1.7027244496056293,-0.047098271993020024,0.9707286145104735,0.08092485104669431,1.5566496520507238,0.8959322178094274,2
E1,E1_273,1.6898258816747,-0.024066013330900856,0.9726654473488019,0.08749490370720418,1.5656086880928706,0.9179540386997947,2
E1,E1_274,1.6865440663431817,-0.0258681225624954,0.9684503151414502,0.09499450127295073,1.5559379508149322,0.8939236231331557,2
E1,E1_275,1.6902154095790236,-0.02052585530521529,0.9691942072057734,0.11055173087617613,1.5723320258714915,0.8570994240953854,2
E1,E1_276,1.6766190253238593,-0.025211982052956293,0.975554674555147,0.07595309581512874,1.5528828107957255,0.9542938154750071,2
E1,E1_277,1.672297204403305,-0.0019145952357404138,0.9721386900302905,0.09367800782024757,1.5639510823738205,0.9406363532713827,2
E1,E1_278,1.4015310363060254,0.18114248136659117,0.9235341107876794,-0.08436807508957904,1.2118810882610063,1.8074869181814879,2
E1,E1_279,1.6932085176707452,-0.02270355240446412,0.9768921561895334,0.06846996725470743,1.569105883837527,0.9738552019587602,2
E1,E1_28,0.05330953487002463,-0.478958131481816,-0.015338444732802808,0.45182280773827005,-2.2704891710229544,-0.5199814786139325,0
E1,E1_280,1.3776988820454419,0.19663149418592596,0.9347270192952362,-0.10960564915195849,1.2102051905571063,1.9143023883710553,2
E1,E1_281,1.6871706437313283,-0.01624594842358996,0.9762046943564453,0.06500806889151722,1.5637893644035656,0.9955229938708566,2
E1,E1_282,1.3770522812575465,0.21431000470944092,0.9271418538693211,-0.08270099385942317,1.2169497576580413,1.8635459504027347,2
E1,E1_283,1.6764405238905125,-0.005344097934014475,0.9740039661917926,0.09171387638739496,1.5690313086004135,0.9399788592516267,2
E1,E1_284,1.3574346118838607,0.22407601810529898,0.9291256019999093,-0.10579356694556773,1.1964132165570127,1.9513534919238247,2
E1,E1_285,1.6531737307615455,0.015150302966272037,0.9636769887377655,0.08529309185870682,1.532407135849604,0.9949479775853076,2
E1,E1_286,1.3456452366626437,0.23291219865590126,0.918736848596674,-0.09953037461756324,1.17038329226816,1.9484399007811108,2
E1,E1_287,1.6574251470803318,0.002835495036147306,0.9727251310203269,0.0668890196091225,1.5399205488960468,1.0290909684740945,2
E1,E1_288,1.3523682247204507,0.2242151064808723,0.9271675754354809,-0.07392894158147735,1.2040103550452756,1.8627137819825463,2
E1,E1_289,1.6694601900526675,0.0008357528324286243,0.9754132183457306,0.0695209329392896,1.5575476522681035,1.015101553790739,2
E1,E1_290,1.3605281420022908,0.22549637866984873,0.9303170666575779,-0.08917057416763739,1.2115458057102504,1.9058038898295209,2
E1,E1_291,1.6645414375336567,0.006227826155486931,0.975046106836225,0.042003472077417385,1.5407833761586283,1.1028266063234633,2
E1,E1_292,1.297016017076068,0.25618824472339435,0.9049513727775873,-0.05320959868813617,1.1312716468568635,1.866542660643835,2
E1,E1_293,1.3075683786894758,0.24861351484655422,0.9256940916730746,-0.08389664825340028,1.167279826891266,1.9438469779053555,2
E1,E1_294,1.2054606496005293,0.3013317448782701,0.9097600663268409,-0.0314416497060991,1.0930825596835247,1.9082010206476407,2
E1,E1_295,1.223005036072349,0.1439776067619385,0.9813343068697745,-0.024841880666688833,1.1822513859039705,1.6613715239494098,2
E1,E1_296,0.7976703812986831,-0.04259833047401163,0.264296774572235,0.5618699503647961,-0.6285379642074544,-0.340507759336725,0
E1,E1_297,0.505685357080675,0.0017113875172978998,0.4901676888614922,0.039877878016901326,-0.646068634169115,1.3709493000296062,2
E1,E1_298,0.194291228443158,-0.5252990187124095,0.7413888077797858,0.05120783553195151,-0.6773442746254855,0.7083671412306787,0
E1,E1_299,0.17533563795831406,-0.6968974993719852,0.46387966759753496,0.18067819481947228,-1.3492541007805023,0.005027532074594984,0
E1,E1_3,0.5087085750547963,-1.0298169844376477,-0.03804910356808518,0.30539164413821474,-2.2872764525338356,-1.1218937854492987,0
E1,E1_301,0.180920838683132,-0.30015504964004225,0.364300133244488,0.3365191904679529,-1.255229334238889,0.14543032267359904,0
E1,E1_302,0.19172885176615323,-0.4015891354819201,0.45151476411510116,0.3293987153468047,-1.112087426787521,0.030425375734934465,0
E1,E1_305,1.095849129909069,-1.453668274558995,0.8264588741486648,0.22103489662999348,-0.0839780958051068,-1.4955901674713594,1
E1,E1_306,0.008351875864386677,-0.27348885720796734,0.6534367223898344,-0.04758116459582563,-0.9559608758437529,1.4159804894185506,0
E1,E1_31,0.1518306868948756,-0.3913621628160645,0.5970731355059186,0.11332940082987114,-0.9307541080281948,0.7127615841760714,0
E1,E1_315,0.08065782536788826,-0.5652875413796578,0.5718180090686918,-0.09560681101083299,-1.2651566317607517,1.0531649780045973,0
E1,E1_317,0.015815819724458825,-0.43879065453196264,-0.0008544214033488213,-0.0034443780380261513,-2.4887255928972647,0.8462557794248661,0
E1,E1_319,0.32134860194704773,-0.24198237162074374,0.5800616829986709,0.21025303262860584,-0.6710569614262573,0.604425125014928,0
E1,E1_320,0.8931593600432949,0.05934084188604989,0.8340302531654337,-0.007525611626034712,0.4999697283049544,1.5559021003307725,2
E1,E1_321,0.8201078990280439,0.15094672100272793,0.9390008260722189,0.6533250620037351,1.0657248686541716,-0.11523160394979605,1
E1,E1_322,0.9137347108391557,0.12458370633472848,0.9468429841140871,0.3748761427624206,1.0106332455444276,0.600552638169431,2
E1,E1_323,0.423616529908764,-1.0101825653423808,0.25973139834580633,0.03315691873720218,-1.8313592119614501,-0.20673518109634856,0
E1,E1_324,0.6991520098990217,0.18779116449161096,0.8659767494683387,0.06224263171318229,0.4992537495176767,1.634118892453399,2
E1,E1_325,0.33535412870791004,-0.5758708194802191,0.18096179186885633,0.49722778735426915,-1.5960987795191632,-0.8407407105841226,0
E1,E1_326,0.7569845590039662,-0.4617117301173889,0.9789185818819359,0.324880119827205,0.5677094460630451,-0.09731751000526777,1
E1,E1_327,0.43069717918380274,-0.7752602076001105,0.32899478151712425,0.30154648008709073,-1.3923313101505872,-0.5860116898584852,0
E1,E1_328,0.33696169091011235,-0.6860126276791385,0.08729971254172543,0.3882903796754117,-1.9256105782013966,-0.7299559636339931,0
E1,E1_329,1.7436709466831446,-0.4702506969173848,0.9544302590557973,0.5944129589741045,1.5822363477558692,-1.2268770690919097,1
E1,E1_330,0.34491035758541894,-0.5619314444298616,0.4682425913779391,0.4486526777447194,-0.9603130625777595,-0.6029526110577371,0
E1,E1_332,0.7063782426327829,-0.3395915232047602,0.9893611237482637,0.3236565539740403,0.6135226397561441,0.11516601236140916,1
E1,E1_334,0.5369097611710464,-0.7499989670685089,0.5728120127194484,0.00364290527752777,-0.8866648491083704,0.32754624306423546,0
E1,E1_335,0.5756405551375369,-1.049276423819219,0.2308526048829929,0.007336238797639142,-1.788561348590205,-0.2558067524035695,0
E1,E1_339,0.3237238075557568,-0.49225594922191057,0.430476544847306,0.5349034968543415,-0.9793743319773069,-0.7427540453575644,0
E1,E1_340,0.9020596812832875,-0.517819908655153,0.8621456568403398,0.5613608737480288,0.5344436375787112,-0.9368504382222012,1
E1,E1_341,0.8084569917461536,0.21483735323461053,0.8450698863567287,0.24819818026617452,0.6689010510351272,1.1056484673557,2
E1,E1_343,0.5006577287205127,-0.3223246835812307,0.4514417975413149,0.4989622635327972,-0.6852092334761782,-0.43555104681542023,0
E1,E1_344,1.0201855615735596,-0.21500374051930476,0.9361277129027339,0.3940497512046279,0.9001702367509843,-0.017575161029274013,1
E1,E1_345,0.10436960525233578,-0.6383494870083543,0.2133309052897743,0.40131408477013225,-1.8285109596162732,-0.5752805888814583,0
E1,E1_346,0.22381692836111075,-0.9661649970232382,-0.20729075556283527,-0.06587407885023554,-3.093762317874193,0.07752629493033424,0
E1,E1_348,0.8670072637545203,0.02273249785668902,0.97709253331879,-0.07380769829408647,0.7400073270615776,1.7370725509972418,2
E1,E1_349,0.40064109544954396,-0.2491225114425813,0.6760538695482803,0.12702858696545424,-0.4286011791781853,0.8282809924543001,2
E1,E1_35,0.016868230155060917,-0.7244266368474178,0.7460318293259474,0.049223978711202286,-0.9513806799113623,0.47088919125883955,0
E1,E1_350,0.4066815051660365,-0.02590138453393896,0.8605095977295265,-0.07663578139847733,0.013551876641843756,1.7987893410316198,2
E1,E1_351,0.2673008334955179,-0.62159182743203,0.22245910565316585,0.37710892113579314,-1.6569092848242961,-0.5357863705161159,0
E1,E1_352,0.739290407554814,-0.4057643959753014,0.77130227986475,0.6752530143194125,0.3015681326836774,-1.0548335501536832,1
E1,E1_357,0.8489537788240149,0.28488495611584264,0.9116378030415196,-0.026267487087352288,0.7532930421997667,1.9943039113873045,2
E1,E1_360,1.1427692406443282,-0.1637942704343674,0.5223033563064421,0.12592394154700362,-0.022503160557350046,0.6575051855527019,2
E1,E1_361,1.1020662550502485,-1.2886463012226423,0.7121294159169681,0.08842149642032443,-0.30811857011930277,-0.901344159569949,0
E1,E1_362,0.17836717690918838,-0.8811181834649786,0.2897770837591826,-0.01137590275494142,-1.944338867554462,0.21304030093729223,0
E1,E1_363,0.08489491389741394,-0.5901478140221593,0.6138850782504578,0.03432697070583741,-1.1131759931768237,0.6581133017379793,0
E1,E1_366,0.5557930248816684,-0.0054059814016196705,0.7066672359961512,0.014195460560164217,-0.13085878059253053,1.4769999546732102,2
E1,E1_367,0.5084028802103936,0.3334876507313765,0.7773872520911785,0.24274948551245068,0.2994095185401377,1.390171407252262,2
E1,E1_368,0.12491054350001993,-0.46643171033245573,0.3913649488138189,0.3253626612190413,-1.3499032557130006,-0.05181422575276202,0
E1,E1_369,0.6909497832977186,0.28900403800506774,0.9206885161311483,0.18513278668956107,0.7373261651018658,1.4612867929697373,2
E1,E1_370,0.32742817642419614,0.1739920042626227,0.9246241813592797,0.4634238917004593,0.48141151476962435,0.6264784727585382,1
E1,E1_371,0.302552204988856,0.15100762846592106,0.8140650175482778,-0.005055885247484101,-0.04883901067760551,1.8924473346107558,2
E1,E1_372,0.32124911766189435,-0.47125394546763805,0.2067281439112194,0.520490178973282,-1.47873845239233,-0.7329121046214846,0
E1,E1_373,0.15420919478859677,-0.44679127356918824,0.22376641537600708,0.3790222512732694,-1.658443451097642,-0.23159530361273198,0
E1,E1_374,0.1883608043255318,-0.45866377382528606,0.309730777108896,0.3451972410235723,-1.4580233205219693,-0.14165713350346873,0
E1,E1_375,0.21050521863222268,-0.3801243428310906,0.44160662291221475,0.35645083411921813,-1.089906594037439,-0.0224179842282446,0
E1,E1_376,0.23036123995741592,-0.489639087151967,0.32723871072388755,0.10417763300071539,-1.5233322961555487,0.4821616580469507,0
E1,E1_377,0.20558530999924537,-0.4823660691536321,0.4005722408999547,0.1219537198385185,-1.3688056118067164,0.47286733298382466,0
E1,E1_378,0.2151058812552341,-0.4230198201415576,0.2931141391920225,0.19032358633199878,-1.5304490564960496,0.33690174450332255,0
E1,E1_379,0.25162061136898184,-0.6402746828439945,0.23474447285172875,0.25841120393826267,-1.7172416569461195,-0.21999505577240866,0
E1,E1_380,0.16612866504554924,-0.6246502952041386,0.4346947975325296,0.27952722135153957,-1.329651139331905,-0.1681822365038899,0
E1,E1_381,0.2555896984165301,-0.7510755687669435,0.6853725614509997,0.1606301116392372,-0.8187084658179666,0.01343691078504129,0
E1,E1_382,0.1861259308233999,-0.47569559556330027,0.12692249604013894,0.41679702867293483,-1.8423779448301736,-0.42192775163268764,0
E1,E1_383,0.2095504914080099,-0.4724209089336858,0.1354951459733441,0.4015780270018495,-1.807077710667063,-0.37964995317577904,0
E1,E1_384,0.36422191086873307,0.1805661821117955,0.8769619691783009,-0.00508983272283731,0.16764863290344523,1.9344133060799522,2
E1,E1_385,0.2007708656568746,-0.9890516563979391,0.39962489532564865,0.3565846931166176,-1.546705571434517,-0.9698779592963885,0
E1,E1_386,0.22755628367717468,-0.763846703860133,0.3134652559188629,0.4548791402291271,-1.5322909676774827,-0.9347898081219589,0
E1,E1_387,0.9391598786637457,-0.5111943733898825,0.542586027355067,0.5949436385191839,-0.1255060375171672,-1.1262455837615961,1
E1,E1_388,0.9578656756581345,-0.30002603669221695,0.6158188445156637,0.7828366960629842,0.27744236513163517,-1.3175350238521606,1
E1,E1_389,0.4459243097605436,0.24049779042295638,0.8509058929973783,0.07307257016738543,0.26225245113292844,1.7695854779483504,2
E1,E1_391,1.008189310630254,0.40790223410817844,0.9851827254763185,-0.12382077660688247,1.0890843802529249,2.4246773111732933,2
E1,E1_392,0.9841293856432969,0.4098162848586004,0.9851197325276845,-0.11932864181614766,1.069654031527205,2.4233829060805188,2
E1,E1_393,0.13414975280088964,-0.30705735982245447,0.07487498749340868,-0.002304631928160469,-2.1299403747170063,1.0261000441039034,0
E1,E1_394,0.11665020189626207,-0.07103749072458987,0.05154297341930023,0.0006234693119987582,-2.060238066289062,1.3810484899122375,0
E1,E1_395,0.18258152656308768,-0.24882116392513112,0.07970946116874389,0.011774779181021293,-2.0321080121515362,1.0603840689473287,0
E1,E1_396,0.23201875345912237,-0.3833899155916837,0.13568297528787351,0.009016009026119577,-1.9394303556245487,0.8594236403384616,0
E1,E1_397,0.22759806531824783,-0.2722307894846738,0.12227677695344351,0.015495437751072465,-1.9057359898795632,1.0101383872407337,0
E1,E1_398,0.3172430640587205,-0.4741892098978532,0.0902111587976339,-0.01171740606455561,-2.024364309098713,0.7350488890033086,0
E1,E1_399,0.049866215736665796,-0.2575729598525019,0.055680999380459235,0.010343899393127404,-2.217326956978146,1.0907863487014462,0
E1,E1_40,0.09708363451092204,-0.5746360788428561,0.3372057746235911,-0.2133009069920947,-1.8427466537286523,1.2984212484408582,0
E1,E1_400,0.12315473563716091,-0.2981925411070995,0.1888877658130655,-0.004073445198814458,-1.8804918628754503,1.0813184611309856,0
E1,E1_401,0.398912758275495,-0.5480472843469784,0.1312029472337097,0.011245688274131858,-1.8860666944586457,0.5392981981604522,0
E1,E1_402,0.2483527582063019,-0.24600151981529883,0.06556142431269615,-0.00714305492188794,-2.0099032413109845,1.0909915021967336,0
E1,E1_403,0.23499839646869372,-0.41440830456011957,0.08813328268209397,0.00513450914737823,-2.063266055857529,0.8079104428805588,0
E1,E1_404,0.3410163072219965,-0.3539372993659537,0.06445638065729445,-0.010766586775475108,-1.989310482005353,0.9019379023644256,0
E1,E1_405,0.17366658154475417,-0.2652976568110834,0.0696808282441645,-0.003998463760260886,-2.080855993783518,1.0798437177949027,0
E1,E1_406,0.15243856473377637,-0.1884842649001805,0.06784905843539307,-0.011139161435682032,-2.064184092296905,1.2253637585956523,0
E1,E1_407,0.18211848495428887,-0.32105477069312305,0.12548567225917875,0.012158596541139216,-1.9716483630395771,0.9612588871843568,0
E1,E1_408,0.14571473845922864,-0.29321443044810236,0.07435074453659797,-0.0012902145882102577,-2.1116097001251655,1.0403443208339878,0
E1,E1_409,0.18941090962453602,-0.3362202172688504,0.10244453899917402,-0.006262785956904592,-2.0348701443588295,0.9807875324179136,0
E1,E1_410,0.2438208045021722,-0.2977034877188388,0.08281365929412834,0.0021402277543120596,-2.0006610715363613,0.9916078281959573,0
E1,E1_411,0.2141099684691365,-0.2333822472565688,0.06240147781977444,-0.007941996161050915,-2.0424649066046854,1.1238509864193318,0
E1,E1_412,0.1153822293469312,-0.2469139422514359,0.09779222160768246,0.002836545622182451,-2.0586943287349357,1.1174376813388054,0
E1,E1_413,0.3161720643006093,-0.38964502202537393,0.10274045011008884,0.002210788220020433,-1.9409012563797263,0.8299436593791137,0
E1,E1_414,0.21064149348473354,-0.36084871371647237,0.10296609239888244,-0.00043501458203364226,-2.0248673076749397,0.9190294375570373,0
E1,E1_415,0.4060343647303567,-0.49835073858390366,0.09744487102038737,0.0046377667483211635,-1.9296296899251613,0.6223846127927035,0
E1,E1_416,0.37779219761743005,-0.4291160916629369,0.10034654196000924,0.006255640486288931,-1.908788934137631,0.7352919664167026,0
E1,E1_417,0.2759886984776678,-0.29748171866995476,0.06203938372414644,-0.005773119724580124,-2.020834534299463,0.9970366948006083,0
E1,E1_418,0.12802379473261072,-0.19764352172698185,0.05437539331287111,-0.00616837372073022,-2.1201961843449455,1.2019306760113933,0
E1,E1_419,0.22110719139488352,-0.17962647531149148,0.04910194344505082,-0.009716422049882057,-2.035386001989902,1.205438497423217,0
E1,E1_42,-0.23813659356606773,0.9013691544225821,0.5609179623889614,-0.0038406982287672443,-0.6914797944669795,3.1632902660401063,2
E1,E1_420,0.22446356356841676,-0.26628576536816634,0.09421311677296118,0.004613807873933061,-1.9738723452057074,1.0431204050582121,0
E1,E1_421,0.08381948735852071,-0.22112194806157212,0.08236509720372168,-0.0025095862415276393,-2.110960421816498,1.1789927617552776,0
E1,E1_422,0.2486317348109648,-0.6810300648113087,0.5211994932988833,0.21472685747154205,-1.1243640439034457,-0.07614677277509045,0
E1,E1_423,0.1958525004529768,-0.7460423172578012,0.3867278934374138,0.2819523235090869,-1.4782943110917885,-0.3863437118309351,0
E1,E1_424,0.1960177549851568,-0.754405170927338,0.40058552351499405,0.2915917714789848,-1.4468719984003677,-0.422567467664594,0
E1,E1_425,0.22930595842525037,-0.7940732656771111,0.2626344863341725,0.3310672015320271,-1.7270334716878593,-0.6465636108590579,0
E1,E1_426,0.17600418274194263,-0.7246935789714166,0.39713635380375156,0.13556167612342818,-1.5380467804280904,0.07035771946536433,0
E1,E1_427,0.18402585639885682,-0.8158430513333618,0.38561550706472497,0.21993636149606005,-1.5649968461034636,-0.3147639954663303,0
E1,E1_428,0.17467327165664417,-0.7056216074637688,0.571447157677203,0.17443268686873384,-1.1170423656259305,0.040306834655654065,0
E1,E1_429,0.16736597281388493,-0.7087504793734747,0.3260967026439499,0.12260212224287707,-1.703028404495971,0.11424080755836216,0
E1,E1_43,-0.011167527225636664,0.37055365879517843,0.678360689776714,0.031249817356159722,-0.5033061280714699,2.199748595545708,2
E1,E1_430,0.19634317767338128,-0.7261860387005569,0.2719332427408583,0.1478371235978655,-1.793962009593743,-0.00969753796702461,0
E1,E1_431,0.13887146827829955,-0.7061260234016511,0.2301960335225407,0.12916269661031562,-1.9400331162386362,0.08228183238263038,0
E1,E1_432,0.2015519348235366,-0.7758603170941153,0.3870733658751075,0.214766202462605,-1.5246489061483817,-0.24428121282660137,0
E1,E1_433,0.253387837368952,-0.7740427486612708,0.49738917121292514,0.10292211070414702,-1.285841750451684,0.08805854379517916,0
E1,E1_434,0.24210763132954682,-0.8812601912763961,0.24587293017880144,0.2014396971226313,-1.871055445693368,-0.4238097061465965,0
E1,E1_435,0.20737541797078723,-0.7649606101595586,0.3022298160351066,0.0985126848715011,-1.7639601467039212,0.07477691088604838,0
E1,E1_436,0.19759807702209495,-0.845248918741866,0.29533706483213995,0.1661513931823883,-1.799831053223122,-0.23870098635733292,0
E1,E1_437,0.2218223462956353,-0.709989400374573,0.21582065950825088,0.11427942172550383,-1.9038564734070216,0.08506956561545492,0
E1,E1_438,0.19067640847869835,-0.9076252030848946,0.5204358548168745,0.2924791856960653,-1.2717009152086554,-0.6249792660388397,0
E1,E1_439,0.21824851386425573,-1.0105819153657802,0.34188221066872826,0.373346380932712,-1.6633572767072895,-1.0731508095426059,0
E1,E1_44,0.3881632492778248,-0.7416898829743792,0.8466014458176052,0.05566661414705036,-0.3813933000841711,0.3241547644516455,0
E1,E1_440,0.22736061614891281,0.08611896529550389,0.8804985324182638,0.01095214766638622,-0.00028554418027561983,1.7927111151118174,2
E1,E1_441,0.22204557888533216,-0.9926028746324119,0.42446832824660163,0.20410371301270613,-1.5528500253710058,-0.5446784695371941,0
E1,E1_442,0.18780368353617352,-0.8567109439493077,0.6034635943857183,0.2547829271952249,-1.0784556624337411,-0.41513535270039037,0
E1,E1_443,0.20164581804848244,-0.91762210758589,0.4704959716835056,0.25568982917301575,-1.398379199430708,-0.5545670924090689,0
E1,E1_444,0.21664005124044125,-0.8043014748229809,0.7212301070609302,0.12291727295019335,-0.8258136582082803,0.06200929079068272,0
E1,E1_445,0.22204937780062067,-0.817667545968372,0.7329516882157745,0.16065312591175399,-0.7824025678666346,-0.06380894825032095,0
E1,E1_446,0.18754566349596083,-0.7797682490583843,0.8067254881131047,0.12107265004779509,-0.6483638410583843,0.139788394456117,0
E1,E1_447,0.20470538178332637,-0.7376873364478204,0.8190886339970617,0.31995771067488676,-0.4757630452506573,-0.3600753424882935,0
E1,E1_448,0.2236419915109921,-0.9828146596868373,0.45529593817700925,0.3401755547009905,-1.4052336438223312,-0.9059737188737677,0
E1,E1_449,0.21483532478751746,-0.9221522896099198,0.49624361261912187,0.25642375541348833,-1.330422400864307,-0.5608870960432695,0
E1,E1_45,0.3703721804579332,0.31131174999680833,0.4764372787765849,0.46604557410583736,-0.4017504039013187,0.6870995008480635,0
E1,E1_450,0.1857375534316185,-0.8351463939818339,0.6881525193460232,0.43397253141775,-0.7841090323605319,-0.863438697279078,0
E1,E1_451,0.28471718063945084,-0.817722743996487,0.2405948923665731,0.13742830968853745,-1.8392464216301043,-0.16145245267422706,0
E1,E1_452,0.2973803156817119,-0.9197193938560893,0.19870343459551945,0.2244550168001352,-1.9348085646382607,-0.5811294358900957,0
E1,E1_453,0.3386411537975956,-0.030508057184421563,0.8460111927617662,0.014531213862707127,-0.03820380696317024,1.5537764705822759,2
E1,E1_454,0.29327548362184297,-1.0660364057784366,0.35096454345194794,0.3813221426097728,-1.6000547060554777,-1.2049792972642854,0
E1,E1_455,0.2900696106739522,-0.8323415605381926,0.2419712443622115,0.12274949792281503,-1.8472781315188682,-0.14397815383860352,0
E1,E1_456,0.2776077248943486,-0.7532362781113678,0.42594040988483645,0.2680115789872164,-1.3245393074255911,-0.37557035524995225,0
E1,E1_457,0.3090149358966084,-0.8101224016160642,0.18578519328890142,0.14015358648931706,-1.9333146452779992,-0.18171126834344964,0
E1,E1_458,0.22396690024031118,-0.6271927189511732,0.1791610338946528,0.1231113575053225,-1.931323533553434,0.17644417796063372,0
E1,E1_459,0.2830141804732715,-0.6416399329364317,0.2159030045509221,0.23670366975349103,-1.7419638344884494,-0.17719111686191966,0
E1,E1_46,0.5356945583748945,-0.34971760556598996,0.22339843863569683,0.7028406191209393,-1.0724336907545429,-1.1318153223991716,0
E1,E1_460,0.3249928008755592,-0.8090929984766189,0.18302301061108137,0.23897612267668897,-1.872013462861731,-0.46590040869021765,0
E1,E1_461,0.3403321523545218,-0.8315476699637664,0.21602739754553246,0.2991655987025783,-1.7650036065675034,-0.6665947414822124,0
E1,E1_462,0.2609655511097547,-0.7663810464699284,0.16772665320417976,0.18858120756492663,-1.9684725522425992,-0.2394524160827616,0
E1,E1_463,0.11247855203625567,-0.9967676086388221,0.08166937302668463,0.38644943522540465,-2.3319220251010404,-1.126250708231642,0
E1,E1_464,0.13500894699940783,-0.969817155159828,0.3627548274140965,0.4124375810917638,-1.6511294056600274,-1.0855345717697118,0
E1,E1_465,0.21284929990831142,-1.0673134719197368,0.29175962266981736,0.3773118208185464,-1.8117026027527245,-1.1842622316464455,0
E1,E1_466,0.10264203413033043,-0.9394357367259639,0.3129503376630823,0.3778290151770336,-1.7939029616201265,-0.9437573084225798,0
E1,E1_467,0.23273607221066092,-1.039336486258545,0.3324082441167518,0.36032435493356085,-1.694415801315174,-1.0884732091968994,0
E1,E1_468,0.18728245423333564,-0.9128808606992833,0.6171956073659868,0.18454314074782355,-1.1175793566063252,-0.2990259134134983,0
E1,E1_469,0.24203672988046798,-0.9900101120831272,0.5169086533152346,0.3197660632290193,-1.2645684555578751,-0.8481834387584367,0
E1,E1_47,0.8732334185935341,-0.129054798430603,0.8468622377023218,0.12053461648162188,0.46762222104582507,0.9142349828916647,2
E1,E1_470,0.22407968021456512,-1.01838044759304,0.36716655611129556,0.4376350020114279,-1.571991460891566,-1.2617098448792752,0
E1,E1_471,0.255534854504252,-0.9658237662646719,0.5713015602970706,0.3755738908391584,-1.0865617819878186,-0.9578288420544472,0
E1,E1_472,0.24960595430690988,-1.0776813830135652,0.3485944980801744,0.42259073743422804,-1.631803571421528,-1.3248887842198136,0
E1,E1_473,0.25592164113286736,-0.9902859876639868,0.49744275290955775,0.3811884160938771,-1.2630544614358454,-1.0327106572226195,0
E1,E1_474,0.2662544773257115,-1.020125200417611,0.5182805136406677,0.4099945756257486,-1.208791234647653,-1.157794602191367,0
E1,E1_475,0.22411452311291946,-1.0329801634299276,0.4067075540550771,0.4088659197357213,-1.506856207095091,-1.191561702608346,0
E1,E1_476,0.18314275279634445,-0.9721021109367856,0.4601540985784451,0.3231809040140476,-1.4353289633556372,-0.8257681926099407,0
E1,E1_477,0.20624977324772106,-1.0574374522869217,0.28428699128850793,0.3239773978839275,-1.8569131395216834,-1.0180907080145265,0
E1,E1_478,0.19504273345080833,-0.917659403641715,0.5226961948951214,0.22378632219776196,-1.3043263056086745,-0.4471483943902933,0
E1,E1_479,0.13982572103828722,-0.9709662678557556,0.30214056012945184,0.40346257451336726,-1.7878470071860082,-1.0810069710010735,0
E1,E1_480,0.19852987237188613,-1.0534595713940147,0.22492446255322357,0.4078367982352635,-1.9510562016145576,-1.2633178010223125,0
E1,E1_481,0.11985441368192958,-0.7676649667106925,0.6750332418317996,0.36526644792821966,-0.8726567799660124,-0.5457754329373281,0
E1,E1_482,0.19981674338753633,-1.0530244550802255,0.23896691256915692,0.4486141864456498,-1.896733619197003,-1.374346751023567,0
E1,E1_483,0.20687607439465722,-1.054676686542482,0.3015040376868867,0.40929741050692997,-1.7714057516035413,-1.2503084540120446,0
E1,E1_484,0.07376002975187933,-0.872192523541276,0.35114471426665617,0.3593648384043795,-1.7062176161564766,-0.7668073167516344,0
E1,E1_485,0.2268672567683469,-1.046172711011694,0.31519144879940164,0.4309031632956267,-1.705551592303489,-1.3013944549006982,0
E1,E1_486,0.17898289456923192,-1.0359344153820544,0.3061613479762289,0.3665796656352586,-1.7988470050759384,-1.0895086265211886,0
E1,E1_487,0.2019647081281067,-1.0663845495239561,0.32043832548174767,0.4043736546148243,-1.7429758553803665,-1.2472763937823543,0
E1,E1_488,0.1486118028125633,-0.9639811036391569,0.3675858039250351,0.39342292745800056,-1.634009031481637,-1.0261934920870577,0
E1,E1_489,0.18581575850599855,-1.0138406522830057,0.29006149614014215,0.35062849587235034,-1.824013703216238,-1.0173876072021346,0
E1,E1_49,0.4982766263262261,-0.11146949397462638,0.9900686824147871,0.41396240159423786,0.5980671376875122,0.28494702961443835,1
E1,E1_490,0.20794022801239226,-1.025511161703332,0.36110234505564504,0.443253418240427,-1.6020474758000824,-1.2846372725339614,0
E1,E1_491,0.18013724674727347,-1.0338034645532848,0.1872586703922479,0.4434285458431099,-2.0228377847079444,-1.3379577836653656,0
E1,E1_492,0.09373805828027847,-0.7824909846787073,0.6349495081170492,0.3397572292367048,-1.0092027318103167,-0.49880852061820896,0
E1,E1_493,0.186177535042186,-0.9598890768988798,0.4076581827181832,0.401489867818217,-1.502032686776921,-1.044431677399851,0
E1,E1_494,0.1996000651189049,-1.0461070378480755,0.25888319324350106,0.460284844400517,-1.8421525121260458,-1.3908912784458016,0
E1,E1_495,0.24916398819869987,-0.9560533986979278,0.5614012782772902,0.3821249531748561,-1.1056787883351349,-0.9618844606279546,0
E1,E1_496,0.1858868418097146,-1.0359262194297456,0.3217986015211174,0.35878608148588426,-1.7613368269868148,-1.0654130171719762,0
E1,E1_497,0.1778426627831461,-0.8214476308909371,0.6674149224490415,0.2527658911488216,-0.9250750002515051,-0.33324531709142663,0
E1,E1_498,0.12719086044531333,-0.8564008528138771,0.5688705069222774,0.24327719036556178,-1.2191896566155533,-0.37070519843998584,0
E1,E1_499,0.1141135034013843,-0.8578845708558658,0.45995879268520845,0.32073424125666045,-1.4360191956129156,-0.618568859763574,0
E1,E1_50,0.6407114798391337,-0.11138842222212032,0.9636090831171327,0.39316714754070303,0.6625981783382878,0.28611561462992435,1
E1,E1_500,0.3002394461469135,-0.8567932079343115,0.6889052950558849,0.06437987595369149,-0.8803769721363187,0.10788147857108223,0
E1,E1_501,0.1793115673224462,-0.9554401233097846,0.49429927786177835,0.3303198112582617,-1.3489809262902346,-0.8091320314930742,0
E1,E1_502,0.1552529087765301,-0.9651362294935201,0.29241031834800946,0.37593113047579624,-1.8061153901487037,-1.0024160721134663,0
E1,E1_503,0.300673325444699,-0.8646171666041437,0.7085090715839928,0.06034724402640248,-0.8426688954081314,0.11268997157914334,0
E1,E1_504,0.18598863792575684,-0.8811538333404882,0.5756003488746382,0.35510739127345137,-1.10426264596783,-0.7437581576457865,0
E1,E1_505,0.1638019927868737,-0.9647636859918733,0.37227817193685164,0.34003954288246874,-1.6375510841305254,-0.8804961208404213,0
E1,E1_506,0.24864034393194054,-0.9614592598983471,0.5702933647394305,0.39337998532449375,-1.083477788057912,-0.9992988386525378,0
E1,E1_507,0.14408679200453017,-0.8952320013436859,0.5490657403413568,0.39185754194832484,-1.1922993638798185,-0.8621943847989958,0
E1,E1_508,0.1673042871563866,-0.9833961320740298,0.3057822166957983,0.4484316969679144,-1.7373461379528332,-1.2359174209255852,0
E1,E1_509,0.19428876789859115,-1.0291569512208503,0.278569199344455,0.4070293694642622,-1.82110409455952,-1.2067084811732345,0
E1,E1_51,0.11690266665968421,-0.11266404911006264,0.962810489251309,0.40751975847695754,0.1722022065914362,0.42779982093683727,1
E1,E1_510,0.16864343697484063,-0.9801540278190292,0.40031660482162845,0.363968917996585,-1.5665034365707131,-0.965527646752585,0
E1,E1_511,0.17383211331626955,-0.9222560971040153,0.4900875558952583,0.3797670149802579,-1.3184281721875957,-0.8970472088116076,0
E1,E1_512,0.16338519409012972,-0.9874196971660689,0.30179174673295955,0.38987536122991695,-1.783020726271391,-1.076351869287664,0
E1,E1_513,0.16192799005969474,-0.8392838250160133,0.6729602322218806,0.11765312914818903,-1.0088512933406162,0.02840427572379883,0
E1,E1_514,0.15319519918041935,-0.8644590408481109,0.5919756954729912,0.11623960615929665,-1.2140420843044084,-0.0265405004007066,0
E1,E1_515,0.17139879641443848,-0.8974218501607208,0.6113327064303672,0.3771861450034213,-1.0358207727881614,-0.8158628272519584,0
E1,E1_516,0.15633283488850935,-0.8549241788886651,0.599890264124539,0.13432465319129955,-1.178316630750217,-0.061805328373493666,0
E1,E1_517,0.14170778621387628,-0.6629541646730135,0.7737891202249615,0.3173538075847274,-0.5948832108840165,-0.22833854803179543,0
E1,E1_518,0.11139207196968315,-0.8300112592244927,0.6010841192252728,0.12605188271760626,-1.2080131009510717,0.016143751229931218,0
E1,E1_519,0.1506350667168551,-0.9399905832666555,0.46421048048770963,0.29958965523733516,-1.450696825850114,-0.6969790145291057,0
E1,E1_52,0.5002409025841728,-0.11128965959126429,0.984975025172558,0.41409941204866557,0.5886805930741057,0.28268498644197465,1
E1,E1_520,0.16417455025723354,-0.9182954883595503,0.5019434793183098,0.37554273132885857,-1.3008937967997733,-0.8722021715663115,0
E1,E1_521,0.16622235248112807,-0.7246102834592878,0.8055648218623663,0.10784449620984098,-0.6460402701070369,0.2693675710760962,0
E1,E1_522,0.150307623829496,-0.7054776929670887,0.7560596465902311,-0.01454904167657715,-0.8251159408540831,0.6362564061250562,0
E1,E1_523,0.1675527349789427,-0.9304045354159872,0.5305237747447283,0.3901604219040993,-1.2329896001487908,-0.9251831623699797,0
E1,E1_524,0.15702255118816766,-0.8042462555864123,0.645955157207706,0.284072564107896,-0.9664876485676054,-0.39405461634219613,0
E1,E1_525,0.18917092554947976,-0.9089282841488526,0.580015847941498,0.1859889319825057,-1.1961013040822062,-0.3083446157822608,0
E1,E1_526,0.15913436486819088,-0.844965479353708,0.564505544610449,0.33314082689023994,-1.1450358598124164,-0.6196127257158993,0
E1,E1_527,0.573655619939743,-0.3454096012476988,0.24778780499049582,0.04719294004833905,-1.3229254187298922,0.7218723093266545,0
E1,E1_528,0.03497160609441798,-0.9668395773198716,0.09498003163440671,0.36009021442774264,-2.3718166819469815,-0.9745032640255709,0
E1,E1_529,0.0928521708207496,-0.8274362912051477,0.4434793779606423,0.4240300541188084,-1.4212674487042731,-0.8608822232722435,0
E1,E1_530,0.13864284228102108,-0.9675567983479496,0.21916683976721787,0.40632446659883314,-1.9715211178773928,-1.1072120661900038,0
E1,E1_531,0.261436432674813,-0.7028259958533081,0.49675120792899646,0.11089458409687591,-1.2341348449291007,0.17226315164940526,0
E1,E1_532,0.22946009814532312,-0.9990546705487613,0.42778933945824216,0.21464058243416667,-1.536616052389864,-0.58606706533226,0
E1,E1_534,0.6788504936444518,0.08246562599023148,0.8824880384457255,0.5024651668882307,0.6866115005757171,0.23922682661172123,1
E1,E1_540,0.07373783731943269,-0.2487608521835058,0.4178107353462123,0.09687264394786475,-1.3323632244206671,0.9551687298693025,0
E1,E1_541,1.042162791883728,-0.20038785776991316,0.9834081070938592,0.04931539816770039,0.854797471802265,0.985281254223503,2
E1,E1_542,0.5677167077110231,-0.7324324755828258,0.7056333829968031,0.08994096056463319,-0.5043105137886419,0.13789483782624334,0
E1,E1_543,0.4932625416987037,-0.1673509725612947,0.9939695065043599,0.3444142075929709,0.5331818364942167,0.3983097579426195,1
E1,E1_546,0.2536080793362413,-0.32687311715780537,0.22179157914936704,0.5414435290694164,-1.4141296143274562,-0.5414884844571997,0
E1,E1_551,0.1837736342370354,-1.0310723536643023,0.8417531333738455,0.1805239468084765,-0.6881461663677338,-0.40421052394897167,0
E1,E1_555,0.3034353956168976,-0.3597474491849892,0.814888550174036,0.012874355185654938,-0.33329983634709387,1.0545140276529918,2
E1,E1_558,0.06381657661324543,-0.5856746864531147,0.5413866519899545,0.12944395750287008,-1.2432176977861726,0.3827641764246958,0
E1,E1_56,0.1327413636846405,-0.4565034999181942,0.4395960921205084,0.06859115195134712,-1.363149828246242,0.7004129878561135,0
E1,E1_561,0.3091966689063076,-0.6491718594105799,0.9780455491480866,0.41007676077137906,0.07807011517455328,-0.46963670969744603,1
E1,E1_562,0.4638982532737823,-0.8009552662378975,0.28880112144042913,0.15279514490250054,-1.5439176455126298,-0.22832722570089548,0
E1,E1_57,0.36586028811486315,-0.078065549149314,0.9219519664964141,0.33117457069837375,0.2961229351590071,0.5975600361978954,2
E1,E1_574,0.23660476587704446,-0.5092387973397153,0.11659060329633769,0.14319612478466132,-1.9806523722204932,0.27906977133750716,0
E1,E1_580,0.18592112489131177,-0.8448311698765334,0.23729072712487728,-0.046732722630384374,-2.0523341158835975,0.35120805029108676,0
E1,E1_582,0.18754150154206242,0.11706320038868877,0.579413460143207,0.00870657288663918,-0.6962149878568312,1.7744596306493103,2
E1,E1_583,0.15648707453580163,-0.09358753796422037,0.48271888199851964,0.23726064779514272,-0.9449151691056655,0.7869318343681144,0
E1,E1_587,0.5909515260481,0.402198045150222,0.7666767712129314,0.19947896049264122,0.3706825720388046,1.5862483503305722,2
E1,E1_589,0.7289212017287988,0.27715050525090856,0.6426157102567351,-0.03409579667887777,0.028008877713348212,1.9696602733544426,2
E1,E1_591,1.7362468458570524,-2.7219572765095794,0.4307715462352722,0.21191927258991078,-1.1066271810807706,-3.763438572944199,0
E1,E1_593,0.5621651510856646,0.5375055314062411,0.8425346319340797,0.8295950507713883,0.9222944304639785,0.04541652045169552,1
E1,E1_595,0.10828568873617872,0.14904767369108748,0.31307718300884213,0.009773841396976193,-1.349191294256059,1.7722949448138012,0
E1,E1_596,1.3685324083599915,0.15274712177110505,0.931771319844942,0.09953733459026438,1.2790270436371332,1.2578307938203974,2
E1,E1_597,1.527574048332412,0.12320043990880056,0.9910723806379867,0.16371888340717206,1.578875592093882,0.9918570050201193,2
E1,E1_598,1.5253112741708226,0.12384329821272637,0.9907644875843283,0.1637479695936492,1.576433753956325,0.9934740915429576,2
E1,E1_599,1.5273886846837283,0.12393035306098937,0.990961665360711,0.16301499116164797,1.5785069732108776,0.9950052809534374,2
E1,E1_600,0.039046231715050124,-0.8716554922973885,-0.4833969352750691,-0.43908619196659154,-4.028264410328487,1.264114842271655,0
E1,E1_601,0.0684079785768929,-0.6269900551893476,0.2472723569985887,-0.13105153271089376,-2.0588004055956732,0.9695427186908014,0
E1,E1_602,0.014478545704275937,-0.4301801029655453,0.6246031561806004,-0.04254870786360031,-1.1031500991332432,1.149839848790053,0
E1,E1_604,0.8608337627722176,0.4487176669541961,0.7593644466840479,0.6062534792709271,0.849695333278245,0.41091814420757394,1
E1,E1_607,0.832214659338967,-0.17857136949716965,0.9769792786159311,0.3254315802282773,0.7991863146988433,0.31045034301369523,1
E1,E1_608,1.6583722703186927,-0.060901364901208066,0.8019435049494245,-0.09751951686451893,1.0347488981077004,1.3463284547196919,2
E1,E1_609,1.654135967082732,-0.04636195810721325,0.7922748837053838,-0.0644320798142004,1.0348446686529849,1.2739229948187891,2
E1,E1_610,1.699898697563668,-0.14094802447905433,0.7248866610447734,-0.04518047925727747,0.8822065020096648,1.03829313064297,2
E1,E1_611,1.7066878546693371,-0.14314170443943638,0.716560526967499,-0.007467318790642684,0.8884484195012937,0.9235248751015189,2
E1,E1_612,1.6137274237219648,-0.021925856874352105,0.7834205250028553,-0.04403964646086069,1.0016499978238618,1.2656282161123675,2
E1,E1_613,1.635104527492024,-0.0893464339316958,0.7613269108367429,0.01704538397904033,0.965197871618578,0.975180062996462,2
E1,E1_614,1.6885703340554759,-0.1335031049941807,0.7285324465874081,-0.05925373052033875,0.8766146840587483,1.0945845564335466,2
E1,E1_615,1.6284415724569794,-0.054376043559702415,0.7816996216513835,0.038150715772494646,1.0359371037417846,0.9776008926321714,2
E1,E1_616,1.7568496772691398,-0.15883789241667542,0.7037794789711678,-0.052037632536858794,0.8747630118251493,1.004000306480924,2
E1,E1_617,1.6181588444111996,-0.014679461602393591,0.7846012880132831,0.010557116780890007,1.0413057090151905,1.1212369540201124,2
E1,E1_618,1.6067660353709114,-0.005101677266682094,0.7989074236560658,-0.0168057312424465,1.0538286211868284,1.2214620605549855,2
E1,E1_619,1.6253150962318388,-0.03163246681917074,0.7873023754287413,0.06579372985390461,1.073232510647533,0.9372173022898399,2
E1,E1_62,0.6769574601092804,-0.6844089201659959,0.06870929953652995,0.45065351659878505,-1.6121339090467837,-1.028830244271171,0
E1,E1_620,1.7014868097453342,-0.13100201103415393,0.7329376342795471,-0.12215777099752752,0.8671957889452941,1.272974594141417,2
E1,E1_621,1.6126955087961101,-0.013408644271165126,0.7894182644241576,0.014499395872866097,1.049742606762854,1.1153559812545815,2
E1,E1_622,1.6540817866739037,-0.1356004707480722,0.718229603668414,0.06772047952852589,0.8862178882183483,0.7416049898848307,2
E1,E1_623,1.635051533717882,-0.042838997765209684,0.7874966936802911,-0.039349155846082236,1.021272182450844,1.2137972031561621,2
E1,E1_624,1.6363496329218148,-0.10179149161711165,0.7396949916980714,0.00788664035702518,0.905849797917503,0.9752506319190727,2
E1,E1_625,1.637621242029557,-0.025226733910596155,0.793682589646679,-0.022849930474585816,1.0564433158357938,1.1951685333328934,2
E1,E1_626,1.622583161083187,-0.08255116620828061,0.7373622127784484,-0.037366580392782615,0.875056801943991,1.137007116906923,2
E1,E1_627,1.605941240586327,-0.016044618754264717,0.7897862298875843,-0.14000563768860527,0.9616845718548801,1.550541373647627,2
E1,E1_628,1.600563127968331,-0.01732213381221847,0.7887066284933366,-0.1335482582812769,0.9568198538247283,1.5319027090186925,2
E1,E1_629,1.596584234827735,-0.022457928053976065,0.8013961686023563,-0.14379335300178747,0.973157473133542,1.5579877307760264,2
E1,E1_630,1.580709040486871,-0.0019314965482163772,0.780752959255745,-0.04690908892325979,0.9745471539452163,1.3154171430348545,2
E1,E1_631,1.5932150229943915,-0.07339418844007237,0.7707086808370601,-0.06237355050465684,0.9142601444645067,1.241712004280652,2
E1,E1_632,1.613808249136475,-0.02453746441979228,0.7951411825242577,-0.1528657502799301,0.9694610948772936,1.5725708418856947,2
E1,E1_633,1.6148706865975193,-0.03525283410591782,0.7921346924309233,-0.09935777443330995,0.9855434813948086,1.403560862307497,2
E1,E1_634,1.6219946172451685,-0.031756098297357975,0.7981117736200414,-0.05959051310688411,1.0285513103945823,1.295738403809667,2
E1,E1_635,1.609531028582644,-0.03338724236719317,0.8009967610834856,-0.09864545436981267,1.0018195426442522,1.4088432492489815,2
E1,E1_636,1.6166911043732923,-0.031795995193482814,0.7900961703605212,-0.11852062440442578,0.9746597114340873,1.4618337850578822,2
E1,E1_637,1.61751556517819,-0.017691337593713195,0.7997135543199508,-0.07103568713947943,1.0300748903505543,1.351805231908855,2
E1,E1_638,1.6062982541389492,-0.08376933448432301,0.771431835657612,-0.005831692886452953,0.9518606245065075,1.0614862419600049,2
E1,E1_639,1.6031326107503334,-0.026633518226814704,0.7974425714986522,-0.060179963739579886,1.0118776007690842,1.3117497332801877,2
E1,E1_640,1.6014130133295967,-0.014877995756960999,0.8168186012769776,0.010900260548947733,1.0977672327424395,1.1350935166503082,2
E1,E1_641,1.6178080414220914,-0.03321776376614394,0.778889516890927,-0.09755062208661235,0.9607530976206337,1.39675738378268,2
E1,E1_642,1.7090976708312808,-0.13150424098622585,0.7386753423452522,-0.056982835176538287,0.9211199933111807,1.086924943308773,2
E1,E1_643,1.7129155702905192,-0.13194094579694363,0.7321342260475697,-0.04793441157655112,0.9145530247511361,1.0574537096245773,2
E1,E1_644,1.712533214912165,-0.14261500675210223,0.7475887445138191,-0.09640259752026153,0.9172459620013875,1.1825806719849234,2
E1,E1_645,1.6500173073344493,-0.039990471430038366,0.787317664357918,-0.06590366156049998,1.022763020422884,1.2879318801196002,2
E1,E1_646,1.7615772466596635,-0.16393806881926537,0.752053636580092,-0.10423073012407552,0.9571573921202052,1.1558565342167424,2
E1,E1_647,1.5788694524611357,0.013762444970631282,0.799953394126411,-0.034711804039954,1.0313599368443371,1.3112765055493445,2
E1,E1_648,1.7313368254178392,-0.1431165011568093,0.758143818334975,-0.0823681158638912,0.9657579799600593,1.138538663024907,2
E1,E1_649,1.6096020580895152,-0.010887377354449284,0.7928193465312421,-0.07094246962396579,1.011132492588935,1.3628381997013794,2
E1,E1_650,1.5568749877193027,0.03898803821755466,0.8017928990927324,0.04147326265456936,1.0692520130193612,1.1430619017112358,2
E1,E1_651,1.553687675881344,0.03104783673778499,0.8134373192377163,0.1000819322630933,1.1184480555617577,0.9696065193836566,2
E1,E1_652,1.742020024371567,-0.14255019878331587,0.7646130114118216,-0.08089213808514181,0.9914682495365742,1.133331649758772,2
E1,E1_653,1.5416140325741376,0.03908152764744463,0.806474879781856,0.050663166184362535,1.0701866109022637,1.1239435374831401,2
E1,E1_654,1.5482042968876968,0.008335764372640057,0.8174016043680986,-0.02222300970821029,1.0448730038842977,1.2834090674731067,2
E1,E1_655,1.6312334734010543,-0.12695052531576412,0.7346070625543728,0.03014747102700314,0.8866618919092901,0.873890490078919,2
E1,E1_656,1.70496572968883,-2.090752872967469,0.09402336674745801,0.06839999521685629,-1.599969044977991,-2.4704425076157164,0
E1,E1_657,0.32458436064900853,-0.6360320373215289,0.5875427897963924,0.24915423847406193,-0.8596188215889952,-0.11184449453638644,0
E1,E1_658,0.19467910246739537,-0.5150094207756073,0.6917854701966938,0.17877059269907858,-0.715372247185179,0.349267001856509,0
E1,E1_659,0.2593491798960346,-0.7747630611428428,0.4204114249409261,0.36544860350723796,-1.315642133216289,-0.6793435711624971,0
E1,E1_660,0.15193340843109487,-0.6406292617743226,0.36290921488877836,0.40335622195975845,-1.448413359577817,-0.5584362448748292,0
E1,E1_661,0.20251191444243083,-0.6580098974282745,0.33949146639827826,0.20256848946602773,-1.5683933122464213,-0.04214812492142967,0
E1,E1_662,0.2536774744570259,-0.7611977974130666,0.4020608189823064,0.4012437882407297,-1.3355163187955015,-0.7628882074579225,0
E1,E1_663,0.18870239828985708,-0.7272429883379434,0.36936047986255083,0.37625090582453086,-1.4636660490753575,-0.6264000839316936,0
E1,E1_664,0.162960502019924,-0.7183077306718333,0.33361448672944566,0.3567144087619297,-1.5732068618602955,-0.5585848654150685,0
E1,E1_665,0.10958747841618159,-0.652888693250895,0.3685731385765831,0.3872971858432863,-1.4912955482574064,-0.5153985481089096,0
E1,E1_666,0.10695591705007897,-0.6512862723156913,0.3341132639521862,0.37731902601491335,-1.5753449699421385,-0.493674011566064,0
E1,E1_675,0.9463045588341308,0.01393213966448436,0.9366137611055462,0.4598005091806786,0.9987606221574816,0.17554653658109756,1
E1,E1_676,0.14634329440326588,-0.35294393516074274,0.4375263525424062,-0.012523104658743591,-1.337307115078524,1.0839338062668806,0
E1,E1_677,0.8576798509443664,0.10973588690096665,0.9451895327822322,0.46148035769930984,0.9906753404046955,0.3521162693037336,1
E1,E1_679,0.14063101068348183,0.42542756940538184,0.5267855317710904,-0.00392832138409979,-0.6861648909602568,2.2868576892545227,2
E1,E1_68,0.12722005449621393,-0.37530531005491935,0.006354949097226008,0.20727755834200068,-2.219919380858368,0.31125489366134207,0
E1,E1_683,0.3999583668305131,0.2699315549400407,0.9744287063483456,0.5049874421381705,0.7391541841229551,0.6455825034312735,1
E1,E1_686,0.4673256399499839,0.010440266156555208,0.9631970446842083,0.42839353638077465,0.5868886523842775,0.4352343511388441,1
E1,E1_687,0.17949502019758365,-0.23666515495342352,0.8364234768981033,0.11383328553415095,-0.2778663292570998,1.0086281668476875,2
E1,E1_688,0.4746092929156416,-0.025552414018943172,0.9642593373980125,0.38339219484556064,0.5516799728638992,0.5047148511027707,1
E1,E1_689,0.6847269668705817,-0.013907519283970542,0.5796598764629077,0.03550807073696822,-0.287450579406621,1.3218381503511651,2
E1,E1_69,1.367162444141197,-1.7552791822442328,0.385962543574244,0.012087477835589472,-1.0996255056464068,-1.591582218591159,0
E1,E1_690,0.6184761031922744,0.36121510391252865,0.9179280434277334,-0.005336712446606878,0.6047094887397072,2.135737748637244,2
E1,E1_693,0.15183257794699023,-0.41326278454689264,0.7641469756811442,0.1593754952731679,-0.544743413547371,0.5967371232130874,0
E1,E1_694,0.5124872309281562,0.34446871745580127,0.6095674357630033,-0.013257165154121774,-0.200774045474194,2.081242971487152,2
E1,E1_695,0.21927842076661155,-0.6214692626360002,0.06642055867635652,0.07610741027639105,-2.2098403847034778,0.2874703072614048,0
E1,E1_696,0.28171628516408187,-0.06283763243837273,0.21605506228448446,-0.003440384261410677,-1.5326465347198004,1.394209038359795,0
E1,E1_699,0.06132748447789172,0.21097934090596782,0.31425807455737426,-0.0003074741567280023,-1.3602798735691153,1.9131162568332416,0
E1,E1_70,0.07279183566515819,-0.2793038738806728,0.4996443043257287,0.014877839494081772,-1.2104800348416649,1.1636762241560923,0
E1,E1_701,0.08257864611903244,0.27004081098430677,0.37268141933404014,-0.00017517535558505377,-1.1748316560068703,2.0130323334538844,2
E1,E1_703,0.043171365256318435,-0.6360432682642186,0.12363458693648856,-0.10412722544523524,-2.351021873650041,0.8529221618030342,0
E1,E1_706,-0.004858459769901932,-0.37785696280865116,0.5060772552599033,-0.0036542569049790316,-1.3364237272309545,1.0933621358115433,0
E1,E1_708,1.5362432231644487,0.011852467562440515,0.809703889395246,-0.004145534583591813,1.0278168310076998,1.2397317195044972,2
E1,E1_709,1.5364653909818684,0.023657175770202897,0.837348375421901,0.03896498127213875,1.1194531600320348,1.1439043018836286,2
E1,E1_71,0.12875929193800761,-0.1758391969211491,0.12884908161306455,0.002845774827869161,-1.9351408181998082,1.2311440249289902,0
E1,E1_710,1.583344688409313,-0.0747843773231773,0.7734002040850609,-0.06426874864355783,0.9091597688058486,1.2491741943092765,2
E1,E1_711,1.4760592358732874,0.05227205523061247,0.8382543144181146,0.10714498030361876,1.1166975998628423,1.016800957455528,2
E1,E1_712,1.4853551867649246,0.06946223278897741,0.8483353916140606,-0.011815753202227166,1.0957335681822122,1.3791961326175464,2
E1,E1_713,1.6139809360339874,-0.05627975551783226,0.7822821000602562,-0.05288452144112407,0.9747568711650121,1.2372698262524806,2
E1,E1_714,1.420901053811497,0.11261809689693943,0.8248178651916771,-0.0015985018307384025,1.012458313095415,1.432779751730635,2
E1,E1_715,1.428735912286,0.07184979517690265,0.8426887370486832,-0.07822765930196017,0.996110781810683,1.5889319149215613,2
E1,E1_716,1.5539117462861267,-0.015562225282836812,0.8400461380438882,-0.08855304865636442,1.052408211260044,1.4385650796951033,2
E1,E1_717,0.8689780405643439,-0.6791051597202383,0.6012279083354154,-0.034746747527814634,-0.4878612812213925,0.4365422352471363,0
E1,E1_718,1.7136709632429434,-0.2318209584205499,0.7131597115338354,0.23655607265661185,0.9638164581361726,0.09359926072294232,1
E1,E1_72,0.7172401068890242,-0.7963936763470433,-0.015182144199820793,-0.003902367724096571,-2.0653460742991765,0.04531112308776875,0
E1,E1_721,1.1972793525853023,-1.0095640907423156,0.4608324783982679,0.22385379501496017,-0.5485003741749791,-0.9596400810427411,0
E1,E1_722,0.30998569232742906,-0.40353779254376343,0.45997224970632294,0.2029174098730571,-1.0486959943892542,0.34574902712264094,0
E1,E1_723,1.5930921029746847,-0.29161253127270453,0.8886559683151101,0.3455867242089995,1.2656797389040095,-0.21399568210841524,1
E1,E1_728,0.551605301075112,-1.1123062313610628,0.36069040588051987,0.04771709607654125,-1.5356179521566133,-0.42141452128882717,0
E1,E1_732,0.2803315598092865,-0.22809504637928438,0.5561326905150304,0.23479466831584386,-0.7425760136617175,0.5640362575063215,0
E1,E1_733,0.06307776399642157,-0.49564956175766633,-0.05078689553005371,0.36510464168918705,-2.395863173594518,-0.31416788393263534,0
E1,E1_734,0.7021777804618112,0.07943157727745373,0.8315668876888982,0.42500060968396897,0.5521480776157058,0.43072023048589364,1
E1,E1_735,1.2257347926651854,0.10309600330795589,0.9514475781622788,0.16309408334291564,1.1925724567312463,1.057567621328719,2
E1,E1_736,1.12686829830823,-0.05359066518701076,0.8895550204479494,0.3925079070601888,0.9895505516800711,0.18463425964074393,1
E1,E1_737,0.3591883483999335,-0.5588874266813639,0.6127285321573293,0.035972805195260554,-0.8373474188779861,0.6047189052746811,0
E1,E1_738,0.6047627610584474,-0.854627803901829,0.23912182532394097,0.1002910682011795,-1.580757423236847,-0.22647036027301948,0
E1,E1_74,0.12350578979388914,-0.45006674111335715,0.17864298764428932,0.1166108905262499,-1.9280640865278225,0.5030328553595484,0
E1,E1_740,0.3846077146686398,-1.6916923509035653,0.7085993226297072,0.10897004055487383,-1.2177971552951823,-1.3289727203737731,0
E1,E1_741,0.47066974259278216,-0.7185193846074144,0.19261042727860853,0.05859813030872259,-1.7546823672578917,0.13504459030926527,0
E1,E1_742,0.006703633658239973,-0.9535249128526041,0.1351497916798663,0.00627731702456058,-2.4861638198314293,0.06766622908265676,0
E1,E1_744,0.27176531061773573,-0.445744153772141,-0.04023830373568887,0.21281636489196043,-2.225677209606151,0.12278112047206402,0
E1,E1_749,0.20871109892350298,-0.390094508870835,0.28709793088466934,0.08236293562107977,-1.5874440115602428,0.6933627634634524,0
E1,E1_75,0.3418880406823504,-0.5514924070127716,0.21944199320804628,0.026154517401742693,-1.7363447478196807,0.5372194152955267,0
E1,E1_758,0.2657180021358274,0.16670673650749174,0.4203327814354986,0.5665257294318439,-0.6578188835394188,0.2009609917346883,0
E1,E1_759,0.044332498329373714,-0.3636257531508479,0.059279686842436896,0.15977690814800358,-2.197757858259897,0.5078926619621498,0
E1,E1_76,0.06776582347416556,-0.3736245223348983,0.11041893884707918,0.02123648952991993,-2.1393413510810726,0.8905253311946665,0
E1,E1_760,0.07389261943769763,0.5933885682918729,0.6826770567958126,0.006733971236376882,-0.296655425846227,2.583767671346833,2
E1,E1_763,1.2952679090857726,-1.903414147130839,0.4402517146854121,0.06133217836594905,-1.106097525514158,-1.9182148771286756,0
E1,E1_764,0.37633356507461674,-0.8468654754387186,0.29097675569729753,0.27656296122016694,-1.5836501600685335,-0.6174995813947863,0
E1,E1_765,0.38894952215480244,-0.7991308399915371,0.2626121900160806,0.18588500069970987,-1.6551182583759674,-0.30017125395207794,0
E1,E1_766,0.6740222383494009,-0.9842179520350556,0.14356394505359055,0.5845457266802464,-1.550981401441323,-1.8468960678832247,0
E1,E1_767,1.2922024733618962,-1.6720699506876557,0.13008780175081527,0.006018576504870372,-1.6990824054309985,-1.4931404269535065,0
E1,E1_768,0.0742225649424436,-0.6151108397980195,0.030591877801275494,0.50494602084856,-2.1989416253153826,-0.8741882982965781,0
E1,E1_77,0.08580298047563446,-0.36462969071199447,-1.0994131626247696e-05,0.004160118878342535,-2.3736030634095657,0.9146520742613554,0
E1,E1_772,0.5808971949975199,0.30547460366321394,0.8386907442605845,-0.021329655175006484,0.35076942503838,2.0855585822334044,2
E1,E1_775,0.6555942569730101,-0.2666685783877622,0.7027677665353249,0.012764408683389383,-0.1976518479091326,1.042127800405344,2
E1,E1_776,0.7870409890702608,-0.3847455060370827,0.5671608368138653,0.0047724331103642615,-0.45012282567268136,0.7975790421743725,2
E1,E1_777,-0.014762807985254253,-0.6466602365453502,-0.005223367114910468,0.427175147044616,-2.4224708033282223,-0.6818968853957734,0
E1,E1_779,0.5203300194750825,0.22819429673301914,0.17754526268511023,0.25739480545855026,-1.087668359175132,1.0103368313743648,0
E1,E1_78,0.7482203320928579,-0.8967373018730113,0.09547124773394472,0.02897703949869791,-1.828980561666834,-0.18147142636684518,0
E1,E1_780,0.17715395563011863,-0.7542523949490259,0.3300399490295147,0.229018244159414,-1.6555833449104511,-0.25902614400185536,0
E1,E1_783,0.015408642357075644,-0.34205282973312245,0.2525515731853215,0.40171116652533917,-1.6524739576432899,-0.07718300595009871,0
E1,E1_790,0.06810449279716321,-0.8216362750259478,-0.7128703173531832,-0.5171315339983327,-4.527140406227528,1.4858116331758804,0
E1,E1_791,0.10182970488518689,-0.6459437675939296,0.9558750146985495,0.47347623701292274,-0.1326558443776134,-0.577217275955016,1
E1,E1_792,0.14506897690843812,-1.0459537360483733,0.9235592303855094,0.7221918468342009,-0.26612510159923725,-1.9212839959743981,1
E1,E1_794,0.19519525210956962,-1.0722171159814662,-0.6316962266353885,0.6194289999915402,-3.7748416640920492,-2.134761822750818,0
E1,E1_80,0.04879605740166388,-0.162244870967508,0.16890554335295035,0.2793030266494055,-1.7681910081953065,0.5102306148994903,0
E1,E1_800,0.16302220507465948,-0.03735318766686607,0.001287653927074044,0.09792949907683313,-2.058511552889085,1.1271560524809405,0
E1,E1_801,0.35167372725298196,-1.0228682274229783,0.17218439501558053,-0.02173798100289808,-2.131818185369168,-0.0708695481425464,0
E1,E1_807,0.24227455302072426,-0.16189894754295073,0.9650416763406511,0.3502390277162736,0.23717183274827217,0.47033558548407617,1
E1,E1_808,0.3161164146729416,-0.9561904479953564,0.07793856506126044,0.26310935122205403,-2.1887736802910194,-0.7878261145657129,0
E1,E1_809,0.02830310186124144,-0.4040917086901269,0.16568842831001304,-0.011853296590915033,-2.0877723803082207,0.9668500711370208,0
E1,E1_81,0.06778962024100464,-0.3630359263907857,0.009052972155989696,0.10866904168156813,-2.314625895930942,0.6306178484891616,0
E1,E1_810,0.23175292519249507,-0.6346193703232418,0.888657526092892,-0.10404207513874644,-0.45655078443317076,1.0077790586634885,2
E1,E1_812,0.7004645440603351,0.07277990045098452,0.897226997370507,-0.04220265333623507,0.4490545719979547,1.760612830098101,2
E1,E1_814,0.09966614936497478,0.248018222934779,0.48757580739297596,0.04352758381676251,-0.8909523054553335,1.8824694130458202,2
E1,E1_815,-0.04489351907919604,-0.05508465062921713,0.49242331642460624,0.24175615945069742,-1.0889001625104984,0.9072593639106517,0
E1,E1_816,0.2999615807541412,0.36852398111935813,0.8685432456851702,0.056029548545334644,0.2291539821917346,2.071531606239925,2
E1,E1_817,0.4267285020718582,0.1858558989573587,0.785695756475934,0.25269287779473215,0.16029269191620246,1.1656761133379203,2
E1,E1_818,0.03009094149522679,0.10793843464711234,0.7902455861122103,0.031526190099574636,-0.3657568293872795,1.811772101721685,2
E1,E1_819,0.5396614398224978,0.11355322974453773,0.6836773522655285,0.14903243609987626,-0.05793584902908229,1.278263847838282,2
E1,E1_820,-0.021453471933918864,-0.4716626901752788,0.09678763281685711,0.630122886225917,-1.9921287771944112,-0.9542971000775992,0
E1,E1_821,0.3270569354126384,0.3651826080189823,0.7925649338111435,0.1391561422441515,0.12604945571605128,1.800072713454289,2
E1,E1_822,0.5579171207531433,0.11311733715194847,0.7485168653915677,0.2451163026632228,0.15480282793339123,1.0181355451588971,2
E1,E1_823,0.8946056074700728,0.04221812320787851,0.7380366530810493,0.01866999013745018,0.28989708037271716,1.4274335969140817,2
E1,E1_824,0.6923354392838826,0.4018826515243505,0.9486133649050861,-0.02193703422576257,0.7582724473875717,2.228129106942391,2
E1,E1_825,0.5878119957417928,-0.5464007458189489,0.6157185622416268,0.07333423991522524,-0.5875973505095206,0.43869829617504597,0
E1,E1_826,0.5096322074547148,-0.11099649889362008,0.7767233035588411,0.11129877766370876,-0.02786259028622459,1.0761050442973275,2
E1,E1_827,1.4435776953317287,-0.3887365710866197,0.9630185594538798,0.015280003536299392,1.0615271038356289,0.6440151092735011,2
E1,E1_828,0.41731192418591634,-0.22746778102875795,0.6685849616312265,0.13861907401938037,-0.4109346934856945,0.8208789165801087,2
E1,E1_829,0.023280245237016096,0.036628761215699746,0.5203651388012824,-0.002637564984274207,-1.0365987752665802,1.7234778205971146,2
E1,E1_830,0.029267220045644842,-0.3611281919703074,0.052926198246662795,-0.007016476942137411,-2.3122050048774474,0.986727030970435,0
E1,E1_833,0.7507228495072739,-1.550567517862223,0.18689581127192983,-0.017833262245746957,-2.0257677562417475,-1.031496290278263,0
E1,E1_834,0.7489131590690505,-1.636337997565599,0.08072864180517525,0.005222746184144286,-2.3032310617178995,-1.2586589768255902,0
E1,E1_835,0.48178545169622894,-0.934438473442581,0.16903102473236228,0.008828184554052597,-1.9484779075775411,-0.06770949467966479,0
E1,E1_836,0.6120084112937348,-0.018226582739827475,0.6635012783573803,0.21561572933073692,-0.07636950961727348,0.8556842559387929,2
E1,E1_838,0.015287281651876202,-0.9497054931978804,0.46047564525454504,0.02957799441477431,-1.7342080906638246,0.09792364203000987,0
E1,E1_84,0.09709170195071877,-0.38263043991744095,0.16390413162426895,0.005891774952270126,-2.004957863775957,0.9250287537821388,0
E1,E1_840,1.4098221393483645,-1.4467871150657003,0.08010536602302883,-0.04648735623141288,-1.596628108180088,-1.053255821198328,0
E1,E1_843,1.475903090563935,-1.150651907862766,0.7705426414671667,0.5910806371448059,0.5199260369423911,-2.224511039918408,1
E1,E1_845,0.46684598967657653,-0.025969846857457193,0.6035353500019471,0.6139539530287692,-0.14385974915600114,-0.24836936914630056,1
E1,E1_846,1.6636716908710436,-1.040290102837364,0.5518146308264749,0.3847835765854247,0.16306736824680726,-1.6000723265742514,1
E1,E1_848,0.24049723569493028,0.5971905553036378,0.5706119834131279,0.3869056368538765,-0.18892342627022946,1.4241421306446294,2
E1,E1_849,0.018119327244782435,-0.45480711176162736,0.09523160005342271,0.28583039526552884,-2.128824561145472,0.030566043100228955,0
E1,E1_85,0.023966417000304288,-0.4474526652693229,0.21730881174498695,-0.011811648684485086,-2.0012891986908765,0.9162298793973692,0
E1,E1_850,0.722427923933427,-0.28198946325096835,0.5261709156817531,0.4309314820894929,-0.3201550424420451,-0.23774386659314617,1
E1,E1_852,0.021513958822308693,-1.0187126403958657,0.07977449787177403,0.5324054755896982,-2.3584552723017422,-1.5411807609862935,0
E1,E1_853,0.06974209352311185,0.1917943429618713,0.20980502448729002,0.7744080074629769,-1.191681587373387,-0.3393700831848533,0
E1,E1_854,0.3182884662769722,0.07653786123715069,0.8261597165727061,0.007072877288042986,-0.04371969105025079,1.7413146359914249,2
E1,E1_855,0.9074452315533518,0.25971692779698363,0.989907180931018,-0.03863465069745495,0.9630047076903616,1.9923159291599677,2
E1,E1_856,0.3145599464643937,-0.14029945848635844,0.2028932689264087,0.5859826958442578,-1.2671945961801783,-0.4067293841479094,0
E1,E1_858,0.43979056567707236,0.14584548206252337,0.34124271031620457,0.4135976967158215,-0.7627692148865761,0.5171458436147952,0
E1,E1_86,0.08111755521509204,-0.3177590783526026,0.14225117388915007,0.06537272111622326,-1.999779923646777,0.8562815653788857,0
E1,E1_860,1.1335246008388276,-1.2455221844126418,0.11845186939694918,-0.013924780335307911,-1.638041134291157,-0.7268304422213787,0
E1,E1_861,0.5638039581230931,-0.8593222851645338,0.2633724437252859,0.019033383807452193,-1.6104284452602067,0.017373605222044456,0
E1,E1_862,0.043135900740100305,-0.45908315128012445,0.07479331654555353,0.01882214293222952,-2.293392164622588,0.7641023850930331,0
E1,E1_863,0.09665466427001214,-0.434074021203153,0.38896854479528975,0.13456771407095122,-1.4631941452699562,0.5466686712547355,0
E1,E1_864,1.2814492744557757,-0.2731325901145902,0.3947759764664868,0.7973610083641305,0.11109468325304853,-1.4944571161957754,1
E1,E1_865,0.8830231448700127,-0.011334793772040217,0.2421718407935335,0.6944783162928442,-0.5097810542510398,-0.7035881905933156,1
E1,E1_866,0.03376984843840073,-0.5078634748171493,0.24458431022739832,-0.007887643641895935,-1.9638810999085432,0.8163994935535773,0
E1,E1_867,0.792476343012505,-0.1126456379198797,0.8276104447581422,0.7961863157179538,0.7116698295877362,-0.9475292488240729,1
E1,E1_868,0.3185230169496292,0.02320844763931001,0.5541621923031669,0.6160254528232326,-0.36519568838751076,-0.14035593418811654,1
E1,E1_869,0.4257854924747585,-0.08987112957111588,0.9089616324438751,0.03867287393476437,0.16353791107247087,1.3814008113469203,2
E1,E1_870,0.43984984623004375,-0.4582624223329293,-0.06239211196371006,0.46264542034302913,-1.9927348041917707,-0.6682830598144686,0
E1,E1_871,0.708134821819325,0.2920161748146708,0.9602780158098704,0.8128325141764033,1.1730225988034708,-0.3031922325949688,1
E1,E1_872,0.7214971480020728,0.00977211248412694,0.9402842161318229,0.6736186332498183,0.9040124414460117,-0.355083682651129,1
E1,E1_873,0.4117216812522467,-0.7426689934118861,0.0383001643702652,0.6108923498856759,-1.8810131523702258,-1.4869112684869497,0
E1,E1_875,0.49868883038744305,-0.1954568977595262,0.5907123456365755,0.7575102211315287,-0.1656699039595185,-0.9302840100770668,1
E1,E1_876,0.34330899207332005,-0.7732571225517293,0.3020235844035049,0.5663688257574662,-1.395512415444429,-1.3084994478169034,0
E1,E1_877,0.40896990136613115,-0.6650942266315499,0.2117171180751966,0.6963018538813758,-1.4050031148550886,-1.5581117449390463,0
E1,E1_878,0.3011006788693557,-0.3051737360213321,0.01813316065200755,0.6185559630926621,-1.772827308417001,-0.8011382753153811,0
E1,E1_879,0.5708849347522239,-0.11686195379242495,0.26184789499185307,0.08041662955556118,-1.1439195310441583,0.9851958934347024,0
E1,E1_880,0.5676092125347181,-0.9037792647139067,-0.0348619094949238,0.6396221311750645,-1.976103943441502,-1.8922953525289357,0
E1,E1_881,0.4477821819711771,-0.5031099995015531,0.18709801698608905,0.28824624551784495,-1.5432812557445423,-0.17567167009387294,0
E1,E1_882,0.4443956576974589,-0.27643215599168447,0.3122112612126279,0.11355327642767919,-1.2259061212090843,0.7045738956086465,0
E1,E1_883,0.15484576323553212,0.640434823449591,0.5914836106282574,-0.00351617118578024,-0.40261578974418777,2.630601758698253,2
E1,E1_884,0.6723257759449303,-0.02522470525380785,0.9210303770976415,0.0639069126792846,0.47451598396480094,1.3263443818059957,2
E1,E1_885,0.6605229785657222,-0.5769872249254465,0.8154593188786156,0.29353221752748004,0.02663674534663631,-0.19925451306640873,1
E1,E1_888,0.036643563808953464,-0.5300306077131572,-0.010932247780378816,0.40964645173188907,-2.328125371989067,-0.4723355676895058,0
E1,E1_889,0.6863501575256109,0.5762487763230061,0.9662746711884381,0.07932248539549941,0.9465078950342144,2.2177851117946816,2
E1,E1_890,0.5929436179043095,0.10734988263654466,0.959574776866964,0.00011689018590813051,0.5294048442042378,1.7499956903285505,2
E1,E1_891,0.31499298688924143,-0.7539469542056386,0.18981811794337305,0.14710082479042635,-1.8823634355151444,-0.1157218997127704,0
E1,E1_892,1.0459277784300833,-0.34713661105327914,0.86350450346551,0.43231332775152576,0.7050241463925474,-0.3592668527595554,1
E1,E1_893,0.2972645098057232,-0.6201872047877157,0.41748432831056703,0.3721178338754467,-1.1931071692584918,-0.47415579670185676,0
E1,E1_894,0.739803781111119,0.1797300295683294,0.9454134906789682,0.6792026621657391,1.0344277992101216,-0.11390702126886502,1
E1,E1_895,0.8506236884792627,0.3115097303521373,0.9702421206196113,0.8091241772323537,1.3394946522853826,-0.30998500066895596,1
E1,E1_896,0.5487754197671905,0.2478089362797485,0.9411916463305413,0.7167176959527187,0.9034839494866833,-0.04897633782727833,1
E1,E1_898,0.08239926211009435,0.25482358320576237,0.33265573381501656,0.1971633902068988,-1.170166674964834,1.4203202250132079,0
E1,E1_900,0.0822756137203217,0.23205496939614653,0.393784025151337,0.18624228641540402,-1.05217057650164,1.4336690401287933,0
E1,E1_901,0.35184669664212875,-0.016370041647420737,0.24962801324492145,-0.005827876378107513,-1.365320485660118,1.4575025953612823,0
E1,E1_902,0.028252615809225032,-0.3207207715454378,0.5196361956983602,0.1084061442678896,-1.182813618830309,0.8568683585802458,0
E1,E1_903,0.638795265913949,0.06638081273731533,0.6145411845413242,0.10777283232606752,-0.16819969550735603,1.2674692730273727,2
E1,E1_904,0.08901617049909477,-0.40325382217248695,0.12415954542828139,0.014288344334325317,-2.109279842381503,0.860958307880789,0
E1,E1_906,0.09098227040259266,-1.0480196218980171,0.15302145923386895,0.22591057541934623,-2.3061570895613763,-0.7233949890430438,0
E1,E1_909,0.35315637315221643,-0.3046836829998274,0.3217308864479599,0.42644009609201317,-1.1432919928133876,-0.18859662448995942,0
E1,E1_911,0.6036502079316957,-1.4087570889144727,0.3143913550872989,-0.0010788375494145293,-1.7878901045060718,-0.7719626899775586,0
E1,E1_913,0.5992022681615153,-1.6407557333847227,0.07389245079951866,0.0030510615725655773,-2.463848638453455,-1.2085696516455013,0
E1,E1_917,1.297300754365709,-0.5051241649587824,0.8778425734643979,0.5610282006647113,0.9506287997674264,-1.051022197749081,1
E1,E1_92,0.2937068507760309,-0.6462142093960368,0.011378557831524768,0.01592650307357715,-2.308762815714129,0.37746869901415375,0
E1,E1_923,0.22401164554584663,0.43818744514547064,0.9295175529162686,0.42724598312116585,0.5290085264991281,1.1737439540732124,2
E1,E1_939,0.8913929032406843,-0.2269643025854022,0.6030139914850626,0.276585586365334,-0.03700374620240211,0.24590467899948218,1
E1,E1_940,0.8670228595651339,-0.16871585191605457,0.09558164668615447,0.7281685352690613,-0.9273006965828874,-1.0777690808922746,0
E1,E1_941,1.5047438722402988,-1.5243890935599653,0.8165175482047432,0.2753223831896229,0.2678283615981402,-1.9048841390518054,1
E1,E1_942,1.3716638313688718,-0.3440825411944232,0.8048662803691885,0.5782209167947936,0.9598456662385922,-0.898533442410616,1
E1,E1_943,1.570345428573782,-0.8118000804849407,0.8058253454358996,0.03803572092970771,0.5952735718800047,-0.16203672796316443,1
E1,E1_944,0.3360932076761253,-0.3302829651129126,0.29995190084367823,0.30095228008907704,-1.2888814378261677,0.12645153931108555,0
E1,E1_949,1.271588735713247,0.08279279450015818,0.8900860243214863,0.6833380627010645,1.3591943592559057,-0.47811757686226397,1
E1,E1_951,0.7875304958604227,0.3374822852344474,0.43635722430567253,0.6552620846819862,0.01725795229312965,0.03415861331730301,1
E1,E1_952,1.2449728276270557,0.15049459490934042,0.8548085993567689,0.4681094802451069,1.1814487019915045,0.23390436068344422,1
E1,E1_953,0.5431740100047469,0.43501887741285644,0.6009295137472304,0.7051666472508581,0.2379266954026362,0.17663285614658697,1
E1,E1_954,0.6767363355510168,0.39130942643044736,0.7297529822746837,0.5445789270010756,0.543546061557935,0.5531248686090183,1
E1,E1_957,0.27617599062062603,0.15893119116675672,0.5898968288295605,0.3687258334659677,-0.37591729732930346,0.7930562691710673,0
E1,E1_958,1.6757475044587593,-0.938943675628036,0.8795180247982687,0.06514547337133104,0.8005701848184247,-0.45061535402588154,1
E1,E1_965,0.8642415840085381,0.2862291774296038,0.7539211026454806,0.637800907192207,0.762906553201839,0.06855142227349192,1
E1,E1_966,0.4474693488532482,-0.017991874468616074,0.4021932823919324,0.6089973180325319,-0.6115776944251617,-0.2729576691026994,0
E1,E1_967,0.14558309388557558,-0.3915419493074325,0.6028869414580047,0.13328575079284166,-0.9132743227851347,0.6599373484814217,0
E1,E1_969,0.10872837561968945,-0.12920196116275276,0.18970316277223268,0.5486945227512535,-1.504527734427153,-0.2155180777018764,0
E1,E1_970,1.7829820472245974,-0.496058310073098,0.6165090395563653,0.698000459178872,0.9010633399134783,-1.6701937731851992,1
E1,E1_971,1.1681375376736927,-0.609663782782073,0.5022391921897935,0.493200360319471,-0.10990084818391578,-1.082589504934505,1
E1,E1_972,0.8986533434005164,-0.3018626606069343,0.9221915162711615,0.5584303646030747,0.7896970123136188,-0.5773216496115283,1
E1,E1_973,1.1781623759029598,0.14740032571062017,0.9760061978694673,0.21364339685571349,1.2548558608020208,1.0067455103937402,2
E1,E1_974,0.2098940235994193,-0.2544638683403144,0.4619605898134566,0.43790250949364046,-0.929209263995902,-0.052953292550603194,0
E1,E1_976,0.7997261098937796,0.35970954603257754,0.828699044882144,0.7881179574693928,0.9909828429647926,-0.1989714977366633,1
E1,E1_977,1.4534076926398987,-0.23907677240761577,0.9505259340834514,0.6722069992313567,1.473952550660846,-0.9894133900312071,1
E1,E1_978,1.4114357418544252,-0.09993679601982874,0.9185536120473753,0.7463845165567613,1.4822273216168267,-0.97904695095569,1
E1,E1_979,0.8008142608681661,-0.8533496479463407,0.36963973182454546,0.15505420081105498,-1.0732715586284152,-0.41092932689598044,0
E1,E1_98,0.04247330870537368,-0.6088928420188849,0.08826563248430606,0.08806169601311706,-2.314506993194665,0.3415816932895492,0
E1,E1_980,1.6231199312961704,-0.9170834499582675,-0.005175914464394168,0.46167431323298286,-1.0122822251617187,-1.7729394069724187,0
E1,E1_981,0.5443440412732997,-0.06312006323256343,0.5417191868430119,0.5632037305240234,-0.2573278284484132,-0.20717198879919682,1
E1,E1_982,0.5676275668684149,-0.3536294202538094,0.3211270387986797,0.7400607351396113,-0.8058838138037212,-1.2262890859588709,0
E1,E1_983,1.4618227445232221,-0.2428983767040489,0.9552241559142222,-0.0223189025535954,1.1262754887924875,0.9664075668472163,2
E1,E1_984,1.4622002591577314,-0.19334394654855183,0.9521950035768245,0.2664996248977929,1.2999604142599934,0.2253297827678232,1
E1,E1_985,0.3386657123648097,0.09548948418796714,0.5287936632531877,0.4294149534727296,-0.4588479939136078,0.4841993875375046,0
E1,E1_986,0.2521209341789834,-0.5478455820517961,0.2160256934401509,0.1017813250400789,-1.787152764330684,0.3596843896853359,0
E1,E1_987,0.6627980466100085,-0.7716982272880247,0.33596930297943045,0.30608601609157254,-1.1527402596635308,-0.673086304557945,0
E1,E1_988,0.05852617944669545,0.05688370471432899,0.03175343948303882,0.6277780803462875,-1.7566623873983989,-0.1798837917041298,0
E1,E1_989,0.36945833856611676,-0.6611775445639149,0.44440035282881857,0.07124970755200775,-1.2459441724768767,0.295476103970897,0
E1,E1_990,0.8300131142970626,-0.16763794194320786,0.8023054666140846,0.5373761051278929,0.52288220748054,-0.32113511771362935,1
E1,E1_991,0.6477776068674722,-0.2658370629191588,0.6650556936672911,0.023930386077715894,-0.2832642030033204,1.0037862637011392,2
E1,E1_993,1.124637967073203,-0.9907912562685522,-0.290022035720899,0.5826550202838925,-2.101763255617322,-2.1346563409455164,0
E1,E1_995,0.628548647005992,0.10684108175886807,0.5328116085245838,0.4955844059203428,-0.1344208261817171,0.21371624793869523,1
E1,E1_996,0.7787661252933349,0.15723599076145048,0.8274950365443541,0.7929655350513787,0.8534471583279934,-0.5176901190264761,1
E1,E1_997,1.6666657457234617,-0.5983989156649486,0.8271839826565183,0.3030341393407189,0.9970200333470565,-0.6100526367242148,1
E1,E1_998,1.6910658720805951,-1.1173301460575644,0.7606848127992446,0.09085769482203634,0.4585272790352772,-0.8376882777149229,1
E2,E2_2013-8_1,1.0432123412358063,-0.28271923930743376,0.8980523638472225,0.20395831615503582,0.6976512067039577,0.39640034706327165,2
E2,E2_2013-8_10,0.39280184712730726,0.17058400412862537,0.6212126942167548,0.033728632944372935,-0.36418895688759384,1.7259147120676228,2
E2,E2_2013-8_100,0.2332178645810987,-0.41487884950951726,0.07264593456275015,0.27327466106196063,-1.9594344384783666,0.04537791395644583,0
E2,E2_2013-8_101,0.2613538619986311,-0.6553465141757862,0.3880742321689141,0.3831386011157584,-1.3076472530426382,-0.5552828101254733,0
E2,E2_2013-8_102,0.22092334886841805,-0.20393060063782714,0.052104823301754394,-0.008331077452459104,-2.0422118735722066,1.1649905511335892,0
E2,E2_2013-8_103,0.338247956619107,-0.3814644386807406,0.15724340102568107,0.005277472805714907,-1.7914660923212011,0.8417330981973263,0
E2,E2_2013-8_104,0.1943133228955277,-0.07005112991361158,0.27543845515675575,-0.006677614637133856,-1.4880483579051786,1.440044035731799,0
E2,E2_2013-8_105,0.2623912356428859,-0.15646451546468187,0.3041985999470039,-0.0034588577183028283,-1.4076655075490092,1.2820373622363213,0
E2,E2_2013-8_106,0.2289401786428903,-0.27726367228443377,0.24485955197052503,-0.008701632108261987,-1.6452269344269645,1.1054517134617998,0
E2,E2_2013-8_107,0.281655052787195,-0.33659955508435513,0.2797250646857888,-0.007763577503930986,-1.551158973230189,1.0027840284236296,0
E2,E2_2013-8_108,0.18344695165119035,-0.12083814955148159,0.2653726731336494,-8.932346430646047e-05,-1.5469274075101782,1.3440881446414414,0
E2,E2_2013-8_109,0.3024335152115528,-0.09786780222280679,0.3184577790167528,-0.005766594910291971,-1.3050143651349488,1.368857208134976,0
E2,E2_2013-8_11,0.32084137621334285,-0.5721839357869923,0.46369399830385544,0.028555852193232843,-1.2193690750746584,0.5759726585736933,0
E2,E2_2013-8_110,0.37690792648579663,-0.3055315417918991,0.3068136027948601,-0.008950175894180698,-1.3829238100836854,1.0282436946304316,0
E2,E2_2013-8_111,0.2673509378368935,-0.21373271259344098,0.11027964032159596,-0.011476742762260852,-1.8752097075208198,1.15910413413057,0
E2,E2_2013-8_112,0.23802074874116383,-0.0620712533265629,0.20501275835440042,-0.00708920759000745,-1.6001960539380111,1.4179261570357915,0
E2,E2_2013-8_113,0.12640598590263838,-0.2057086342425211,0.14295974945052606,-0.00797249414161108,-1.9287399462924602,1.2205649815107629,0
E2,E2_2013-8_114,0.28297214420323097,-0.5547648636723584,0.022478052239321054,0.07020804068647045,-2.2124895247386327,0.3719254739220438,0
E2,E2_2013-8_115,0.29571446364413384,-0.48025564455590813,0.12751721951627573,0.14391789386404608,-1.883046098208929,0.30401574675992815,0
E2,E2_2013-8_116,0.2653164781027181,-0.5080995316836564,0.04367317721239842,0.0750116840856647,-2.152055175087439,0.4425597398080683,0
E2,E2_2013-8_117,0.26404281595765383,-0.5624750340401018,0.10506775335039717,0.058021992593087005,-2.0560803519403636,0.4248325841722954,0
E2,E2_2013-8_118,0.2825801729841135,-0.5543153598126905,0.0523892482745827,0.10896446607950097,-2.12522620267097,0.27177195712453767,0
E2,E2_2013-8_119,0.31801427025969775,-0.6555321766108438,0.08827355494962927,0.06505215293529586,-2.093035505892607,0.23772060554593044,0
E2,E2_2013-8_12,0.8123087886314889,-1.0987058227052773,0.4731287572582433,0.03949563180317475,-1.0333757340530199,-0.4367830756588655,0
E2,E2_2013-8_120,0.3662843374138749,-0.5562269381095767,0.09617084198331524,0.07481464856135582,-1.9669069421624328,0.3484382230676503,0
E2,E2_2013-8_121,0.33460338133231954,-0.6814907890007583,0.15450660457960882,0.05015393148540686,-1.9517243748368496,0.25297398945514926,0
E2,E2_2013-8_128,0.2717696433845141,-0.5775438451546653,0.06395150530484964,0.08401120830137176,-2.136088879782219,0.3136330691124313,0
E2,E2_2013-8_129,0.28285458629849075,-0.5088503921005639,0.02367420391808881,0.10942329795095633,-2.1627115473140925,0.3322168055313016,0
E2,E2_2013-8_13,0.06094411352737111,-0.4551301907866992,0.09081251185269539,0.14281520531001876,-2.173362968051403,0.41800500245187666,0
E2,E2_2013-8_130,0.2816925036552457,-0.56532451733786,0.03266525973943743,0.07946753116770232,-2.192137670307658,0.33284670986221815,0
E2,E2_2013-8_131,0.23059505498328758,-1.0264442073827806,0.21099045095344438,0.3903126368900211,-1.9454705879536325,-1.1874293443715203,0
E2,E2_2013-8_132,0.2422947673167338,-0.9694449885149451,0.3885901058435878,0.36426179452969826,-1.5167694186327334,-0.9791477976430769,0
E2,E2_2013-8_133,0.2434351747841917,-0.955342537067788,0.4712946565434324,0.35853572739978223,-1.3250726656946608,-0.9179190403881622,0
E2,E2_2013-8_134,0.22099720923713226,-0.8105932098253247,0.6670239827561134,0.2805724610997712,-0.8642652664225582,-0.4104301686766416,0
E2,E2_2013-8_135,0.2567266855307715,-0.9593966615689935,0.576122479350989,0.18880081418662828,-1.1687683788193886,-0.41897984736703653,0
E2,E2_2013-8_136,0.18311259112143013,-0.959622188140937,0.20561454953016478,0.4797099745116391,-1.9167870902440012,-1.3219782665410353,0
E2,E2_2013-8_137,0.2557121062359632,-1.1118863088928879,0.06873658392482664,0.4760518281485582,-2.2453395485386265,-1.611109356215894,0
E2,E2_2013-8_138,0.1806962171823174,-1.0061112738716709,0.015613565437349734,0.5211539601369873,-2.3503450704777578,-1.5644000167895233,0
E2,E2_2013-8_139,0.21491910851778742,-1.0452863247381765,0.09161109721682051,0.477841964159866,-2.193027048485577,-1.4926042646967428,0
E2,E2_2013-8_14,0.02169463091937218,-0.7376977206450113,0.08329163074262443,0.015426387637616222,-2.4581558497293594,0.3542893624881203,0
E2,E2_2013-8_140,0.2250760427528739,-1.0593411242328004,0.05248658652962753,0.5048387538304837,-2.2651549556013464,-1.605374018190164,0
E2,E2_2013-8_141,0.2418738189693433,-1.024983978634428,0.14558921937311836,0.4162509683977709,-2.0669991510701697,-1.2812231291565823,0
E2,E2_2013-8_142,0.2740278879873487,-1.1078251665735697,0.01738313532850879,0.5342566432812246,-2.310297948814815,-1.7905583524501656,0
E2,E2_2013-8_143,0.1932546328936054,-1.006430016416212,-0.03768354970342011,0.5219061050193156,-2.4577559888944567,-1.586718446108944,0
E2,E2_2013-8_144,0.19666458895943603,-1.0294256664853803,0.034431911844500965,0.5200773991193389,-2.3071509407242687,-1.5975170820757711,0
E2,E2_2013-8_145,0.16691218350064913,-0.9521054879260448,0.33344945132294634,0.4601311078619617,-1.6513867141816803,-1.2126956409178438,0
E2,E2_2013-8_146,0.2241090723114464,-1.0095672015583737,0.21322654087627083,0.4196511021997378,-1.921418361173609,-1.2414293746756546,0
E2,E2_2013-8_147,0.19540844016876124,-1.0426482678416866,0.06508996218873676,0.49592192626728554,-2.2599358091077195,-1.5403804404430324,0
E2,E2_2013-8_148,0.1604383642378985,-0.8364629107768222,0.45798406976877926,0.21021502845330342,-1.4421134358602232,-0.29001040104666465,0
E2,E2_2013-8_149,0.2521048408055832,-0.5976211258445184,0.8740662769754409,0.4163997315583054,-0.17581162255224297,-0.4177649292377916,1
E2,E2_2013-8_150,0.1586709318782377,-0.9390783140289944,0.36449615905227806,0.23185122268037478,-1.7016327136806102,-0.5355008612568796,0
E2,E2_2013-8_151,0.29450991570017937,-0.723437591794666,0.7844517781782715,0.3628195836013661,-0.4377564186738238,-0.500831004469811,0
E2,E2_2013-8_152,0.1792604167507828,-0.8448938296768128,0.5248172553716531,0.11826163213376589,-1.3275476103382726,-0.03053355966022682,0
E2,E2_2013-8_153,0.17623210654211627,-0.909795442614955,0.36333645586176444,0.40960716947156844,-1.5774743296874933,-0.9993777795827787,0
E2,E2_2013-8_154,0.20811108840859233,-1.0346212382766438,0.05890934557330295,0.4083394263048956,-2.30301515815351,-1.286670671434981,0
E2,E2_2013-8_155,0.12349763910018233,-0.971448456230423,0.021950755090825464,0.4434844980565134,-2.410807486935154,-1.2694589019758507,0
E2,E2_2013-8_156,0.18910082415267176,-1.040329794419878,0.08171629131358236,0.40657588992912447,-2.2740971076834553,-1.2772511125456363,0
E2,E2_2013-8_157,0.21397373065482864,-1.0610016958810986,-0.02356919253496442,0.4434666528844656,-2.4793035751765786,-1.4523363885635316,0
E2,E2_2013-8_158,0.2303789000217565,-1.0715982624721856,-0.04490394299751275,0.4415028215395573,-2.518804375104741,-1.4750091596743542,0
E2,E2_2013-8_159,0.17506397625129494,-0.9608160607274343,0.34365413875121803,0.3238426917419121,-1.6972735286533616,-0.8407972590944361,0
E2,E2_2013-8_160,0.11937461911704028,-0.9591618622652787,0.01683935860282181,0.4326943398252664,-2.424687884231582,-1.2200340507178584,0
E2,E2_2013-8_163,0.6917347008635346,-0.38403340822315085,0.9265377676648301,0.025064025315108845,0.27654491681441723,0.8778985580693046,2
E2,E2_2013-8_167,0.1759736066940103,-1.2989737834816288,0.6343800983955836,0.39391095760925215,-1.2041919798059302,-1.4770144737949067,0
E2,E2_2013-8_168,0.32896727330857417,-0.5119495375270156,0.5183251638267621,0.41153188685923275,-0.8535347599819787,-0.40101425987223677,0
E2,E2_2013-8_170,0.484752715314552,-0.8511944202263477,0.34877160506529037,0.03613118725811753,-1.4800388797011816,0.033885327625342264,0
E2,E2_2013-8_177,0.2857853442331529,-0.2805810209054623,0.6902439496507717,0.028382736908687187,-0.5753667667606674,1.1031680464621323,2
E2,E2_2013-8_179,0.2373253609003888,-0.4558266726069568,0.3094524414187838,-0.021130881101176942,-1.6026584859597692,0.8809515684984591,0
E2,E2_2013-8_18,0.29079037863638363,-0.9581016163421375,0.0998107385649323,0.08835129383740736,-2.256373679768222,-0.2815667931667617,0
E2,E2_2013-8_181,0.12948096022772024,0.2765326953007983,0.39796112038212456,4.0941402530049033e-05,-1.0699125945122523,2.0131575974294367,2
E2,E2_2013-8_185,1.2994343806514554,0.26109182947913195,0.9952236006020893,-0.005815535153173499,1.3636400773911272,1.76515045513747,2
E2,E2_2013-8_186,1.2741357448390902,0.2914352178191809,0.9951990195603052,-0.0064976223320233764,1.3569186648605716,1.822745149235741,2
E2,E2_2013-8_187,1.2724333692260592,0.2929039142154854,0.9953350493976151,-0.005137571195784419,1.35717906653553,1.8218024836540365,2
E2,E2_2013-8_19,0.21024390287081196,0.2954985062373395,0.9783748551047113,-0.08737336354604121,0.27301221390619973,2.4274434542126144,2
E2,E2_2013-8_192,0.9932442224691176,-1.3026055802440437,0.09115103031686728,-0.010885603223342982,-1.8634699531637102,-0.781826866800403,0
E2,E2_2013-8_193,1.6984629375359168,-0.04440995474044615,0.9172192409482983,-0.12872057750884727,1.324347366647178,1.4788746944204043,2
E2,E2_2013-8_194,1.6669697958571628,-0.019697532571478316,0.9114649156346869,-0.07579202971362989,1.3237451305254453,1.3767800073112288,2
E2,E2_2013-8_195,1.7242969002807118,-0.05255212626185789,0.9196505014137729,-0.06305492070750247,1.383913987912773,1.2722983493881563,2
E2,E2_2013-8_196,1.7239772565924707,-0.08553226978428372,0.9020148163658838,-0.19627009319151892,1.2551145990007946,1.5931070982716455,2
E2,E2_2013-8_197,1.7451882229964484,-0.0996163649254058,0.9107710300162882,-0.16217282578245218,1.304497685331436,1.4700536065877936,2
E2,E2_2013-8_198,1.7050054555922427,-2.089333573215949,0.028564847604410675,0.07495793317613779,-1.74243485846846,-2.5055724737211293,0
E2,E2_2013-8_199,0.2872713876086386,-0.7068964793873671,0.44092624634219835,0.38048610389043774,-1.195956330096268,-0.6212083987887047,0
E2,E2_2013-8_200,0.288664145913293,-0.7470949490765021,0.35192916341880476,0.32571870813465154,-1.4462170740991338,-0.554345532576841,0
E2,E2_2013-8_201,0.24971007919218247,-0.7952144732884869,0.06288953600928929,0.35161149062903213,-2.1454796579901014,-0.7708442498205509,0
E2,E2_2013-8_203,0.028956109656143036,-0.38578944066321214,0.7496100787844017,0.07934358381530454,-0.7195336318494426,0.9044197507977229,0
E2,E2_2013-8_204,0.7952628285861668,0.26047838077499375,0.8858974628841294,0.007968568265639272,0.6485737320641349,1.8714356716182414,2
E2,E2_2013-8_207,0.31274491864085574,0.4400234353259363,0.9249375697275807,0.013328950316839783,0.3868203465700833,2.3140997660346336,2
E2,E2_2013-8_209,0.062177892498561704,0.4916778149545792,0.9162613997428352,-0.011905664728392546,0.14716308377496265,2.550790313406223,2
E2,E2_2013-8_21,0.09237181897355942,-1.0147899442276807,0.705665567582281,-0.14920673227137335,-1.2430435615097586,0.5461597220299463,0
E2,E2_2013-8_210,0.07172025737663969,0.5250596433560714,0.9260058374865333,-0.012147379193214064,0.19729001478941702,2.602354676161573,2
E2,E2_2013-8_211,0.392844936973041,-0.016468837818131063,0.4909660693288285,0.06434215577670221,-0.7487313643239792,1.313737034394424,2
E2,E2_2013-8_215,0.3650611643973815,0.6211009035937675,0.8334708920089212,0.8228477510821857,0.7605626665277082,0.26013588959663214,1
E2,E2_2013-8_216,0.052295506042567004,-0.07650786139785096,0.07287563957200464,-0.009492718553620879,-2.0817481752969824,1.429991685872588,0
E2,E2_2013-8_218,0.708963034723841,0.0490091081317719,0.6726866830424999,0.6691605505402745,0.3126248388796901,-0.3543081178145423,1
E2,E2_2013-8_219,0.8792498940056572,-0.9156244738539465,0.6900951094998046,0.06052008941259969,-0.36629639109452644,-0.17542711861948226,0
E2,E2_2013-8_22,0.48186212291074604,-0.3032685128259129,0.504939273431226,0.10300989742445425,-0.7794648235597736,0.7350746761127611,0
E2,E2_2013-8_220,0.2805029639972448,0.3247045644574766,0.9125847684807438,0.8128976851767731,0.6806748740613744,-0.11608501742739516,1
E2,E2_2013-8_226,1.033357820029767,-1.3061692671957235,0.07658397572342054,0.413338566290913,-1.6379576260509783,-2.0048427326093536,0
E2,E2_2013-8_228,0.8360266912884995,-0.3340678098388512,0.8777863755347489,0.22351852848826195,0.4367073395791712,0.32911618697517847,1
E2,E2_2013-8_229,0.1079190811390317,-0.285580999764657,0.07675737382456589,0.69029412683926,-1.7751176325535227,-0.8889037783770508,0
E2,E2_2013-8_23,0.1541377863140649,-0.944581021001609,0.406146429580436,0.10065674014232748,-1.6844804922591123,-0.15957703162820427,0
E2,E2_2013-8_230,0.6347167458493277,-0.5741976403601762,0.27268023190049295,0.47955667684978415,-1.1156277552120304,-0.8673316614028066,0
E2,E2_2013-8_231,0.486469588327562,0.4330348066444457,0.7873807794899857,0.7289381456175918,0.613644835172846,0.17979406707028292,1
E2,E2_2013-8_232,1.710045121804881,-0.07134641482039955,0.9100550582555703,-0.09695161642368905,1.3202471399719866,1.3414217576459149,2
E2,E2_2013-8_233,1.713477557401453,-0.08150746838732453,0.9005683384740123,-0.13631729303120763,1.275695156742819,1.4331146068769898,2
E2,E2_2013-8_234,1.716784155027121,-0.09381243893042676,0.9008056960288083,-0.1383238491692369,1.2711588964049865,1.4187261970037002,2
E2,E2_2013-8_235,1.6085824977133645,0.015489373330440046,0.9035903088372107,-0.2207884922805106,1.1953174470458585,1.8591973077136303,2
E2,E2_2013-8_236,1.1661662297123536,-1.0796725752650054,0.15493947844744332,0.2737030193283829,-1.2783469760630453,-1.2853419674278725,0
E2,E2_2013-8_237,1.5911152382997085,-0.27719527501022934,0.8974513929614881,-0.038815954514814024,1.090463263396746,0.8980939935031732,2
E2,E2_2013-8_24,0.6632702870596603,-1.3300178561117544,0.46819772707554935,0.00677909041359933,-1.336824395750943,-0.6497262364342535,0
E2,E2_2013-8_241,0.5864090119635175,-0.7929005109418935,0.8673472058829164,0.011271930980761343,-0.20038715456448478,0.30686456686606345,0
E2,E2_2013-8_242,1.0838674511031743,-0.0030515957413607834,0.9111466599015244,0.14071772942778904,0.8946908872505854,0.9956320190954896,2
E2,E2_2013-8_243,0.4661415355770673,-0.43746151805089345,0.6561701979410749,0.2426010725046421,-0.46002020833617685,0.18254193693228754,0
E2,E2_2013-8_245,0.6224145346141133,0.1076239863996884,0.6797289631422471,-0.004076740930454684,-0.07220157869497847,1.6716716507933098,2
E2,E2_2013-8_246,0.14676529943723068,0.35243244706361726,0.733940897235496,0.06499906373985782,-0.22216258139681988,2.0367353001520287,2
E2,E2_2013-8_247,0.03809316967023012,-0.33237654814631534,0.16588289146172827,0.4029095754493807,-1.8190934626492223,-0.09849111056727808,0
E2,E2_2013-8_248,0.20206271674983228,-0.4498646373898152,-0.4845757428189018,0.07252942418245649,-3.3637490497001763,0.41016852531084635,0
E2,E2_2013-8_25,0.7211619061794136,-0.36799962039712963,0.9828419203592682,0.029232942154041822,0.44210803557941597,0.8966031336439308,2
E2,E2_2013-8_251,0.038658355781145244,-0.6071442716988232,0.005927236442972705,0.35206382155609384,-2.363365579523677,-0.4242809576736272,0
E2,E2_2013-8_252,0.6831135537649695,0.5443020865761155,0.9533599152942458,0.09067410879099386,0.9018915423992477,2.1338971002624234,2
E2,E2_2013-8_253,1.29679970491673,-2.066332388299702,0.12393578891571763,0.059377164273497665,-1.9094708320264577,-2.2549945934008147,0
E2,E2_2013-8_254,0.4471012298916612,-0.10262322954354354,0.9786818015739046,0.2720695141605501,0.4549184751294425,0.7144485131854601,2
E2,E2_2013-8_255,0.35980964859583037,-0.5173033214024568,0.10944364267914147,0.05296561510196992,-1.9321223678938644,0.4762760657576478,0
E2,E2_2013-8_256,0.7857725392721199,-0.32312086274596186,0.902325106620765,-0.0007790128144620482,0.3330157619698637,1.0047760192541029,2
E2,E2_2013-8_258,0.03302094406421057,0.16133660130744978,0.35446314946143714,0.048000874336211384,-1.300414118972961,1.7215396590061602,0
E2,E2_2013-8_259,0.05768408876440319,-0.853853796358125,0.9583081283433004,0.18754516777466107,-0.4394966214778475,-0.07311700203824796,0
E2,E2_2013-8_26,0.3386468024568767,-0.08946805733354447,0.6023660200569535,0.18939577883968442,-0.5270707732465781,0.8987423100926598,0
E2,E2_2013-8_261,0.10789884794665383,-0.7504217261072661,0.35693317877858766,0.09018056291238036,-1.7313141773636707,0.17144899357814963,0
E2,E2_2013-8_264,0.33616456224187946,-0.4945987150581883,0.6953033421155963,0.034861488962470696,-0.6372387419784211,0.7387210089200705,0
E2,E2_2013-8_265,0.10806208699721002,-0.49251702620707943,0.758885936647751,-0.15574355260049538,-0.8090796538275454,1.3792933219623835,2
E2,E2_2013-8_266,0.5374397997299174,-0.036322614575873303,0.6228188846381797,0.12791986993096244,-0.294566892417056,1.0902945117686462,2
E2,E2_2013-8_267,-0.036881869968009,0.5151677132142308,0.5609138967601839,0.004094530760692075,-0.7212204250996038,2.474777357807092,2
E2,E2_2013-8_268,0.2770672923078165,0.10951030745798113,0.5075093612668502,-0.0179529414180856,-0.7911179921860227,1.7860438348088918,2
E2,E2_2013-8_269,0.47515041919745643,-0.46367451456289166,0.7130755785008335,0.236965271310944,-0.3420854010389081,0.17121500857900018,0
E2,E2_2013-8_27,0.5190238665720017,-0.7746910721339365,0.9338300965382317,0.09379449227307664,-0.061238907613946264,0.14443654871153264,0
E2,E2_2013-8_270,0.7288111236017184,-0.09702257573924666,0.7774429759307548,0.13023602266104253,0.19907358320300556,0.9671341448892572,2
E2,E2_2013-8_272,0.7218143602044556,-1.8163650968813225,0.20436535889600005,-0.021837369218088237,-2.170356552179385,-1.4146348689880317,0
E2,E2_2013-8_274,1.4702170411981927,-1.1129304502932398,0.8183552924137653,0.3612284135430275,0.5232006247528278,-1.5009063033964307,1
E2,E2_2013-8_275,1.1799927308917413,-0.28711826455324535,0.8126541183308037,0.27836251837935744,0.6719748266886106,0.10664391764185453,1
E2,E2_2013-8_276,0.7156515267987993,-1.0088149942178701,-0.547117195181535,0.43322921722531427,-3.1537556523243486,-1.6697113690235894,0
E2,E2_2013-8_28,0.2589705460816369,-1.1151311041534717,0.4487957299589845,0.3867809254293833,-1.438795040473874,-1.2559495991119085,0
E2,E2_2013-8_280,0.7180474292736017,-0.2590059310861516,0.5399633865176069,0.3840811533252369,-0.304580751185661,-0.06438608585382757,0
E2,E2_2013-8_281,0.060225445140171925,0.038893995842726785,0.46929598395758754,0.007188938683555844,-1.1096954518257471,1.6715410863290494,0
E2,E2_2013-8_282,0.0709214897261121,0.21815008432331068,0.14125161781299742,0.7205525757701647,-1.357189039356067,-0.16657660170361988,0
E2,E2_2013-8_283,0.2083338828518813,-0.5326727269041351,0.17526700744772797,0.020766046925364375,-1.9535935678514347,0.6158221874697343,0
E2,E2_2013-8_285,0.4958008027807549,0.3609607966075511,0.9357667916272339,0.00042653035250768016,0.5315593166725823,2.167366165776156,2
E2,E2_2013-8_286,0.28198815548418016,-0.3463521232867997,0.32041355986400527,0.07302292316700222,-1.4229445325615901,0.7709282384473328,0
E2,E2_2013-8_287,0.4353382759718844,0.26323558376973927,-0.008251332449775372,0.49539330109243374,-1.4395588737457188,0.36822015342029074,0
E2,E2_2013-8_288,0.6061732631373388,0.1519116898539908,0.8009987805349091,0.36024585246627844,0.4009643120220661,0.7505223467254143,2
E2,E2_2013-8_29,0.25047592157919424,-1.271883083651424,0.0667547163092742,0.3706597272746863,-2.4028557462776465,-1.558490879668699,0
E2,E2_2013-8_291,0.09211814388104872,-0.0011278627454711862,0.40956880060547307,0.7337518705966474,-0.8559444715117767,-0.4723842772531452,0
E2,E2_2013-8_292,0.6264852577575293,0.05082855333362855,0.9626178416812428,0.14641898118269597,0.6117999500393047,1.2383710897736195,2
E2,E2_2013-8_293,0.3766673019186316,0.18234622814036372,0.41125606835987066,0.2089983285263205,-0.7515147346465247,1.1940729499250964,0
E2,E2_2013-8_294,0.06380885254236973,-0.06489959457010726,0.44445321893519435,0.43619544524129006,-0.9974564397355429,0.2904504595189145,0
E2,E2_2013-8_295,0.07264698341781582,-0.5535147111062158,0.6181075255945887,0.42892117654398093,-0.8872453128224198,-0.3953670355651133,0
E2,E2_2013-8_296,0.03350603604460692,-0.48046128068277727,0.6144594563250897,0.37168254889211194,-0.9200223371893715,-0.10823489991655515,0
E2,E2_2013-8_297,0.13782204222965713,-0.43959862745339534,0.5857740933123332,0.035323400302245365,-1.0382189058992353,0.8606257413374704,0
E2,E2_2013-8_298,0.533174754055341,-0.8812853852385584,0.19578300723583744,0.03418144471995932,-1.7957508378708684,-0.06788745797025633,0
E2,E2_2013-8_299,0.031389880026319976,-0.5644662077288215,-0.010251486594860434,0.024001450824931148,-2.553649085291949,0.5668019534347195,0
E2,E2_2013-8_30,0.46820189660549383,-0.24613111195110762,0.747545656127276,0.44923902848822217,-0.033831412203054564,-0.08124836083450639,1
E2,E2_2013-8_300,0.3151524059685601,-0.3903488596404748,0.03898846880116708,0.05185278857650138,-2.0591981993865467,0.6706111964137912,0
E2,E2_2013-8_301,0.024066355043626537,-0.42504138008624925,0.11657389490424792,0.006743139732006262,-2.2043165778297644,0.8694052981647041,0
E2,E2_2013-8_302,0.038710186577387944,-0.4995558850749529,0.13929147770774114,0.001274756493217294,-2.1856602991316376,0.771378260438585,0
E2,E2_2013-8_303,0.8339063115222277,0.3093150589267973,0.8819713803730191,0.7732746798880269,1.10571304775982,-0.2314437396892584,1
E2,E2_2013-8_304,0.6813519130361892,0.345374995452453,0.8373129082619896,0.8184345391085294,0.9059091534009116,-0.2626113678886651,1
E2,E2_2013-8_305,0.2960988341847422,-0.865741089415832,0.028697258902049622,0.24550962731050927,-2.2748174458488255,-0.605741370711729,0
E2,E2_2013-8_306,1.7418330851680035,-2.215328451117701,0.10631958909436216,0.22745601893687303,-1.5265103591653892,-3.121523909531085,0
E2,E2_2013-8_308,0.7041351798429303,-1.021818051406985,-0.1958083853291007,0.11692423682339277,-2.550282688896319,-0.690836659439054,0
E2,E2_2013-8_31,0.15144414706974127,-1.0073559034614714,0.11323596576193515,0.17286065614652654,-2.3423694030597955,-0.543455810454929,0
E2,E2_2013-8_310,0.7213053714875997,-0.008206636353574385,0.9331295314225758,0.6859158332175576,0.8837954337073501,-0.4195383657614943,1
E2,E2_2013-8_311,0.4383272474651872,-0.42148915986840974,0.5971164725299305,0.1670106190249549,-0.6490671629166774,0.4137074737873151,0
E2,E2_2013-8_312,0.22845912088763387,0.6304601968557729,0.7757665779263392,-0.01026518865621236,0.07085451977189546,2.6612140244771227,2
E2,E2_2013-8_315,0.4096513883347756,-0.5689807607479989,0.04557279778907213,0.7274706493572319,-1.704733616262644,-1.5459607994418623,0
E2,E2_2013-8_316,0.5661123750020838,-0.15706561251733078,0.1785350133048515,0.18016175788757435,-1.3063007818467065,0.6190660787953702,0
E2,E2_2013-8_317,0.6814587192885723,0.04690865222257489,0.9343161250820784,-0.012254405851184534,0.5149103884973187,1.6534057470489576,2
E2,E2_2013-8_318,0.5471496597216361,-0.10801926963740127,0.15193178051347328,0.15960678037033885,-1.3661770458740525,0.7518130848650241,0
E2,E2_2013-8_319,0.15427041684995801,-0.1712586809248882,0.8641645615792058,0.3738425018459626,-0.06529798951362346,0.39125766223846126,1
E2,E2_2013-8_32,0.017429003822276017,-0.5971714675470996,0.44319960698007027,-0.011695973465997503,-1.5878685588664494,0.752215593800428,0
E2,E2_2013-8_321,0.02624742482574279,-0.4304081558286255,0.03872134421640941,0.17930042890999912,-2.2894975047632617,0.3502527801780995,0
E2,E2_2013-8_322,0.2423418309428845,-0.46388429620070454,0.3063189105848294,0.5602570393711751,-1.3049548782311744,-0.7776335577054113,0
E2,E2_2013-8_323,0.6429544286303452,0.30261667028376193,0.930176402288834,0.808591912498291,1.0478207907323467,-0.2605441180378148,1
E2,E2_2013-8_324,0.8191588416064541,-0.09658846489360873,0.7339281282025479,0.6588981629711099,0.46424007893364366,-0.5709395387298917,1
E2,E2_2013-8_325,0.6853842099718817,-0.04131224457240164,0.8671316955463699,0.4811752452348565,0.5753398740977271,0.10194189998628365,1
E2,E2_2013-8_328,0.41372847684802466,0.302154534759864,0.5520266783355212,0.054714289416422396,-0.41213380296993957,1.842164174779109,2
E2,E2_2013-8_33,1.380645957718646,-0.7823005096375291,0.9048011830530587,0.03474716873636221,0.6531841817982869,-0.012102462523547464,1
E2,E2_2013-8_330,0.05475103455250565,-0.6083102916742442,0.4904569113644548,0.09131532656454054,-1.399102850568014,0.4442548794742934,0
E2,E2_2013-8_332,1.069385958342784,0.03904242356827338,0.9530796626960197,0.2012798990585966,1.0311883224649032,0.90642668283585,2
E2,E2_2013-8_333,1.4088574702903565,-0.430492070259386,0.6656038197304613,0.4079240588376065,0.5433734344915034,-0.6033215458775303,1
E2,E2_2013-8_335,0.0689757175276458,-0.6991766692650065,0.03469669910660455,0.0482122148130993,-2.4828490309822766,0.2903967022351417,0
E2,E2_2013-8_337,0.22873021734008384,-0.7154171261486897,0.7108512424782703,0.032647346785157245,-0.8333485734090311,0.4469449282312689,0
E2,E2_2013-8_338,0.7275503356664019,0.2987763131216027,0.9828235262153986,0.826962593015218,1.2532630812523409,-0.33309107387233594,1
E2,E2_2013-8_339,0.10897197455160007,-0.16614979234916183,0.3078223000101793,-0.009447361898761785,-1.5533965957175155,1.339102395471305,0
E2,E2_2013-8_34,0.526534365258758,-0.10937149016574824,0.7151430821671954,0.020805817299820673,-0.19642335342433112,1.310815299450242,2
E2,E2_2013-8_340,0.06264251929874169,-0.38384568156907567,0.08369219336750364,-0.017719234859635828,-2.230458599730284,0.9790372469600068,0
E2,E2_2013-8_341,0.0678143791400026,-0.4635853431455994,0.14754962268299365,0.15980253044619505,-2.035662874848382,0.3707987833671766,0
E2,E2_2013-8_347,0.15201362547558367,0.5539228651042926,0.8997441880907949,0.05040986360100509,0.2638848701766353,2.4341953050910066,2
E2,E2_2013-8_348,0.09293167419494988,-1.010972671831406,0.1911820266941702,0.31213066740935025,-2.152063288042667,-0.8997775318827982,0
E2,E2_2013-8_35,1.0858898376851955,-0.3893587519627366,0.9833305213539492,0.048803739074407236,0.7859954256070619,0.6800669278514422,2
E2,E2_2013-8_350,0.11999778000350173,0.7312107149309958,0.8249090193193552,0.45571443417801377,0.3811409508453644,1.551511885506212,2
E2,E2_2013-8_355,0.30316751872009406,-0.06693213902451824,0.5356758213195008,0.07056452801603452,-0.7593371075799638,1.262769190714076,0
E2,E2_2013-8_358,0.596202512974737,-0.9638572829572964,0.8965970313621828,-0.0016337417800056603,-0.23156273943091019,0.08480613894653441,0
E2,E2_2013-8_36,0.10839747980135395,-0.11629858365998667,0.6418694574003538,0.0290796139909906,-0.7558435972031368,1.4029861204526661,2
E2,E2_2013-8_360,0.3031108434363428,-0.0439243525009804,0.44976330824826743,0.08397696158225613,-0.9316278377693263,1.235704942276334,0
E2,E2_2013-8_367,0.15696024399128616,0.7069223448556669,0.9148432385149547,0.009558623964399817,0.36983907408644945,2.7880643079210703,2
E2,E2_2013-8_373,0.154216953845648,0.24600981951672513,0.750105104686709,0.04356033923205041,-0.25189586330125846,1.9353315670255058,2
E2,E2_2013-8_375,0.8903828132085407,-0.7376158260103263,0.0718069509701739,0.6800856122614304,-1.3140068071853135,-1.8336714111107801,0
E2,E2_2013-8_379,1.2202968869710837,-1.3434009161708518,0.8200991806564921,0.28562649574635784,0.11732560034130472,-1.5538839460008291,1
E2,E2_2013-8_380,0.8660010387635838,-0.2541849867108314,0.6379150561066539,0.44675072799889115,0.09060073121799571,-0.25813411185804386,1
E2,E2_2013-8_383,1.6696810315409063,-0.8695033862989408,0.7947194505077246,0.0648386743273671,0.644862230249948,-0.36490021407319784,1
E2,E2_2013-8_384,1.3685066553868506,-0.2912089846415117,0.8417578252612605,0.5883722167287928,1.0755913335395828,-0.8340539195525168,1
E2,E2_2013-8_385,0.9068888559385784,-0.04984474771866418,0.7442803858941409,0.18586944638937097,0.3496792868607295,0.8103620887439441,2
E2,E2_2013-8_386,1.4651975427101704,-0.6699109367181497,0.8082634656667758,0.13115333328854806,0.6324730508742422,-0.1688633025146949,1
E2,E2_2013-8_387,0.3934976603455302,0.19422260810492814,0.7501534743547325,0.02705441271148164,-0.06420712222094595,1.8179319335851825,2
E2,E2_2013-8_388,0.027042231436775054,-0.5349040129737528,0.12713943624840882,-0.005457299029811076,-2.247991605226996,0.7365556272380308,0
E2,E2_2013-8_39,0.056259736731365285,-0.7049534074531723,0.022036723929379304,0.28979983798304015,-2.4000152231294027,-0.4005921348507627,0
E2,E2_2013-8_392,1.77987928562655,-0.6887952812104371,0.24613907205489252,0.44759004265091984,-0.17539695202864075,-1.364445075915706,1
E2,E2_2013-8_393,-0.005448212674803313,-0.0009572192725269276,0.5988313305793935,0.4865852922698844,-0.6532958709444803,0.3151965221492125,0
E2,E2_2013-8_394,0.42272713957990504,0.4282803498063856,0.6850074224971897,0.5800334471459756,0.24304027774018755,0.5864977989755468,1
E2,E2_2013-8_399,0.40079772374594996,0.018540632474068088,0.4557619656424511,0.5456017426060739,-0.5476216397339451,-0.005652321601652903,0
E2,E2_2013-8_400,0.5546419545331359,0.47387604059171007,0.8682574058281771,0.7477828134914127,0.8930378620230188,0.18864605168117018,1
E2,E2_2013-8_401,0.35034895956840606,-1.0550001014476358,0.5076573481687487,0.13788993726923077,-1.315916205774827,-0.474999996168307,0
E2,E2_2013-8_402,0.04899772003148765,-0.39032030275518587,0.4431136592784226,0.18704510228474935,-1.3339643811300717,0.49805891554323817,0
E2,E2_2013-8_405,0.12653166300805432,-0.8127410150058473,0.628733957795926,0.07034685494929965,-1.1508656137618913,0.2028260162393927,0
E2,E2_2013-8_406,0.11031256805338653,-0.006518069877139673,0.10218982630676736,0.3646928488109975,-1.7244354257739545,0.4680630223025304,0
E2,E2_2013-8_407,1.7978300231189486,-0.5349375834319055,0.6283651033708255,0.6411217395649876,0.8893091523724567,-1.571155805779804,1
E2,E2_2013-8_408,0.8995058918839205,-0.3158443378363108,0.9231479769421197,0.6631371183406398,0.8393993738002764,-0.894887423929823,1
E2,E2_2013-8_41,1.250021133406742,0.3152218386440954,0.9959023462982405,-0.15037632990284402,1.2741033380396078,2.274823067498143,2
E2,E2_2013-8_410,0.7824986863670526,0.36339204722979945,0.8097174640717187,0.6671133490284089,0.8708600752400338,0.14939191972953925,1
E2,E2_2013-8_411,1.483883650468881,-0.2440945726559736,0.9587259644021118,0.7317216567614395,1.5494340723532867,-1.1737673428533815,1
E2,E2_2013-8_412,1.631925487452249,-0.9651470840019098,-0.3371617082995793,0.4928705181292339,-1.7598543321895608,-2.0334732960577897,0
E2,E2_2013-8_413,1.455149141436102,-0.3174624772879934,0.9375456293971555,0.22983935911345524,1.1691739157324517,0.13595601359865578,1
E2,E2_2013-8_414,0.30517619087673864,-0.02189991852207222,0.5244058392423275,0.1493167305549242,-0.7152922630592559,1.105613017168428,0
E2,E2_2013-8_415,0.6899928725322827,-0.06790697438334008,0.790071889348269,0.37050785484659204,0.3334900412912516,0.3500818170285693,1
E2,E2_2013-8_416,0.6660030033388777,-0.7800016083975482,0.44894451275431585,0.11660749182330062,-1.0005212907127032,-0.11899616623604191,0
E2,E2_2013-8_417,0.7157506502345395,0.1825847866254655,0.815956013661125,0.777798688410473,0.7747488527569619,-0.41686606775223495,1
E2,E2_2013-8_419,0.2853543106108151,-0.8143336284571848,-0.5772078522594231,0.4413382272404386,-3.5110071867494725,-1.2500040553348795,0
E2,E2_2013-8_42,1.2199031754909517,0.32913911767919835,0.9942456722496003,-0.15084425670284207,1.2497402253147938,2.3077257407667155,2
E2,E2_2013-8_420,0.8714937868491419,-0.4298587174368693,0.7810689769122663,0.5419625141594528,0.3646589908605812,-0.7589277692389048,1
E2,E2_2013-8_421,1.21448240945347,-1.1628831069741457,0.8495767259142557,0.26016892188403923,0.2693840415668267,-1.1932083609565536,1
E2,E2_2013-8_426,0.2625147977923253,0.6085031225081683,0.7328192049292023,0.42104681972029334,0.2200416200415086,1.3838114886750947,2
E2,E2_2013-8_43,1.2225870634161446,0.329229582341969,0.993901660393239,-0.17293641500608423,1.239982802592162,2.3692728816544477,2
E2,E2_2013-8_44,1.218663219247948,0.3387141468745127,0.99363899447154,-0.17426116409950654,1.2404953756707324,2.388941733349041,2
E2,E2_2013-8_440,0.4908789897948474,0.14661827599205016,0.9886739768125761,-0.12154678676281697,0.4571651599668958,2.198724499924331,2
E2,E2_2013-8_45,1.223661804339137,0.3179158679330354,0.9935982263323859,-0.1679348779572387,1.236371230377271,2.3372321816081687,2
E2,E2_2013-8_46,1.261737386435139,0.29604711666364175,0.9926349820907431,-0.1324712515496897,1.2761082480630612,2.189593608320318,2
E2,E2_2013-8_47,1.275043329192869,0.29819875797022666,0.9938414696507312,-0.12536848191881972,1.296368504470571,2.1684915332357924,2
E2,E2_2013-8_48,1.2576130629858306,0.31758004598307293,0.993177786298469,-0.16795326396330668,1.2673329583478707,2.3246906015805573,2
E2,E2_2013-8_486,0.16865288192606595,0.5753627458544224,0.9785011679679806,-0.04564209710730418,0.41831545244065776,2.755481718044494,2
E2,E2_2013-8_488,0.7589938076613869,-0.4929839073349054,0.9613632233054766,-0.29463256476430816,0.18745111364116843,1.600021257854304,2
E2,E2_2013-8_49,1.1992648764308067,0.33558121391086637,0.9948253989244504,-0.17983648594241802,1.2200690831891503,2.4070448930909163,2
E2,E2_2013-8_493,0.24589532152924137,-1.2614609532564136,0.7279095276167067,-0.004590051565422015,-1.1154087692361734,-0.2905034069553825,0
E2,E2_2013-8_495,0.3115705281941396,-0.06655913286810095,0.8808072267136917,-0.006966766662342353,-0.017986024737722144,1.5784941156548151,2
E2,E2_2013-8_496,0.7468862833379581,-1.147234234079748,0.7547818264254467,-0.04812755678930993,-0.5378484843389751,-0.16009704348769935,0
E2,E2_2013-8_497,0.7461857663455013,-1.4557381383971728,0.10422811201042631,0.09098224430891436,-2.103328010918856,-1.2150527916508185,0
E2,E2_2013-8_498,0.6840540007426712,-0.14209007946937655,0.49177212801929393,0.010654723878511447,-0.5725844904361667,1.1695831724796506,2
E2,E2_2013-8_5,0.5483710742154583,-0.295803488466942,0.02002061875367019,0.7139095780191029,-1.479334242176159,-1.142779924760537,0
E2,E2_2013-8_50,1.1950020573738132,0.34975085566639824,0.9911831991557672,-0.16593475311704597,1.2233830467977878,2.3900417794585374,2
E2,E2_2013-8_500,1.0397936621400128,-0.4724623665688187,0.7973560009403973,0.5130708627379699,0.5204683998593115,-0.7975110081460235,1
E2,E2_2013-8_51,1.2369996764906757,0.3201799293484825,0.9937115138063118,-0.16347506979587187,1.2528909153900794,2.323450016872152,2
E2,E2_2013-8_52,1.2234657930301538,0.3323499546396853,0.9930860818177714,-0.17402807613009624,1.2402248410555647,2.3766247154657845,2
E2,E2_2013-8_53,1.2556583406900563,0.3114945486350127,0.9940188990170552,-0.1594635810189765,1.2682858109094814,2.292241984915859,2
E2,E2_2013-8_55,1.4225205924628437,0.17578102180030847,0.9241105228914923,0.01430580122962433,1.2816190889926249,1.5130607455089573,2
E2,E2_2013-8_56,0.9701510304808443,0.47337787930636044,0.9749558033747697,-0.0751941165537394,1.093676534986353,2.3985900653292256,2
E2,E2_2013-8_57,1.3876968803751508,0.20385058487671529,0.9376353804891608,-0.011836453399006687,1.2816065411517754,1.6463616998316766,2
E2,E2_2013-8_58,0.9571207850732186,0.47952043018727736,0.977573425631971,-0.07148684622490743,1.0927312860748783,2.4029158021947574,2
E2,E2_2013-8_59,0.9596685652493941,0.4800254408030675,0.977528957975709,-0.07249818671709528,1.09480435178524,2.4056431258359217,2
E2,E2_2013-8_60,1.4186253306117074,0.15801289010325495,0.8521138537325552,0.021124192534214388,1.1097691654176731,1.4471343372239236,2
E2,E2_2013-8_61,1.3058657297927168,0.2664925809431356,0.9368933305900392,-0.02037399430893098,1.234447263990829,1.7956425010305082,2
E2,E2_2013-8_62,1.4983612292937065,0.11693837392322505,0.892825371129515,0.004993823574728021,1.2441572321676926,1.4130217788205606,2
E2,E2_2013-8_63,1.3721729202591664,0.22342718296269592,0.9489492102472574,-0.012182365326050276,1.3034762523187045,1.6862207446290385,2
E2,E2_2013-8_64,1.3679980957536662,0.22946837667433984,0.9515153457720108,-0.021861396641599886,1.3037168403864337,1.7250983931186412,2
E2,E2_2013-8_65,1.5074231029458838,0.10049034375748539,0.8951259009861874,0.006332572689932458,1.2490373951646137,1.3813562172047795,2
E2,E2_2013-8_66,1.4472987476537893,0.15507738818249536,0.8818064066760167,0.010140518550555155,1.1960000505535084,1.4720745009026603,2
E2,E2_2013-8_67,1.367854263327952,0.22878380611767907,0.9527625150802846,-0.02989922340706822,1.3017675848802943,1.7471733204278814,2
E2,E2_2013-8_68,1.2596418323697616,0.2999943210190109,0.9520182905678926,-0.03284547094849365,1.2375584207903378,1.9031432363883052,2
E2,E2_2013-8_69,1.3602462467802925,0.24439749635441943,0.965456378816917,-0.01641210122007726,1.3391659376153988,1.7394288410932244,2
E2,E2_2013-8_70,0.8856015765324392,0.41097136961291164,0.9715511902327691,0.011099140596869839,1.0150689666984212,2.087267579432507,2
E2,E2_2013-8_71,0.3280710337585486,0.7430726238594536,0.9091164608686251,-0.008254252812478826,0.5304791238333557,2.8322373958556897,2
E2,E2_2013-8_72,0.3826283112073297,0.706731151502504,0.9105842410726782,-0.007789996274560352,0.5645107677362835,2.7561249751027774,2
E2,E2_2013-8_73,0.349383826208571,0.7120314313558836,0.9193026459064894,-0.005825395679738517,0.5567244303697875,2.7729459679752666,2
E2,E2_2013-8_74,0.37113589345830544,0.6899295545539349,0.9087882503637739,-0.006728071101826833,0.5404168407699599,2.730760595963261,2
E2,E2_2013-8_75,0.21638042484624198,0.7975113910270684,0.926267509945046,-0.003371608295536348,0.49746841606651454,2.94658247198296,2
E2,E2_2013-8_76,1.4389941148062597,0.16618882908514304,0.8907450112042886,-0.009317395773551422,1.2044419006450962,1.5496909601521374,2
E2,E2_2013-8_77,0.24858530024052994,0.7959148690632386,0.9287065322809479,-0.003243725113805114,0.5325343985959379,2.9331191153015053,2
E2,E2_2013-8_78,0.12556617849032412,0.8000047264896393,0.9226842617111634,-0.0028670079502486783,0.4052599728799418,2.979950503114132,2
E2,E2_2013-8_79,0.16688141539103296,0.7538846771244824,0.9382320954601469,-0.0036577681478470138,0.4520018822938753,2.9010144990164752,2
E2,E2_2013-8_80,1.4126905307778346,0.18537377409371658,0.9089633587053442,0.004138174224834997,1.2386024309736843,1.5557067556235766,2
E2,E2_2013-8_81,1.3675972861373313,0.21584711701503956,0.9055513694413214,0.0028743063380732097,1.2053362048520322,1.621145671814803,2
E2,E2_2013-8_83,0.6117135804016777,-0.3566774593152087,0.24503456644483892,0.07605219142598241,-1.284524514110741,0.6087344651706669,0
E2,E2_2013-8_84,0.09994549161939267,-0.2996474390833992,0.7366836996825576,0.18264914012551076,-0.5772303986606602,0.7164473667160094,0
E2,E2_2013-8_85,0.25897813698930766,-0.2864109778252295,0.3319608292921876,0.3396145490910904,-1.2443135251988504,0.12110493737057791,0
E2,E2_2013-8_86,0.14218720884907174,-0.34214624606713395,0.3852072215169069,0.1547626422045767,-1.3646106152030109,0.6141469741360841,0
E2,E2_2013-8_89,0.83075752964042,0.12635457662673194,0.9044075351435928,0.7313344107437688,1.0248364455070047,-0.3873213087429243,1
E2,E2_2013-8_9,1.3701263827625307,-1.8916527139909245,0.5056365314839713,-0.03013238088916483,-0.9298036821261527,-1.6491472452027385,0
E2,E2_2013-8_90,0.3490273793181402,-0.6959559020343261,0.1101161614342847,0.4328752729487961,-1.845452289624517,-0.8690236616485468,0
E2,E2_2013-8_91,0.20552422770015927,-0.683341437212337,0.023174926823498858,0.32416555776087747,-2.225741904005664,-0.5166660949680663,0
E2,E2_2013-8_93,0.5179329337277684,0.12986665968524932,0.291129620139763,0.04464186431466956,-1.003845159020283,1.4936230363526954,0
E2,E2_2013-8_94,1.2801221691145075,0.08115438624748818,0.950490097984515,-0.2123616270143773,1.0323738137414809,2.065685687233242,2
E2,E2_2013-8_95,1.1328390214537853,0.1471346695533976,0.9765808568053611,-0.2515408494589364,0.9693567722581931,2.337471341312144,2
E2,E2_2013-8_96,1.3318373970496604,0.03161699774627339,0.9808433607106711,-0.24337445414990827,1.1043252530603256,2.0674985106975483,2
E2,E2_2013-8_97,0.9180183540387157,0.22280682115104827,0.9415953093825928,-0.13029621166657915,0.7952217619475912,2.1769719315984664,2
E2,E2_2013-8_98,0.26718560597128765,-0.4368188476063154,0.5095268020905653,0.16534217583307245,-1.0170809022543625,0.42995368663041744,0
E2,E2_2013-8_99,0.2191567758856375,-0.5953574718754397,0.1270830038866617,0.3419882125939536,-1.919455699912332,-0.40646110910277805,0
E3,E3_m_1073,1.6489954615495679,-0.6574847213080246,0.8300250800778552,0.4372521908399742,1.0227079654564957,-1.0734940432696438,1
E3,E3_m_1081,1.700346249420203,-0.7329412697489617,0.8744292274287881,0.5437521922985519,1.1828302190858435,-1.496200794818123,1
E3,E3_m_111,1.616437465560713,-0.5931973931623035,0.8553690156058118,0.5213422561541474,1.1301300019362095,-1.1933954733469152,1
E3,E3_m_1110,1.6732218266741719,-0.6781177032050403,0.8595451839670915,0.47801607145036973,1.1211886393151513,-1.2205956491737053,1
E3,E3_m_1116,1.6033333270402537,-0.5612758631003548,0.8519858440244802,0.4933424267782816,1.1140121328586237,-1.061402067752335,1
E3,E3_m_1117,1.5758026646345975,-0.5155451186815785,0.8420570998530306,0.44507622358817056,1.0669721158377525,-0.847632129668335,1
E3,E3_m_1119,1.6280916595804173,-0.5804618285210731,0.8604655638882376,0.4805202918928527,1.1385810385252442,-1.061012382660929,1
E3,E3_m_1123,1.190188084894599,-0.057882925360635225,0.9401032099148016,0.057671632654471894,0.9848127308218414,1.1167476782101926,2
E3,E3_m_1127,1.6415072779963034,-0.6012818089183746,0.8538576027722332,0.48496425613938526,1.1266939715815543,-1.1122808814374685,1
E3,E3_m_1130,1.617837102250898,-0.5716585900712478,0.8518553519509877,0.50324103291465,1.1265953814288296,-1.1105305322394299,1
E3,E3_m_1133,1.6703374538402724,-0.6718325338763073,0.859113265761872,0.5114611228483034,1.1386675954209549,-1.3045615807085278,1
E3,E3_m_1143,1.5558551590073801,-0.46424024005984266,0.7649078685865442,0.34796822691704943,0.8540311784633048,-0.5091429132746663,1
E3,E3_m_1148,1.5685186492340022,-0.5172475490399596,0.8039182561219878,0.4301240214864726,0.9657488150740837,-0.8163564427118947,1
E3,E3_m_115,1.489990331880202,-0.43723956575781986,0.8450456930928026,0.46898577767717176,1.0505093677092054,-0.7634627635245672,1
E3,E3_m_1150,1.5290066389851171,-0.45980082002067596,0.8379300477575098,0.4205793274398001,1.0329895501564974,-0.6771746638964206,1
E3,E3_m_1151,1.703148257470021,-0.7265268753731712,0.8663772262920423,0.4845914673942631,1.140149152137592,-1.3223708731557244,1
E3,E3_m_1154,1.5299315886075866,-0.46544018009942556,0.8534721395382067,0.42480351166880587,1.0676505342940414,-0.6936774311871955,1
E3,E3_m_1155,1.5670438086828098,-0.5400189180982178,0.8344225007940036,0.4232616655056651,1.0159304376469527,-0.8227885894636894,1
E3,E3_m_116,1.6098092025312642,-0.5385272975415163,0.8490254710267607,0.4478310049894248,1.1028575138604872,-0.9008167817359535,1
E3,E3_m_1163,1.6172241745075056,-0.5648983965318741,0.8552596538093913,0.46375599032354914,1.116882114626247,-0.9873013528451742,1
E3,E3_m_1170,1.6058606236501407,-0.566522492156154,0.850294286318214,0.5101095653273592,1.1183499747009429,-1.1182613530405074,1
E3,E3_m_1182,1.5231867087236497,-0.4332175114862616,0.8148647645105821,0.35793293537673326,0.9583764957171496,-0.4636748320279958,1
E3,E3_m_1184,1.449191348493486,-0.4079481715050611,0.8479126888466247,0.3446898095955341,0.970224034174105,-0.35176315378019923,1
E3,E3_m_1187,1.633959008130479,-0.6032813833844723,0.862178368128708,0.5340559745742908,1.162775669789004,-1.2490946702068062,1
E3,E3_m_1188,1.6125134635992366,-0.5876321706173673,0.8475808358411062,0.45816375558509165,1.0790809583840033,-1.0070725016684396,1
E3,E3_m_1198,1.654722058463292,-0.6299122485130739,0.8450853863439235,0.43221042679578936,1.0752566379714665,-1.0144463806068917,1
E3,E3_m_1225,1.474357886562114,-0.4159333626415005,0.8478874661104518,0.5095163698756962,1.0757059529883704,-0.8388806869716321,1
E3,E3_m_1226,1.5606817557890322,-0.4973620623018137,0.8522166659727768,0.4299805678618608,1.078096700859999,-0.7686981692972479,1
E3,E3_m_1243,1.6953264404207489,-0.6193771143760533,0.8983923108426733,0.46476077131025223,1.2563505709347165,-1.089241704515153,1
E3,E3_m_1247,1.6515662890284422,-0.6451490655906992,0.8733121375824683,0.540932416593544,1.1836860248910848,-1.3360680168761279,1
E3,E3_m_125,1.6337669665567907,-0.6445912861850667,0.7552499006294052,0.3716656747287057,0.8137696963980228,-0.8842922338836746,1
E3,E3_m_1251,1.6088769057579178,-0.5747578140430177,0.851161185660421,0.5066970378035474,1.116576665102565,-1.1221204639538889,1
E3,E3_m_1253,1.683574925337835,-0.6581848539108859,0.8700975155852028,0.5293849017421756,1.193130699102091,-1.3357084092405611,1
E3,E3_m_126,1.664898519797224,-0.6405011483894648,0.8714692255456497,0.4858015399781996,1.1659712885485412,-1.1782805007836046,1
E3,E3_m_1274,1.6951626527684738,-0.7769887137543123,0.8300404618270448,0.45540494614193183,1.006534438979376,-1.325240762176271,1
E3,E3_m_128,-1.9824908884510084,0.5911959497149277,0.043423422731524386,0.2572024961716929,-3.544741263317096,2.4132206299136048,0
E3,E3_m_1282,1.650591828051537,-0.6347946325890016,0.8568545288808247,0.45014699297458777,1.1043026045330757,-1.0678469620057407,1
E3,E3_m_1283,1.6977783227833967,-0.757213424168623,0.8567177493427326,0.397089581564555,1.0497435402844075,-1.123187361520196,1
E3,E3_m_1291,1.486003446575236,-0.4347377440355771,0.8295864227294452,0.44474981901680777,1.0008299520202533,-0.6941231119771799,1
E3,E3_m_1298,1.5413713210254025,-0.49206205702608996,0.8038944695480462,0.4420937129610176,0.9609160680186746,-0.8018246445479881,1
E3,E3_m_1299,0.665588046219293,-0.8148697938268313,0.8311153333881756,0.5395644719640986,0.05734495282285286,-1.2586715540280282,1
E3,E3_m_130,1.570000832331898,-0.4749385651924436,0.8573562961061415,0.37360057929583157,1.0819077920812132,-0.5765691265559894,1
E3,E3_m_1301,1.5678705723704587,-0.5254156974787936,0.8379427067185196,0.44325041081115546,1.0435580705966268,-0.8560695792199307,1
E3,E3_m_1303,1.5101556023841585,-0.4340493292403,0.843965047353794,0.4783003765498426,1.0738908468085602,-0.7922877634220606,1
E3,E3_m_1308,1.6839758481294862,-0.6935156861448095,0.8574826019629959,0.48198946636895384,1.119876909262726,-1.259937300464481,1
E3,E3_m_1313,1.5484880819610973,-0.46604293796993496,0.865694279524081,0.47932176158150425,1.140822366944769,-0.8517525167305082,1
E3,E3_m_1317,1.6245328490219497,-0.5809885038206956,0.8252788839927229,0.4665537753122544,1.0486989818611283,-1.0311765055124473,1
E3,E3_m_1325,1.6522167391416267,-0.6367819224653025,0.8375038558355309,0.47727084390937036,1.0755132186221468,-1.1537045321329367,1
E3,E3_m_1330,1.6333458901471543,-0.5816109880018473,0.8564449878885815,0.4788873663127993,1.1330127817869837,-1.0611701918680374,1
E3,E3_m_1331,1.6847867142156367,-0.7656348484887712,0.8212115491716396,0.3772254206536772,0.9425500063961378,-1.0856169726873597,1
E3,E3_m_1332,1.6404006411781533,-0.6281096901777534,0.8475818880905848,0.5108765357467926,1.1095794466997928,-1.2282875729906035,1
E3,E3_m_1335,1.5719169123234955,-0.5036609739243901,0.8595861083987183,0.42871518903326034,1.1009250094034941,-0.776672660954695,1
E3,E3_m_134,1.6094286558751798,-0.5353718679475064,0.8582282029582357,0.5265271023070413,1.1662018901959388,-1.1156443159360199,1
E3,E3_m_1340,1.5174907900384402,-0.46571711753462414,0.8399342833831681,0.434572447550115,1.030490094414921,-0.7212197050779858,1
E3,E3_m_1343,1.581475437918795,-0.5233701769346427,0.8489522780326443,0.47727515734830817,1.1001266741922362,-0.9507348619431298,1
E3,E3_m_1345,1.6425778550645758,-0.5656532200797612,0.8539575183633255,0.39031115287144463,1.0990152080655449,-0.7901476678784968,1
E3,E3_m_1353,1.545657319652614,-0.4883094154536389,0.8459742088195878,0.3612550032967007,1.0191331482900394,-0.5569676575238343,1
E3,E3_m_1354,1.562744031643218,-0.46291355310813254,0.8318970935896028,0.4237409263486844,1.0512194065930036,-0.7045190024705945,1
E3,E3_m_1359,0.6527564906870568,-0.8266878752694037,0.959649747225574,0.6646016180118446,0.392056945086562,-1.5889824804697987,1
E3,E3_m_1361,1.6142413398908844,-0.5947065995571665,0.8493020081788187,0.5370158099533675,1.1217874027214243,-1.2409942837831693,1
E3,E3_m_1362,1.5024042507045483,-0.4392871913958977,0.7854392391452778,0.3921460185635472,0.8871516334959824,-0.5708621377086073,1
E3,E3_m_1364,1.5953305507918771,-0.5029502919166152,0.8869883959285825,0.5531295501926164,1.2501157416953557,-1.1276686489411922,1
E3,E3_m_1371,1.6126595633628675,-0.5593095512651386,0.8354297185585212,0.4886686579260622,1.0844044072570973,-1.0531897689853529,1
E3,E3_m_1375,1.617174265369452,-0.5900997778297183,0.8488862307297835,0.4920392929479185,1.1027347142138058,-1.1079039652204046,1
E3,E3_m_1385,1.6026645028851472,-0.5760893330146708,0.8453938169231647,0.46037228201197866,1.0727218904866753,-0.9926847360192003,1
E3,E3_m_1387,1.5371826759768803,-0.4659005652243403,0.8611338338715091,0.4060957227269806,1.0816156927475928,-0.6418596690634408,1
E3,E3_m_1399,1.6143963905178325,-0.5925921518737081,0.8395568976235498,0.4622640902624048,1.0621402952179229,-1.0292711322461199,1
E3,E3_m_1406,0.4683320975087723,-1.3437170345714484,0.7723536028587066,0.03685536183591548,-0.8314325535622564,-0.6000234560714657,0
E3,E3_m_1407,1.6255009293208826,-0.5892745982597604,0.8472394753556874,0.48411521837618793,1.1032440409900497,-1.0876361525641753,1
E3,E3_m_1409,1.5921947517681259,-0.5590713156374693,0.8601395018378031,0.45583271324673347,1.1033830183455617,-0.94571003632132,1
E3,E3_m_1411,1.663199292461708,-0.597053429964702,0.8650960998748054,0.5114054757123798,1.1887175399614196,-1.1849265425318172,1
E3,E3_m_1439,1.6049143732848148,-0.5455982251244649,0.8243493667912597,0.5135813476365473,1.0732518962363073,-1.102931694250284,1
E3,E3_m_1442,1.5722159445172563,-0.5303164987754003,0.8537300923908351,0.4592652983315975,1.0886112996464568,-0.9058988827135976,1
E3,E3_m_1451,1.6398570257292868,-0.5998505440760955,0.8515039460600881,0.4634356798999593,1.1094055658934117,-1.0493103751020156,1
E3,E3_m_146,1.64495408932613,-0.6017375695752166,0.8436338385652531,0.3773683695655531,1.0503833484444345,-0.8129694328621573,1
E3,E3_m_1463,-1.9833550363237882,0.5812051148248208,0.10188857329800201,0.16142254912620416,-3.470466210960109,2.685643812993223,0
E3,E3_m_1469,1.6236669031964124,-0.6184973956222498,0.8436024051942694,0.4537556541492086,1.0604792322129466,-1.0472487106202895,1
E3,E3_m_1492,1.5343617551982205,-0.4572260339756977,0.8404716119107645,0.42373883093381404,1.0469030630443366,-0.6832950324336824,1
E3,E3_m_1510,1.5125763367396918,-0.45590415717712574,0.8606822781238851,0.436276542256015,1.0789514818891266,-0.7032348837074998,1
E3,E3_m_1524,1.5881229958373075,-0.5320251691795257,0.8656383710642719,0.46276582152567797,1.1311969847147276,-0.9206154549615899,1
E3,E3_m_1528,1.620505187646922,-0.584815410658868,0.8384722822631199,0.46751452543641175,1.072752268857301,-1.0345899711230173,1
E3,E3_m_1543,1.5491466838312655,-0.4760097937459464,0.822190331033897,0.40415817136624127,0.9987310071872602,-0.6673396638829281,1
E3,E3_m_1544,1.6713286251264083,-0.6735259569696748,0.8761862053930702,0.5071409888149849,1.174637016799916,-1.2904137802288007,1
E3,E3_m_1547,1.6605364801851137,-0.6445272363958104,0.8528371972826174,0.40986127306236564,1.0779389638757377,-0.9736182298246926,1
E3,E3_m_1562,1.5010480702188274,-0.4417710409470031,0.8642988356997974,0.5222865449458466,1.1294345267046675,-0.9194949457487938,1
E3,E3_m_1566,1.6418341268319239,-0.6065141944045067,0.8470726009605437,0.5269077534027139,1.1307321710241447,-1.2409735280141394,1
E3,E3_m_160,1.6058663760476914,-0.5659562841205092,0.8561250842591829,0.5063415229505841,1.1297827706840795,-1.1050674988217664,1
E3,E3_m_1603,1.683623150135507,-0.6740614236782146,0.8737772523603748,0.47494105099124595,1.1636787934435044,-1.2052342560631908,1
E3,E3_m_1605,1.554556928048034,-0.5025446735417375,0.819415800678683,0.39938417174662344,0.9797193832017786,-0.6974401241421455,1
E3,E3_m_1610,1.5034519465892942,-0.44187287250450175,0.8266270936894828,0.3759767856989405,0.97051505779577,-0.5177006117689841,1
E3,E3_m_1637,1.6344868936948518,-0.6309582229340618,0.8366019268752359,0.4191689369145646,1.029657404625479,-0.974498395567694,1
E3,E3_m_1644,1.6394249672484784,-0.5960274935424492,0.8502406021040132,0.4712622220810791,1.1124853604583846,-1.0657528722833156,1
E3,E3_m_1662,1.4801705102750806,-0.4294106380935445,0.8555477594198513,0.4893384096839261,1.0799796949913147,-0.8024623633185101,1
E3,E3_m_1668,-1.6514446324621117,1.1918410369922512,0.7070498462858206,0.0008044338155424753,-1.5293794321728302,4.137400677695837,2
E3,E3_m_1673,1.66142782198209,-0.6554129722189886,0.8507371095615202,0.5573148160740363,1.1450229080671344,-1.4081416138077527,1
E3,E3_m_1682,1.5268705550526451,-0.4571825354025389,0.8632392576838092,0.5351131175998423,1.1492539065751206,-0.988902727929299,1
E3,E3_m_1689,1.604763228802514,-0.5133560691555922,0.873206255665704,0.5363901298021414,1.2133223866773282,-1.1036584863371641,1
E3,E3_m_1692,1.5774493539682775,-0.48453113056423047,0.8340887691724999,0.44222681462903973,1.0671769239251574,-0.7946428549283369,1
E3,E3_m_1702,1.6857014062040125,-0.7210654110698098,0.8543126705374975,0.488018759870823,1.101566025371521,-1.3209570644882545,1
E3,E3_m_1707,1.6264938074673174,-0.6003964216357004,0.86045374812853,0.5476418503077228,1.1606431351556412,-1.2809193819483067,1
E3,E3_m_1723,1.5836192519798389,-0.51200241368429,0.8570102338242104,0.4973448735175801,1.1373379017456466,-0.9883941510998769,1
E3,E3_m_1741,1.5303751302718693,-0.47192418017412224,0.8198913547634635,0.47080287872622073,1.0131192266450524,-0.8434870821937296,1
E3,E3_m_1764,1.5440277566483307,-0.4865562973761375,0.8413900662009668,0.48070925673120124,1.0709290781657217,-0.8926864734709793,1
E3,E3_m_1765,1.6025162670025044,-0.5425423416810305,0.8459543090949933,0.4169319517418381,1.0705514453506755,-0.8179697613487779,1
E3,E3_m_1773,1.6198815040514365,-0.5779203384146614,0.8655564170911568,0.5222053847851499,1.1655502245347364,-1.1705828711220463,1
E3,E3_m_1789,1.646717046016347,-0.632387629347637,0.8407243459789824,0.45550502403262355,1.0686779714103647,-1.082543303288114,1
E3,E3_m_1797,1.6471595765480969,-0.6423543381699929,0.8444215103868565,0.44923347230770944,1.068312848289145,-1.079271091681212,1
E3,E3_m_1798,0.5897564713555183,-0.8604688832902547,0.9309415424033819,0.3818190905803736,0.10031037976364543,-0.8277042575994857,1
E3,E3_m_1801,1.6139676354234045,-0.5987155750334946,0.819853560430489,0.44770736173101616,1.0063748196666413,-1.0030560656359349,1
E3,E3_m_1811,1.622649678313361,-0.5746914840099229,0.8807651166641981,0.5299828034112296,1.208217695217828,-1.184207143037252,1
E3,E3_m_1813,1.688858348969351,-0.6570021812820476,0.7879459191146231,0.444505427326681,0.9701435669444393,-1.119354246259474,1
E3,E3_m_182,1.5100830226228754,-0.4586423543625803,0.8271712604583416,0.4655257809228123,1.0151963462277027,-0.7988670963210952,1
E3,E3_m_1836,1.6069953699280888,-0.5482205832796493,0.8475491089055625,0.43568064061367656,1.0848912946279399,-0.8808410090482329,1
E3,E3_m_1844,1.655483053437882,-0.6488326900209304,0.8357632155593396,0.47118269580839073,1.0645127313529326,-1.1567159271747205,1
E3,E3_m_1856,1.6763889709691,-0.6446207820938489,0.8663157173907473,0.5538101214754121,1.1985301576102212,-1.3824039201464051,1
E3,E3_m_1858,1.5637046332690872,-0.490563494812773,0.8757719313504437,0.4256164339112186,1.1354288419906458,-0.7401953371301638,1
E3,E3_m_1862,1.684771302737678,-0.6944743832806239,0.8456075829876505,0.4729378099944071,1.088704405014812,-1.2395114014062811,1
E3,E3_m_1865,1.6515189241942119,-0.6398155212088711,0.8635269351247906,0.5254763825910893,1.1566991261145099,-1.2869444078452728,1
E3,E3_m_1873,1.6040256344767883,-0.536133098824428,0.8544066210330216,0.4869429757459704,1.131338586127765,-1.0041116890308952,1
E3,E3_m_1884,1.6410118567399394,-0.5969168292411483,0.8482798229218589,0.5031146473186691,1.1257651008690996,-1.1582867414395335,1
E3,E3_m_1885,1.5343392932469908,-0.4703243777067104,0.717995019799016,0.39549833462431744,0.7498746263569558,-0.658752698622061,1
E3,E3_m_19,1.6135763517119714,-0.5845642753963037,0.8572893743031402,0.5213023227698611,1.1367211177969105,-1.1784192759505059,1
E3,E3_m_1905,1.5249712138864113,-0.483913721781845,0.7993004599668874,0.4392532369045551,0.9383480148952814,-0.7767787595189686,1
E3,E3_m_1907,1.6032501819677747,-0.5470339785246632,0.8509867695079815,0.5102551531683304,1.128824887185368,-1.0875196050389528,1
E3,E3_m_1910,1.6695625505169776,-0.6782745927904454,0.8540717379192763,0.5144372014685643,1.1244505379456844,-1.3240753783012624,1
E3,E3_m_1916,1.4632754348321504,-0.3886205906657513,0.862647960311629,0.5155363931415723,1.117331360057269,-0.8056702686663127,1
E3,E3_m_1917,1.6014177264258445,-0.5632136914709116,0.8578524920902657,0.4604650980776286,1.107000334906037,-0.969092697553565,1
E3,E3_m_1923,1.6241235635061777,-0.6086544452483612,0.8260037955022729,0.4212944180422259,1.0101575577782718,-0.9455212770177508,1
E3,E3_m_193,0.6453510004551873,-0.7690120221119957,0.9617059703637117,0.7219961313738513,0.45322575368025797,-1.6591418942534863,1
E3,E3_m_1932,1.6013660485207117,-0.5521621437658246,0.8403361430377716,0.46658339434205676,1.0773007686475138,-0.9743589164630675,1
E3,E3_m_1944,1.5790496881803255,-0.52670488581511,0.8322563280780406,0.47140757176414005,1.0553878437246078,-0.9432194927175461,1
E3,E3_m_195,1.5524867832450073,-0.4851656671267638,0.8522725195752895,0.5008110761755361,1.1146698392612937,-0.9472273146675584,1
E3,E3_m_1954,1.6695639728329232,-0.6790916579187272,0.85997165162607,0.5074441937437594,1.1335411203033579,-1.3038755525410293,1
E3,E3_m_1955,1.58443148955828,-0.5303043281745498,0.8406399111289934,0.38581125124389726,1.0323297678882424,-0.7062899511493318,1
E3,E3_m_1961,1.5571114415292944,-0.4656942905663605,0.8536670434614998,0.4025383406070315,1.0819774595748954,-0.6406436842813875,1
E3,E3_m_1962,1.5978410146705415,-0.5589898741948427,0.8326514097189286,0.42937680865608124,1.033275769710429,-0.8806656682661657,1
E3,E3_m_1963,1.6465438196020759,-0.6705315257891569,0.8086362217691899,0.37437449344303453,0.9319091335411065,-0.921123507810217,1
E3,E3_m_1967,1.5083476901022932,-0.4371282885999635,0.8375809314862939,0.4562520377603629,1.0445257265860082,-0.7358989827227174,1
E3,E3_m_1968,1.543363902845341,-0.47212667249590345,0.8514226129699782,0.5030420880681664,1.112875815008844,-0.9304696140878435,1
E3,E3_m_1969,1.5114283727039102,-0.4193840658200572,0.818547996914441,0.3589225757569125,0.9640644666918339,-0.43995599044645173,1
E3,E3_m_1970,1.6282010630170178,-0.6277848993075159,0.8316426473145724,0.44132978971183795,1.0260487863478214,-1.0314615218483394,1
E3,E3_m_1971,0.7785591167831968,-1.6786941052919797,0.5379505665466797,0.18334364368158262,-1.181311865113707,-1.7068280733200294,0
E3,E3_m_1972,1.6511452107760014,-0.6121218457252141,0.8642215708804961,0.5556460535988255,1.1897914861926395,-1.329217804531763,1
E3,E3_m_1973,1.609325465940691,-0.5322382352158507,0.8499162438491473,0.4452653575772064,1.1067041064868868,-0.8834456991154983,1
E3,E3_m_1974,1.4874705968461697,-0.4262044480630727,0.8267262058374663,0.35672654468872084,0.9546323561324822,-0.43347879773575904,1
E3,E3_m_1977,1.592998422917612,-0.5238259210662308,0.8328396333392917,0.4371388826293041,1.0536012818278646,-0.8466543163116151,1
E3,E3_m_1978,1.6440166781651924,-0.6305566042722909,0.8275489594907466,0.4830373865518335,1.0520744984933283,-1.1603775597501822,1
E3,E3_m_1979,1.5765636026921503,-0.535652959568113,0.8361109743839494,0.4605280675527557,1.0507828199409572,-0.9242749168410697,1
E3,E3_m_199,1.599061985241709,-0.46241214661271995,0.8446370605815444,0.3934576989547021,1.09855271832733,-0.6272764944795742,1
E3,E3_m_1998,-1.9870982692979318,0.5066035625565659,0.06650326279673564,0.23106263276374062,-3.560162899640408,2.3649798962984363,0
E3,E3_m_2003,1.6045576412233185,-0.5405741543517961,0.831088773041866,0.43263352480239875,1.0485229277035637,-0.8643028980035381,1
E3,E3_m_2007,1.715050364056561,-0.7203459731585249,0.8747418836642606,0.4993613577173003,1.1814881375325343,-1.3563905763452546,1
E3,E3_m_2016,1.5046931945663649,-0.4565809122804041,0.8406109911452002,0.4750672612634882,1.0464289240297622,-0.816911715332008,1
E3,E3_m_2022,1.5506708644212799,-0.4672384588264819,0.8569514871273513,0.3921553628199224,1.076912890816221,-0.6104628134416078,1
E3,E3_m_2029,1.6463370621088047,-0.6091621144146582,0.8035990780253225,0.4697681757726301,1.0060391254396244,-1.097577141562376,1
E3,E3_m_2032,1.5114912478362408,-0.4738575432714442,0.8442350766472743,0.41076437121182985,1.0172565483114175,-0.6631180182746633,1
E3,E3_m_204,1.5559373558402287,-0.47427367429403716,0.859096763281631,0.3976474198518739,1.085496940721542,-0.6380702457155748,1
E3,E3_m_2050,1.5107647163607152,-0.41443455121171713,0.8527402305144067,0.42426522389611726,1.0772138827033997,-0.6070067235086776,1
E3,E3_m_2054,1.5845356337937104,-0.5551052525383545,0.8747655537626302,0.5033014418947993,1.1561099978788383,-1.0668950895863838,1
E3,E3_m_206,1.537351091268042,-0.48672216278976643,0.8569912011938874,0.48866889371687633,1.103668631724528,-0.9086194015607184,1
E3,E3_m_2067,1.6203629715091152,-0.5596668264743507,0.8552785626394763,0.4029145007385851,1.091047775118934,-0.8083480101755924,1
E3,E3_m_2080,1.6223812376108009,-0.5994198233248549,0.809966468075442,0.424327018530543,0.9795033071704331,-0.9438455706771083,1
E3,E3_m_2086,1.6290799990364475,-0.5821720297472928,0.842476061534089,0.4517448207445249,1.0831095924820597,-0.9878090052853931,1
E3,E3_m_209,1.5983244184265653,-0.5922465739575927,0.8464696640236566,0.44648908437095675,1.0543735724211927,-0.9765035979412844,1
E3,E3_m_2093,1.6841075590555465,-0.7217008321708276,0.8355495967895095,0.4729172603450957,1.049707629245848,-1.284064120218201,1
E3,E3_m_2105,1.6343955525504354,-0.59369783459238,0.8599390483112835,0.4149236012022484,1.101303244520549,-0.8983497533271364,1
E3,E3_m_2112,0.6753455864664583,-0.8668918670269129,0.7657964529134024,0.6320958684950765,-0.061592267574842416,-1.622581841921255,1
E3,E3_m_2125,1.6553208785505147,-0.6289185593137637,0.8351352190016683,0.4883571219567403,1.083513112717831,-1.1746970209681242,1
E3,E3_m_2141,1.4880982793849842,-0.45412273608022835,0.8355919617343678,0.44121675629648804,1.0031699572780006,-0.7130277080834684,1
E3,E3_m_2142,1.5882005689518446,-0.5192094392474501,0.8181979151383331,0.42060086867575297,1.010249608941435,-0.7952966348922728,1
E3,E3_m_215,1.5625195365257754,-0.4890856312594303,0.873347164075629,0.5407725450358807,1.1900744827871166,-1.0637256122077803,1
E3,E3_m_2171,1.6021226759562144,-0.5229187289268312,0.8667717885040417,0.48729100532425507,1.1651172019611067,-0.9805147981435446,1
E3,E3_m_2172,1.5811316658165082,-0.4865607447001092,0.7710395415692285,0.38168860476210775,0.8963952787105741,-0.646008888548541,1
E3,E3_m_22,1.6330458481965093,-0.6000470288724017,0.8575244597921191,0.49866953863026925,1.134811942770737,-1.1450900024662212,1
E3,E3_m_2225,1.6307567874154538,-0.5972277317872625,0.8615400477094091,0.4302437305508358,1.1074302608852369,-0.9453575606858916,1
E3,E3_m_2239,1.7004805807257313,-0.5055777969601919,0.8985278055392044,-0.14842329092266504,1.0062741795795815,0.8177541136127248,2
E3,E3_m_225,0.0011853702143424006,-0.08716401722549183,0.9712244189660932,0.24550671457242154,0.011534493894052453,0.9682486636665324,2
E3,E3_m_2253,1.5642129231683142,-0.47443856686690283,0.8173407009960634,0.3684822764913338,0.984323505463697,-0.570762966371571,1
E3,E3_m_2282,1.597123689022989,-0.5336875962038453,0.864673774152939,0.4997290937332035,1.155951149315157,-1.0311135448379865,1
E3,E3_m_2285,1.5156835802537585,-0.45749557835469,0.7552872228601032,0.36314084540285896,0.806335759000139,-0.5302510455252726,1
E3,E3_m_2301,1.6229276692101586,-0.5861945324312438,0.8346083912575832,0.4678574856527354,1.0657591256880488,-1.039645670515333,1
E3,E3_m_2318,1.522560626978196,-0.45146938864551656,0.8505865885562075,0.44112359900208103,1.0708733178519458,-0.7165119623252987,1
E3,E3_m_2319,1.6662978453827653,-0.6430496796056474,0.8382700373528942,0.4610685343258902,1.0784186670236826,-1.122301524209626,1
E3,E3_m_2324,1.1800743375431317,-0.48424255546984846,0.9878836963206695,0.7398469885484483,1.1923150564440872,-1.451510030848185,1
E3,E3_m_2330,1.617824331975966,-0.5807706163105073,0.8289684036766679,0.4762752820779241,1.0558475579570354,-1.0549020465946937,1
E3,E3_m_2346,1.6169987588582266,-0.5960549950941657,0.8510520508753222,0.5269579686408684,1.1222655073940901,-1.2151096175361937,1
E3,E3_m_2352,1.5712215063890067,-0.5275740390871241,0.8360326122202506,0.4753897709510964,1.058033366597802,-0.9519770097745955,1
E3,E3_m_2360,1.6850538302695142,-0.6590362315881706,0.837302604258593,0.43451597964538785,1.070791974352701,-1.0787615339847254,1
E3,E3_m_2362,1.5914646194050588,-0.5497042500777051,0.849250197295602,0.45642397842421334,1.0840259419820426,-0.9358095405282681,1
E3,E3_m_2380,1.6345904978756358,-0.6022960083919962,0.8453822316858541,0.486628010230071,1.1014329761067227,-1.118541148681449,1
E3,E3_m_2426,1.5887700490466294,-0.5093692964044833,0.8657930539541159,0.4635743578926514,1.1457331724169915,-0.8881675105032172,1
E3,E3_m_2439,1.5106379305359632,-0.44983006596178654,0.8561822918989528,0.4597012608027163,1.0828306185399108,-0.7606993573300749,1
E3,E3_m_2443,1.607558537724943,-0.5547782929642516,0.798881691129216,0.35841127077498375,0.9320085361348127,-0.6866678693033228,1
E3,E3_m_2444,1.6049364719670727,-0.5030301522977336,0.8124612624261883,0.3559985030509822,0.9887553949352442,-0.5952772598653538,1
E3,E3_m_2446,1.6081052749487017,-0.5646492501480778,0.8235862984428313,0.4604707711677501,1.0356665874025204,-0.9834992387845953,1
E3,E3_m_2457,1.616175179261632,-0.5917269534823845,0.8137237885242453,0.49383913477033353,1.0229508949186972,-1.125227875384253,1
E3,E3_m_2465,0.782975074693497,-1.089484487573036,0.8482495350236678,0.5868848427424321,0.07213785370264576,-1.8520981511831727,1
E3,E3_m_2466,1.4892684032887618,-0.40625907264169825,0.873145330979101,0.5096464299376687,1.1521227629880695,-0.8223482477674179,1
E3,E3_m_2469,1.607878489795837,-0.5131131059185983,0.8579024144007027,0.44129428921270836,1.132264245865622,-0.8399456010765745,1
E3,E3_m_2473,1.4963473735377664,-0.44338892784067635,0.831585575333293,0.489599040761529,1.0335743221329567,-0.8373080778676242,1
E3,E3_m_2477,1.678288910804463,-0.6784654782242293,0.864939569255367,0.5089920757697134,1.1541058355026026,-1.3089343436043264,1
E3,E3_m_2481,1.5617015569165458,-0.5048130490840507,0.8580888912517591,0.5070701435040045,1.1282983174461112,-0.9967786969340077,1
E3,E3_m_2484,1.646709017671595,-0.577003942449287,0.8628795089294805,0.45896895515643754,1.152314588166313,-1.000624346125239,1
E3,E3_m_2493,1.5007301796088244,-0.44832434322992576,0.8449705630991885,0.42697242075251185,1.0320461629778361,-0.6655841089671553,1
E3,E3_m_2494,1.6309121763603067,-0.6059036321416705,0.8406838019611383,0.47576945106443513,1.0796352140642262,-1.0934572025338418,1
E3,E3_m_2495,1.6469521427281861,-0.5967532586224018,0.8234741213568558,0.42812568482901514,1.0365651187292944,-0.9552542316339296,1
E3,E3_m_2496,1.5589097533199217,-0.48716587368538655,0.8589289761093399,0.49201731885952316,1.1298992021855434,-0.9258048516133749,1
E3,E3_m_2497,1.5798088246799757,-0.45766946500327,0.8142850465851723,0.36069175140418314,0.9978755876838884,-0.5292636690076353,1
E3,E3_m_2498,1.6084997898319833,-0.5722848561783386,0.8339478729184479,0.469554400599971,1.0595982132580444,-1.0181138913603431,1
E3,E3_m_2501,1.5792785179705928,-0.5140277019160753,0.843597893192064,0.3912127190054668,1.0463690074726562,-0.6938112078064728,1
E3,E3_m_2503,1.6515261582564091,-0.6466586071065235,0.8447036027988646,0.47369846411642763,1.083396284186873,-1.156520659687151,1
E3,E3_m_2504,1.4949523371832345,-0.4385155718439322,0.8424385543885577,0.47980194366071316,1.0542838159508021,-0.7984998076477251,1
E3,E3_m_2505,1.6540479481525203,-0.6711058388710254,0.8345461878712448,0.44848486196765286,1.0356009938658526,-1.1267230916538935,1
E3,E3_m_2509,1.6127117167749714,-0.5453789541508083,0.819012998670638,0.4061750791212925,1.0125050044666501,-0.8032468223582613,1
E3,E3_m_2510,1.662794361089201,-0.6590637713151217,0.8579120321743879,0.45880846725642416,1.1086624938868601,-1.1337289547223623,1
E3,E3_m_2518,1.5745111311942457,-0.5282825766977938,0.8543425854762838,0.5175686186648526,1.1238886157815156,-1.0682121492827412,1
E3,E3_m_2519,1.6559577508728214,-0.6429594624230199,0.866505468720581,0.4808750077775042,1.142377561709463,-1.1664172180218173,1
E3,E3_m_2523,1.6131947030458673,-0.5697594711556625,0.8692793872437223,0.5265537700176135,1.174590276497266,-1.1668757457188077,1
E3,E3_m_2528,1.6639293371876194,-0.6649304977828286,0.8381898005463915,0.4826944776499873,1.0746276168484328,-1.216346555706808,1
E3,E3_m_2531,1.513023263949417,-0.4500928854481742,0.8548313841754968,0.46675231607025275,1.0856000172777287,-0.7822639829661266,1
E3,E3_m_2536,1.5856370048338326,-0.548597664396786,0.8603636297180487,0.4727198424241266,1.112613819293091,-0.9749321920653955,1
E3,E3_m_2590,1.623095754194092,-0.5929523249202564,0.8534854933015463,0.45114625641546174,1.095561632423351,-0.9974681160092395,1
E3,E3_m_2595,1.5439315338945487,-0.47373211753432043,0.83353625689813,0.4021873692711411,1.0195270762815525,-0.6531691610749706,1
E3,E3_m_2599,1.4978598488417303,-0.4476811190077104,0.8513934482777938,0.5118095191441555,1.0885626814229492,-0.9015633411989167,1
E3,E3_m_2609,1.588812953830935,-0.5147419681944527,0.8660770529725844,0.43058911547062445,1.1260060211426415,-0.8031368804684725,1
E3,E3_m_261,1.6241019106104848,-0.4996419692715139,0.7770407366879206,0.22969101863227234,0.8632434078755129,-0.24990475438460963,1
E3,E3_m_2622,1.6811511628546185,-0.7063354925410334,0.7489048687694373,0.4737921184354028,0.8620256815886713,-1.286653696876552,1
E3,E3_m_2628,1.6218545904986124,-0.5457240882336303,0.8528522677136054,0.26112917236096805,1.0208140860147636,-0.38727314880845226,1
E3,E3_m_2644,1.5465207965133612,-0.5192233325291674,0.8392590170569652,0.47134929446793944,1.0446378580536269,-0.9180621761299663,1
E3,E3_m_2649,1.5486761802179019,-0.5175269939886938,0.8152317074387712,0.4200738495261559,0.9669200135165925,-0.7781462167900013,1
E3,E3_m_2653,1.5886788882354512,-0.5910525816531589,0.8338160028296624,0.3657955714611061,0.9752883786073404,-0.7467850888581585,1
E3,E3_m_2666,1.5419000659605677,-0.5257972241920541,0.8346840257604825,0.30313075284433294,0.9380424706247951,-0.45234800743127984,1
E3,E3_m_2669,1.6236604729312087,-0.6140916328959625,0.8461671637806024,0.47337567187272106,1.0790629331118173,-1.0951841102090563,1
E3,E3_m_267,1.6428047341279055,-0.6249033167914085,0.850254404376473,0.46515402202003353,1.0957468497088756,-1.0941752440555803,1
E3,E3_m_2682,1.5687550693278915,-0.5139869151618365,0.8474501788638417,0.48503087196012773,1.094240712182856,-0.9541490689290466,1
E3,E3_m_2685,1.524651339761866,-0.47560912851607906,0.8498919151696728,0.48503052788820006,1.080286242423235,-0.8787700381525824,1
E3,E3_m_2693,1.572789901121947,-0.5117042180528825,0.8664918828500621,0.506524083039631,1.153338175932981,-1.0073513975237998,1
E3,E3_m_2696,1.487125436416973,-0.4269906574699586,0.8502301489303297,0.38564433135084764,1.0217011488714647,-0.5095775908561305,1
E3,E3_m_2703,1.6234055967923429,-0.6057007189158236,0.8545848400227628,0.4221930471504508,1.0757456550975828,-0.935063150714761,1
E3,E3_m_2709,1.6611631152319632,-0.6184041563724787,0.8647739947969532,0.5046627428078532,1.1701403004612716,-1.1981466988108949,1
E3,E3_m_271,1.6447417113740135,-0.6109802166621617,0.8203553473295168,0.4231356435835647,1.0166071298788601,-0.9631902608084107,1
E3,E3_m_2718,1.651820830013668,-0.6495187014909364,0.8511698119949835,0.4962978032973963,1.108354929430273,-1.2230638685516764,1
E3,E3_m_2725,1.5024886700771778,-0.4317977414060451,0.8612473708877748,0.4058972413406639,1.0687545003916687,-0.5764900028055694,1
E3,E3_m_273,1.4845404482007383,-0.375244981443072,0.9008706499385505,0.37990195509194086,1.1598308105320811,-0.39816722759428835,1
E3,E3_m_2732,1.6907973138333883,-0.7029892127326538,0.8676067993035168,0.5205186228237605,1.1637177126342748,-1.3829541226722077,1
E3,E3_m_2740,1.5813027008538456,-0.5228520004766283,0.8606633664167784,0.47196399662363137,1.1237382889177583,-0.9315042967952634,1
E3,E3_m_2741,1.6052808436586385,-0.5248739089631235,0.8357968963241476,0.4413646129486155,1.0734536372713752,-0.8636923367001892,1
E3,E3_m_2745,1.5053163761948996,-0.4443352427747399,0.841296949129757,0.3738862976889692,1.00264437334011,-0.512037202316836,1
E3,E3_m_2749,1.6366876327577538,-0.637116376373736,0.8358216069103198,0.5168059717635812,1.0775783023806482,-1.2609941379876073,1
E3,E3_m_2750,1.5200517646801488,-0.4650821528889067,0.8491585564811495,0.500827441467812,1.0886818460698813,-0.9057921502437762,1
E3,E3_m_2756,1.5779979550366623,-0.5098646448072848,0.8581201527455243,0.4576486004095666,1.1149493971559898,-0.8705860055509382,1
E3,E3_m_2763,1.3159833900799611,-0.7811363630148054,0.9841813635685378,0.7440748532289375,1.1423908923498614,-1.969952067630164,1
E3,E3_m_2771,1.6387088722119183,-0.5934273364127369,0.834463115272481,0.4440494902410693,1.0636829676489987,-0.9890897334368915,1
E3,E3_m_2776,1.6239012658608465,-0.6113571048438917,0.7789817899537514,0.4721980519723269,0.9296254736570211,-1.106985561164753,1
E3,E3_m_2779,1.5322865962325698,-0.4043475534042519,0.8945861573899996,0.46800908940611496,1.2201696942514475,-0.7107011170108962,1
E3,E3_m_2783,1.449285410583388,-0.41907716144151363,0.8527979937875712,0.4468697277342638,1.028349998350224,-0.656396003361458,1
E3,E3_m_280,1.653666905888701,-0.644665030503161,0.8690346326596284,0.4852127621684107,1.1471645065046505,-1.179776324444547,1
E3,E3_m_2824,1.6731875327106316,-0.6333240207867284,0.8572875171415396,0.5208484951325624,1.1645463644423042,-1.27327631925714,1
E3,E3_m_2847,1.6146714889192921,-0.587561040799304,0.8727853337303966,0.528471308373024,1.1745170380920174,-1.1992469888968884,1
E3,E3_m_2848,1.543127768322764,-0.5768364985074742,0.7437533843240535,0.2879606518595764,0.6977464326693393,-0.5146250760149539,1
E3,E3_m_2858,1.698249097851365,-0.7331388320288912,0.8494998903775113,0.553373191285365,1.1298799865974658,-1.5301105107808937,1
E3,E3_m_2862,1.6578418708614837,-0.6651582084663091,0.8557080688528985,0.423715776497682,1.0771093598837922,-1.042807410687857,1
E3,E3_m_2869,1.2248136623557433,-0.4786581946782871,0.987274083241315,0.7245674784114366,1.2284952704677423,-1.4156395092131524,1
E3,E3_m_2882,1.4976998173813634,-0.4052609476440276,0.8555058141314205,0.49990645663274685,1.1160227601897759,-0.8013021403561134,1
E3,E3_m_2887,1.6393767859716633,-0.6331439314222108,0.8098204220052466,0.41282458146738793,0.9696417809058616,-0.969331764992918,1
E3,E3_m_2892,1.5183262716188317,-0.41414470086537114,0.8666781707916652,0.49020302629404344,1.1503367584211366,-0.7916240159558937,1
E3,E3_m_2904,1.5799342934468341,-0.538169598575402,0.8585994234899376,0.42867164613469894,1.0862369914177639,-0.8328400815685731,1
E3,E3_m_2907,1.6295689700116927,-0.6284339029688926,0.853360639158674,0.4838591413707656,1.0979459195161112,-1.1469420492763318,1
E3,E3_m_2935,1.6223702031285667,-0.6020654099147094,0.8380344199876986,0.41917837612965797,1.038189745401874,-0.9253183033341011,1
E3,E3_m_2958,-1.960880372586996,1.4266307959781002,0.0008526183833439102,0.0016736245077996282,-3.268611336090486,4.403317511235715,0
E3,E3_m_2965,1.6225898732100648,-0.5324190901657309,0.8510832163036522,0.45999709027569546,1.1294800497163309,-0.9297053098213305,1
E3,E3_m_2973,1.5437555316303622,-0.5043783495482664,0.8338519206599868,0.45016507694375407,1.0274171552439488,-0.8358746907663093,1
E3,E3_m_2976,1.4910910112436528,-0.42819393925056615,0.838836184818502,0.4939605965296598,1.0559673135740664,-0.8222896847185018,1
E3,E3_m_2988,1.6138701078011928,-0.573931849345611,0.8590145051083619,0.4731511964244805,1.1218073907549322,-1.0255250821658974,1
E3,E3_m_299,1.4907955638483876,-0.4110300838914521,0.8547628558871259,0.4099928227605818,1.0573606683713943,-0.5538020244320292,1
E3,E3_m_2996,1.5796299165779493,-0.568283538827203,0.8437323641277455,0.48479483174375193,1.0645421114628404,-1.042058601718987,1
E3,E3_m_2999,1.6261521604175826,-0.5998113424082033,0.8424292518512093,0.41912493760762315,1.0529007816192317,-0.921765182187882,1
E3,E3_m_3008,1.673286409988973,-0.6727897633873369,0.8386012426299234,0.4909508015121163,1.0841629896024754,-1.2549756823033837,1
E3,E3_m_3010,1.6048641383071525,-0.5347215988934108,0.7789379011937504,0.44729649760851703,0.9429675216821,-0.9117911877020461,1
E3,E3_m_3019,1.577744574446445,-0.52938200171022,0.850495548801217,0.4731425717724793,1.094402424076282,-0.946561823264671,1
E3,E3_m_3021,1.6514036374619745,-0.3559348781485411,0.9348669643773387,-0.09947736656542583,1.1538658807835747,0.9377185889199439,2
E3,E3_m_3028,1.6214317468615969,-0.5804035144954425,0.8737592487278545,0.462375053045876,1.152613410070242,-1.0034723660309612,1
E3,E3_m_3088,1.6603030994315815,-0.6602139641484313,0.8537504780439829,0.42484953525884417,1.0785126325442704,-1.0398202237045588,1
E3,E3_m_3102,1.6383736949616368,-0.5924015522043032,0.8543837964704841,0.43837609459165405,1.105652500164741,-0.9656422109544401,1
E3,E3_m_3127,1.6550677553737365,-0.612626094358001,0.8526901084811023,0.5050321820267781,1.140830785989832,-1.1916036405842918,1
E3,E3_m_3134,1.5174485352499991,-0.45985754250690847,0.8534838408651065,0.4792558414915394,1.087646793416819,-0.8346035119876613,1
E3,E3_m_3147,1.5208835564541068,-0.41078288428077375,0.8537270630300894,0.4458477036279786,1.1024261492143033,-0.6656697516997075,1
E3,E3_m_3155,1.5371636848105221,-0.4729587579564202,0.8527078765904778,0.47638994582841976,1.0954441596404307,-0.8538583880429839,1
E3,E3_m_3159,1.5594504235692337,-0.4702977029389059,0.8390112870480328,0.4584179374716399,1.0779397344440573,-0.8107272155903346,1
E3,E3_m_3182,1.6318846306449224,-0.5673991982231014,0.8746862756400466,0.49866659825357557,1.191145496820828,-1.0894363929068644,1
E3,E3_m_3186,1.637138143211231,-0.622812986070993,0.8464599303743486,0.4820741512688408,1.091960414582042,-1.1378768231578404,1
E3,E3_m_3203,1.5968771746982204,-0.5486723908648001,0.8623363496549337,0.49480190151998615,1.139195311958117,-1.0408627879262433,1
E3,E3_m_3219,1.5898490976881101,-0.5433073878326647,0.8511531062343556,0.44874772209356434,1.0864559519866308,-0.9031366519415683,1
E3,E3_m_322,1.6483455003443543,-0.6640582413984701,0.8470043224742319,0.47582521976678205,1.0765590898188098,-1.1875693201085429,1
E3,E3_m_3221,1.6738693345736062,-0.6842344557804628,0.8619559645103162,0.5547715512762457,1.163876855698417,-1.4465366185561743,1
E3,E3_m_3271,0.7371265508374195,-0.8883547301258471,0.9474960493161141,0.4198860766102978,0.2805585440720808,-1.0254403742396516,1
E3,E3_m_330,1.5169218070345474,-0.46568655128887,0.8335707793054116,0.4241274807762451,1.010228729014168,-0.693270011470365,1
E3,E3_m_3315,1.638375657790559,-0.5950751384181548,0.8781095877025517,0.48258884475698094,1.1804661742822218,-1.087945167018037,1
E3,E3_m_3316,1.5769094406829236,-0.5142035415315881,0.8527004518252899,0.4528397758921117,1.0967294167956902,-0.8648495738639856,1
E3,E3_m_3319,1.5239187197135644,-0.4543624498093338,0.841321293835124,0.49593468605509794,1.078426915159222,-0.8790482928150964,1
E3,E3_m_3320,1.627991042031709,-0.6379281557797044,0.8228697751135237,0.4348096501573048,0.9968747961317712,-1.0311036853079798,1
E3,E3_m_3329,1.4937332926435491,-0.4626335903158527,0.8288695674393599,0.47971218476440325,1.0086583390938537,-0.8388771493490764,1
E3,E3_m_3332,1.143766039458802,-0.5466089942669291,0.9822118414128607,0.7234539251211195,1.1004604548383603,-1.4901283513844432,1
E3,E3_m_3340,1.6375655312449793,-0.6250152586139237,0.852912480820482,0.5069891063534447,1.118609320272398,-1.2100027723537612,1
E3,E3_m_3342,1.656744674924412,-0.6519135265156052,0.8376212898327973,0.42053316392792944,1.0415414292122283,-1.018196584379493,1
E3,E3_m_3343,1.6120277434241357,-0.5854334121535537,0.8459330399621834,0.5179117626985147,1.1075132488014456,-1.1728843508054285,1
E3,E3_m_3347,1.5616324937816943,-0.515036793873148,0.8485221987167195,0.49178067982094587,1.0928357229301446,-0.9720324617931325,1
E3,E3_m_3349,1.586693150545015,-0.526637531451525,0.8639592375624723,0.4908446104928051,1.143922008334608,-0.9916647168487369,1
E3,E3_m_3357,1.5176766836605886,-0.47776524698610945,0.8344087278146458,0.41330292546936276,1.0001362881259765,-0.6813117183592791,1
E3,E3_m_337,1.6293469041023814,-0.5923669502424938,0.8406639076923673,0.4872485374859283,1.0919848668884,-1.1044988437140875,1
E3,E3_m_3378,1.5218514514928785,-0.48497961771953807,0.8561766344301288,0.45531668976791995,1.070717932518525,-0.806427337708772,1
E3,E3_m_3383,1.5357957992515103,-0.4817856899630319,0.8545314327048189,0.49504644701048883,1.1028907791147466,-0.9191972606565396,1
E3,E3_m_3386,1.5899929543457063,-0.5265262950862992,0.8627443752152698,0.43492598055546644,1.1150806187327922,-0.8349294111540098,1
E3,E3_m_3394,1.458948339637058,-0.3922110034456584,0.8492352191918706,0.4405256351436496,1.0417742360333102,-0.601480219164284,1
E3,E3_m_3395,1.6779153101030242,-0.682586100921261,0.8535884787729674,0.4250883498577864,1.0819420983586834,-1.08122343194138,1
E3,E3_m_3398,1.5178868090018927,-0.44326288493465976,0.812334619480214,0.30223637379260127,0.9126726149552473,-0.3205693650469522,1
E3,E3_m_3402,1.6435033726324033,-0.6024028751648554,0.853651231580765,0.40019372932902253,1.0830461000169704,-0.8751363436675931,1
E3,E3_m_3405,1.5844941728245825,-0.502123552947037,0.8094159589570538,0.4434079346666884,1.0089257775024858,-0.8346487320428997,1
E3,E3_m_3407,1.581476573243734,-0.5392455488786045,0.8376546050332696,0.4493819459888205,1.0509634760529187,-0.8995907902864502,1
E3,E3_m_3409,0.5437373058122923,-0.8844477807302088,0.9516048127181308,0.2730232327480736,0.03218335530678292,-0.5349811997928089,1
E3,E3_m_341,1.624244277478187,-0.6435255980675209,0.8303237644517022,0.33908856589723363,0.9566335847326104,-0.765684152201958,1
E3,E3_m_3419,1.66909230188178,-0.6576117107869107,0.8644275858963958,0.5016647061968322,1.1525280511181115,-1.2529895332938075,1
E3,E3_m_3423,1.6475609282061132,-0.5932741693995822,0.8180253895846625,0.3696138110474498,0.9962824157057736,-0.7862637995238856,1
E3,E3_m_3425,1.4774238577155925,-0.43870448688847485,0.8597758083726331,0.44441650410938854,1.057925543736244,-0.6876188070732764,1
E3,E3_m_3431,1.6435216786109847,-0.5702838135795341,0.8125471826902015,0.3995412460931896,1.0092104327561475,-0.8355799564158273,1
E3,E3_m_3444,1.602601878113473,-0.5613401073243977,0.8382993612956784,0.4887411589762949,1.0801855454351068,-1.0521598830867658,1
E3,E3_m_3451,1.5113017813405134,-0.41779225755895516,0.8601902878775972,0.5075647469403238,1.136127293539022,-0.845711058893093,1
E3,E3_m_3453,1.6563408057181828,-0.6395485153266497,0.7770553465710088,0.4436158945705703,0.9246400868576858,-1.0816116029690281,1
E3,E3_m_3468,0.5275595692011611,-0.8095934528658191,0.9191725607600578,0.1969971595299334,-0.05221279335602697,-0.20830181106089876,1
E3,E3_m_347,1.6338243822349336,-0.5935117213750528,0.8659636005356317,0.4568929533200803,1.1363718038153083,-1.0147761907262542,1
E3,E3_m_3475,1.6224786996426015,-0.5363922363494845,0.8376010601588629,0.39596083019268696,1.0632831753344483,-0.7586329677546443,1
E3,E3_m_3485,1.6245721154851913,-0.5849975595377641,0.8586210643554464,0.44232833015085854,1.1084699108488916,-0.9593289122154179,1
E3,E3_m_3508,1.5989990269545609,-0.5298293720733684,0.7598103904098822,0.39058187668711064,0.8676554018601876,-0.7473450287530349,1
E3,E3_m_3509,1.5655015784037167,-0.48850037479939495,0.8593729336227991,0.4928057168863796,1.1367670822858742,-0.9322842152454183,1
E3,E3_m_3513,1.6640737170522613,-0.654757951429315,0.8358712331338748,0.42469852686711934,1.0450803219939977,-1.0374377971323816,1
E3,E3_m_3514,1.656477597486053,-0.6216566269547688,0.8548393439253611,0.5275140343779454,1.1535209917204459,-1.2689548068113539,1
E3,E3_m_3517,1.5306622752552013,-0.46025817100339,0.7910745614511779,0.3965393500023999,0.916637950089379,-0.6239369817370123,1
E3,E3_m_3519,1.6163552241298031,-0.5583199322945638,0.8428708222129339,0.47479117235747686,1.097885545186263,-1.011603103199596,1
E3,E3_m_3522,1.5540625153000038,-0.5021054580463529,0.8304845920575233,0.45362402866769524,1.0327472060796885,-0.846744470817097,1
E3,E3_m_3526,1.686427604432797,-0.7343210297214118,0.8485090786573173,0.45330226900994125,1.063352189642115,-1.2451673247819743,1
E3,E3_m_3530,1.5924541200369449,-0.574107500830094,0.8316113405994561,0.45651859885880974,1.0312951698848318,-0.9790921142882051,1
E3,E3_m_3532,-0.42207642860145245,0.43910063096642665,0.9410139933182029,-0.029937154448328437,-0.29529185095586163,2.6983504365785382,2
E3,E3_m_3545,1.564948659657648,-0.4914672172590737,0.8364112306771971,0.4652603878456167,1.0686049204900343,-0.8653776538482676,1
E3,E3_m_3558,1.5920500814214862,-0.538094828611735,0.8189651001418582,0.3649745862814542,0.9754960081069445,-0.6682905977440866,1
E3,E3_m_3561,1.6740385388592323,-0.6647168255157023,0.8436738538844609,0.4529287618652438,1.0810100279654191,-1.1338614450876703,1
E3,E3_m_3562,1.6327876487617086,-0.6186920432793132,0.8374538399615032,0.4436527256900306,1.0499122064402853,-1.0239634950514722,1
E3,E3_m_3577,1.5963318473728554,-0.4485541631422398,0.7702658909708124,0.3437767840042154,0.9112354250767867,-0.48583633461496123,1
E3,E3_m_359,1.5980580064922512,-0.5675995490805865,0.8600701548463774,0.5106752787887492,1.1325602503451022,-1.1159704631386986,1
E3,E3_m_3593,0.9403573649255452,-0.5772095512553272,0.9779364528033411,0.6967914812266386,0.866765116146257,-1.3915168386900438,1
E3,E3_m_3594,1.5666446247089763,-0.48145054759945816,0.8262513965279862,0.4170381424017437,1.0279753746257596,-0.7171322521136991,1
E3,E3_m_3595,1.5212566555169011,-0.43090084596062833,0.8217761418326497,0.4151263829317124,1.0033630661857296,-0.6191213189320016,1
E3,E3_m_3597,1.5242669906079842,-0.3810446730033335,0.8562503751374334,0.32692794690075133,1.0662319437149619,-0.28413604908979245,1
E3,E3_m_3599,1.5350325091289747,-0.34040699382493017,0.8952348723975032,0.2271436199972536,1.1351241423069927,0.06795550977389268,1
E3,E3_m_3610,1.4650301955790095,-0.4489507102012218,0.8347066657793041,0.4901423402306259,1.0080098370937551,-0.8354930585626056,1
E3,E3_m_3620,1.0978676990734546,-0.5582955836866154,0.9866512852158379,0.7617734930944486,1.0803016813471222,-1.5990285621255151,1
E3,E3_m_3627,1.665233407004853,-0.6664045472776471,0.8507912563268732,0.4963913022233342,1.1104362295837762,-1.2541840950054195,1
E3,E3_m_3642,1.6165012382491102,-0.6192889726883559,0.8275214032099484,0.44463054868975876,1.0124059355008155,-1.0247599512057477,1
E3,E3_m_3643,1.603385008154775,-0.5834665690729253,0.8537004104683475,0.4748647910504148,1.095338771195217,-1.0428952288988536,1
E3,E3_m_3657,1.4860437310200867,-0.43772261619377756,0.8533231631023992,0.39485944669624595,1.0262110795777812,-0.5508998635710005,1
E3,E3_m_3677,1.5692685554777142,-0.5185058889787618,0.8540176164683286,0.5254605463960699,1.1280137188371422,-1.0737008180231367,1
E3,E3_m_3691,1.5985366960386593,-0.5420950895936214,0.7316821265948632,0.423400172095535,0.8142283838030308,-0.8669223164390106,1
E3,E3_m_3692,1.6234652891125283,-0.6008574224678167,0.8612255030508956,0.4376227808709775,1.1015886426219552,-0.9693337248512891,1
E3,E3_m_3699,1.599126650452055,-0.5012217013262245,0.8471940370762145,0.4017838917195252,1.086177624535114,-0.7099162448412987,1
E3,E3_m_3701,1.615795210222532,-0.5917288490759554,0.8277231274639503,0.42422483909572267,1.0174984398471805,-0.9242939619574195,1
E3,E3_m_3703,1.608248803342225,-0.5838475234343601,0.8528727452223192,0.48452106547203966,1.1029219214110082,-1.0727292693257244,1
E3,E3_m_3704,1.6144204574888212,-0.5796991529327675,0.8201216739313941,0.37398674963618767,0.979813303277992,-0.7654328677250586,1
E3,E3_m_3705,1.650277269746661,-0.628641414138094,0.8591025149750968,0.5218048276345808,1.1501684554075893,-1.2601751020100886,1
E3,E3_m_3708,1.6039682123207308,-0.5742586796852505,0.8449949251011596,0.4214851365004628,1.0537454352757512,-0.8805082803725598,1
E3,E3_m_3712,1.6349297290194442,-0.6043232775744574,0.8555813070663894,0.5000995107426043,1.1305034798872657,-1.1569432837793603,1
E3,E3_m_3719,1.5238842366013465,-0.49287189332043324,0.8241600842370819,0.4212280742286795,0.9784108685323495,-0.732121143467054,1
E3,E3_m_3723,1.623589417489733,-0.5411485336569234,0.8631708743448079,0.4524807985730725,1.1485200294702815,-0.9187983666420029,1
E3,E3_m_3728,1.6047746220404893,-0.5217718342795262,0.8570564032199387,0.4710393447226336,1.1379920307710691,-0.9365250094620386,1
E3,E3_m_3731,1.5901603592036722,-0.49832732546206876,0.797512182919527,0.35646604522948877,0.9442392768761532,-0.5884332303304254,1
E3,E3_m_3733,1.678564520291477,-0.678212813344335,0.8685670396272948,0.5133610146797907,1.1649357460278822,-1.3199524785265357,1
E3,E3_m_3736,1.6137666397738542,-0.5791717036365824,0.8467297196723189,0.524256572734657,1.11790434695601,-1.1815536803331175,1
E3,E3_m_3737,1.656252608357347,-0.6501558672035467,0.849209501372789,0.5171278302518311,1.1186966093613924,-1.285051976573565,1
E3,E3_m_3743,1.535255757499211,-0.437642717501066,0.8179080528002566,0.422031011114742,1.007633905867523,-0.6550687124993498,1
E3,E3_m_3744,1.5297425216328946,-0.4819705750793688,0.850091406379894,0.46054253091995845,1.0690226831528578,-0.8210857263948654,1
E3,E3_m_3745,1.5319883566830335,-0.42002557926589507,0.8107124439597709,0.35238096999153773,0.9621403710417988,-0.43193861759718694,1
E3,E3_m_3749,1.700953890641496,-0.7362350655130907,0.8607839025714601,0.49064230072011733,1.12306745496951,-1.3552686482069478,1
E3,E3_m_3750,1.6573427151540612,-0.6546665138166108,0.8447260551587789,0.522342772638832,1.1097892142925558,-1.30841480034083,1
E3,E3_m_3751,1.5644906338743587,-0.5030325817297614,0.8536877838639496,0.4610809172016448,1.0980024779557254,-0.8662733708187446,1
E3,E3_m_3759,1.602981405421409,-0.5449057626638314,0.8641981937189495,0.4285027584039579,1.1165870368519548,-0.8492551041390416,1
E3,E3_m_376,1.6109919871218137,-0.5948070126967373,0.830689189038606,0.5171477775131198,1.066513042054691,-1.1891764331820174,1
E3,E3_m_3763,1.573853650554599,-0.537209067922669,0.8627623926619203,0.4707129266126055,1.1124085038299742,-0.946869900835376,1
E3,E3_m_3766,1.5507597327118205,-0.49351453352957086,0.8569303929958412,0.48273828905468985,1.109161987976196,-0.9070618661388036,1
E3,E3_m_3779,1.5247287733589583,-0.49602354446013985,0.8334380843879746,0.4186599962929697,0.9968361440257837,-0.7273565136886437,1
E3,E3_m_3781,1.6467276610641655,-0.5768230432788836,0.8307483497066567,0.46565001743808015,1.08389732677865,-1.0284495888757177,1
E3,E3_m_3805,1.6447615571996461,-0.5674424115862973,0.814383532968833,0.35949366313362696,0.9951639542815837,-0.7179020934072587,1
E3,E3_m_3807,1.616134925447174,-0.5536562026525451,0.831568407558501,0.49153528989879997,1.0838182416028816,-1.0549111579097286,1
E3,E3_m_381,1.494282894881926,-0.40437098519422054,0.8559648601073925,0.5121080363519925,1.1207311321046654,-0.8330878725001568,1
E3,E3_m_3810,1.6269188575008204,-0.5612498445928262,0.8534055376960789,0.4231459904609875,1.1027312064072474,-0.870824831094322,1
E3,E3_m_382,1.543909200790746,-0.4298559897323164,0.8126811456233863,0.2938518990536827,0.9414501213562113,-0.2852691025974317,1
E3,E3_m_384,1.6739095196156757,-0.6319181436287047,0.8583166282062351,0.47781690959922474,1.1458030443467744,-1.1494245640711842,1
E3,E3_m_3877,1.5654870457364713,-0.5147847248840796,0.8300560613291577,0.4521021034035515,1.0344320504839704,-0.866129233817797,1
E3,E3_m_3894,1.600130243998871,-0.5703737510818041,0.8282887476689743,0.38551755992329945,0.9960665043279348,-0.7762832483961761,1
E3,E3_m_3902,1.6323472157737289,-0.6260031694941016,0.8480557947005886,0.48096686228329216,1.088575091334585,-1.1375188156697855,1
E3,E3_m_3903,1.641283304596223,-0.5699941862702783,0.8260427081147136,0.43375338918503376,1.055447964517534,-0.9271895285039778,1
E3,E3_m_3905,1.4482996618454897,-0.35734251348668017,0.8781608089877255,0.4974452461364155,1.1466288494377028,-0.6966030013649016,1
E3,E3_m_3947,1.5449666182369586,-0.5233459223667206,0.8249575233145048,0.40343423833357445,0.9731198892057968,-0.7359820898073219,1
E3,E3_m_3950,1.5571595702635892,-0.472747284805061,0.8602574962736466,0.4355343352898462,1.1099952879123693,-0.7429164121481968,1
E3,E3_m_3956,1.5632209482485047,-0.5269878028049163,0.8152763440855972,0.43280035775410514,0.9819518380496829,-0.8338121404296205,1
E3,E3_m_3968,1.6123387407862975,-0.5919741451626481,0.8540903352086214,0.48770713994326215,1.1064712468596587,-1.095351713540586,1
E3,E3_m_3973,1.509470861396002,-0.45829488309126737,0.8517034259584146,0.5136578098494423,1.0950449842899435,-0.927145851743365,1
E3,E3_m_3976,1.5284476129174174,-0.44065638558518044,0.823602031789446,0.4176655741599699,1.0099242931627366,-0.6433431909663353,1
E3,E3_m_398,1.644794370709466,-0.6480938619420759,0.8540755026265862,0.5115370389703477,1.1170375825086787,-1.2606398501185736,1
E3,E3_m_3980,1.6103353673952692,-0.5678135377533092,0.8604738424796907,0.4476906136826365,1.1119465980749887,-0.9424590335284434,1
E3,E3_m_3984,1.628130118031603,-0.5939297314190021,0.8608766006218093,0.5158165309747154,1.1502158781278378,-1.181442240930261,1
E3,E3_m_3986,1.6057991786484647,-0.5504690785261027,0.8480684438902962,0.48488033582076934,1.1094009421857371,-1.0228169029579954,1
E3,E3_m_3992,1.6113614603342479,-0.5601974793521903,0.8219771157815503,0.4035125591142452,1.0078751386154008,-0.8172332598284959,1
E3,E3_m_3995,1.5331112491547143,-0.4618064969925642,0.8465441938730814,0.49893356418888285,1.0960804248762726,-0.900738182581975,1
E3,E3_m_40,1.53758703130072,-0.4900882061300639,0.8480412498478984,0.5253494293661527,1.1010924823472379,-1.0201466162109614,1
E3,E3_m_4007,1.6420615162483565,-0.6153065396878988,0.8531264028039043,0.45280501873694506,1.1005838037531581,-1.0433908301809356,1
E3,E3_m_4009,1.6141916372102718,-0.5683978512195507,0.858968859051128,0.5147078384634417,1.1469989222913506,-1.134597221828128,1
E3,E3_m_418,1.701884349096294,-0.7602220385592174,0.8368413789386258,0.30160532565493825,0.9572790095610068,-0.8650474822140944,1
E3,E3_m_421,1.5878733937917,-0.5354710347783195,0.8567998367451477,0.4978535859986599,1.1275304472414711,-1.0275602338645882,1
E3,E3_m_422,1.599622297277989,-0.5461098989927723,0.8492923645387133,0.46087456505739866,1.0962545798119379,-0.9457116594217511,1
E3,E3_m_426,1.6722765312056238,-0.6609380503000873,0.8642806354943677,0.46485350240012957,1.1339887110313012,-1.1552193688473618,1
E3,E3_m_478,1.6930733004366145,-0.6987889991243305,0.8634139390869626,0.4891952058436381,1.142493694669066,-1.2899373081885583,1
E3,E3_m_479,1.66137145910362,-0.6620791893091842,0.8459208425950233,0.4613981683666426,1.0800378213710782,-1.148633481504129,1
E3,E3_m_48,1.5786030166692189,-0.5076660728747167,0.852028344775623,0.4560361913484006,1.1022947585957372,-0.8645989332953551,1
E3,E3_m_514,1.5415980415264707,-0.49827342235853705,0.7772518524225617,0.3804246673666404,0.8654728039454591,-0.6447853126929035,1
E3,E3_m_518,1.5244266481129984,-0.4815720493043207,0.8563333058339283,0.5485233873004559,1.1243259180290497,-1.0655197680855415,1
E3,E3_m_531,1.6165644102946295,-0.5531177200521094,0.867734178301178,0.45216414725914555,1.1449924497611705,-0.9325681409956345,1
E3,E3_m_537,1.5858472913839479,-0.6022562178885877,0.829270132143354,0.47318208619411894,1.0121869423205236,-1.0679247095560072,1
E3,E3_m_539,1.5316625700772686,-0.4456208748482611,0.8406646740482945,0.4370653240863896,1.0585044707475986,-0.7020755423894757,1
E3,E3_m_543,0.5102425223993075,-0.9195263670054853,0.9206486362758631,-0.012799944378526022,-0.23904588083522435,0.22185841144486657,0
E3,E3_m_551,1.6415413982019749,-0.6109248958479917,0.7871105322015357,0.4489441512928582,0.9525990555157691,-1.0444653877979144,1
E3,E3_m_552,1.6243092780050885,-0.5602569711049018,0.8506367576772655,0.4951077016061318,1.132341725595307,-1.0725950733626213,1
E3,E3_m_553,1.5752930507502725,-0.5166124950021341,0.8558995810023784,0.4352883227559471,1.0917774219378618,-0.8174604579122294,1
E3,E3_m_555,1.6084228914745273,-0.5662899283162773,0.8610169151890792,0.39104317268790245,1.0825552972011265,-0.7791473625710031,1
E3,E3_m_566,1.5339871064514277,-0.5028474320631162,0.8250567015458865,0.421624371756017,0.9843918247334746,-0.7519162012432365,1
E3,E3_m_576,1.6286067104758977,-0.6358782509606726,0.8398986678628242,0.4272589733598421,1.0328707729899862,-1.0019348024749826,1
E3,E3_m_582,1.6101784613643624,-0.5683654747970471,0.8522501929773556,0.49477824002360155,1.1177147913917163,-1.0787220067950176,1
E3,E3_m_585,1.5046755021444298,-0.43071584026910603,0.8415981976178667,0.3710453839294908,1.0091322511629062,-0.4827041773728166,1
E3,E3_m_586,1.5137683140130762,-0.4815581208028395,0.8225719369312848,0.4300874474653239,0.9764942822204212,-0.7366217355453625,1
E3,E3_m_589,1.5645074221442061,-0.5153143116347537,0.8082472966942272,0.46568288993766993,0.9914175813403946,-0.9112433728240036,1
E3,E3_m_60,1.6041185628330377,-0.5711760414098508,0.8596297833821757,0.5023516154887073,1.1308663000452537,-1.1002130821940288,1
E3,E3_m_602,1.6217216814726536,-0.5939249185497787,0.8350653691388011,0.45662094503196493,1.0552667361565913,-1.019239890875698,1
E3,E3_m_605,0.6663495499670857,-0.8554163246824407,0.9602007736618672,0.6440295134268205,0.3786881225669835,-1.5797327555782423,1
E3,E3_m_610,1.5968310952770726,-0.5548845474369751,0.8423302964750472,0.36257246296567835,1.0213977961014507,-0.6823617844921416,1
E3,E3_m_618,-1.9825428193280292,0.6126373936159781,0.04085889930895888,0.420287968337414,-3.452630372008717,1.984529418615608,0
E3,E3_m_62,1.6202245852502293,-0.5975959656672072,0.8474853546184669,0.46211208343661475,1.0824437511113116,-1.0363327357082117,1
E3,E3_m_621,1.6622843010009234,-0.6571590665790281,0.8375214353456086,0.4471792164724293,1.0574743426608229,-1.1035849492321486,1
E3,E3_m_622,1.6684167179143838,-0.6889142927972646,0.8566578608116482,0.5222989819591032,1.1271077046464542,-1.3615525042028673,1
E3,E3_m_629,1.7045231785719892,-0.7709615463444175,0.8434689420436909,0.5219349275543205,1.0838577516862227,-1.5034692784764683,1
E3,E3_m_631,1.6055459526488545,-0.5128816073948118,0.863332709453627,0.5536252848206772,1.201232409568507,-1.1547546910799162,1
E3,E3_m_640,1.616120566217605,-0.6038286417889118,0.8339522685300117,0.4689025356703316,1.0481597773893312,-1.0675685097622998,1
E3,E3_m_641,1.5227354620143525,-0.4300856064370146,0.8639261213305687,0.3795462121395119,1.0810940527617132,-0.5057223194216506,1
E3,E3_m_650,1.522334755605733,-0.45123809516708213,0.8254194271791504,0.39503378792350197,0.9902146039376463,-0.5930012149130306,1
E3,E3_m_660,1.577764791817859,-0.540995930165856,0.8485683566705161,0.47206177516216086,1.082791325539159,-0.9619654557280752,1
E3,E3_m_667,1.6709188360629261,-0.6540180814997906,0.880211666672744,0.5407372248480611,1.2122063057962547,-1.3540219393926123,1
E3,E3_m_685,1.6740323701878312,-0.682519575504148,0.8664703740965347,0.4517560675836832,1.1211654713609502,-1.151446614833611,1
E3,E3_m_704,1.7026102986532967,-0.7365057497735961,0.8689436857985481,0.49301597250406864,1.1440156719458858,-1.3606399739338735,1
E3,E3_m_720,1.703023255286857,-0.6831535350476438,0.8394719825165687,0.4319635865855638,1.0773105391873459,-1.1144214797325716,1
E3,E3_m_747,1.5490318135391803,-0.5100219819330635,0.8355806697819654,0.5071884046267833,1.0628883044474797,-1.0071319438821102,1
E3,E3_m_75,1.5139180369433836,-0.44263928699649124,0.8556736978776297,0.40391527761500556,1.059733928866803,-0.5932186819556005,1
E3,E3_m_750,1.6419409306274197,-0.6225357028695192,0.8524689307486564,0.5293838380569283,1.1349278758576962,-1.2711559484145223,1
E3,E3_m_762,1.5295042903093725,-0.4662255803431136,0.8656528894657397,0.4549254259572633,1.1098854830994758,-0.7763959779594526,1
E3,E3_m_771,1.543269675479727,-0.5013152892708015,0.8335619828661374,0.40778228589905596,1.005876231688241,-0.7112557548643922,1
E3,E3_m_782,1.4867638426102276,-0.43596339141830537,0.8532185510877252,0.48513029180855466,1.074983343058473,-0.8036551270216562,1
E3,E3_m_784,-1.836655941791496,1.177965056612543,0.8405426941545333,1.4433577766149338e-05,-1.4137079527405683,4.22173635791413,2
E3,E3_m_787,1.6087599037744278,-0.5756360274077268,0.8452555098529738,0.4582766841730658,1.0773414802671186,-0.9882482024882535,1
E3,E3_m_791,1.6281570322434713,-0.6026547847376253,0.8613707658634768,0.4377495316587266,1.1053743889306915,-0.9740726026731291,1
E3,E3_m_799,1.6399584806680245,-0.6619516472379361,0.8318147947492892,0.4187459808299206,1.0058828452876396,-1.0243686765520392,1
E3,E3_m_808,1.6917812320313645,-0.7204736483677783,0.8580676806845331,0.5154506106734257,1.1304536332890565,-1.398655508963042,1
E3,E3_m_815,1.5930523798703728,-0.5536183570873671,0.8559278357214489,0.418592069409749,1.0784019805661509,-0.8335412668595685,1
E3,E3_m_816,1.49292562059124,-0.4589118751092711,0.8281000349985199,0.4895066825137861,1.0134625002789897,-0.8607651296145866,1
E3,E3_m_818,1.5962600878652158,-0.5601840279548573,0.8538049239505959,0.43088126126333903,1.079303791571016,-0.8801381774234687,1
E3,E3_m_834,1.6084530027287742,-0.5410207170672955,0.8548083317345946,0.46924613208007127,1.1243150650377085,-0.9630618371236236,1
E3,E3_m_841,1.6804546808204825,-0.6977313631794032,0.826013365153586,0.4225987138245578,1.0124199656671138,-1.1063265253504098,1
E3,E3_m_844,1.67309894209608,-0.6956005003963417,0.8377514161768019,0.4127834665051172,1.0278748365410615,-1.0693409562826386,1
E3,E3_m_861,1.6694549465678963,-0.6519373037814736,0.8858697478386589,0.5335554609652746,1.2209524167736159,-1.328375728769868,1
E3,E3_m_873,1.5422375453264963,-0.43593451916180553,0.7863813129422697,0.3111537388388607,0.886440070327914,-0.35049789490022787,1
E3,E3_m_89,1.5390616445318819,-0.5237067720415128,0.8281920061983804,0.4529605661059603,1.000530979339582,-0.8735356176386428,1
E3,E3_m_899,1.6223937989838337,-0.5741265388045915,0.868006084864794,0.49447722971025804,1.1610909003625756,-1.0865347157896494,1
E3,E3_m_915,1.6370686625036823,-0.6209413091584741,0.8470464275489251,0.4616429200511459,1.083589834183581,-1.0770433885033535,1
E3,E3_m_918,1.468364705429429,-0.3886914484462771,0.8605418253841812,0.4945407382838643,1.106378895289978,-0.7488235884718729,1
E3,E3_m_922,1.5939122198905824,-0.5588709347883114,0.8434373691683597,0.49418090810915394,1.0877714347583654,-1.059198962210577,1
E3,E3_m_924,-1.8521881865173393,1.198783563895235,0.7535365345487366,-0.0006748261237277045,-1.6117473177759816,4.236297503318847,2
E3,E3_m_927,1.5365706467740634,-0.47378023366276295,0.8428682209614747,0.4336498546012114,1.0499479828967988,-0.736916113280789,1
E3,E3_m_933,1.5495988980764412,-0.44416428305345085,0.8739759771240817,0.48156651163889075,1.1743200304164787,-0.8223959221052731,1
E3,E3_m_94,-1.9892614652993104,0.4608910790091022,0.09878545141930405,0.19129199087622625,-3.537210155098876,2.416970247547197,0
E3,E3_m_941,1.5957435981561456,-0.5649006189889082,0.8514359689785627,0.5141407329895362,1.1143957564415807,-1.123267422847344,1
E3,E3_m_947,1.656245111221457,-0.6770558367518088,0.8358475672619322,0.4901572736837946,1.0589797291288823,-1.2540958751547697,1
E3,E3_m_951,1.63739984528387,-0.6010386027575974,0.8401193622337053,0.3897445816055801,1.0422505213514577,-0.8452253786723529,1
E3,E3_m_953,1.6072970579579766,-0.5641481382361315,0.8276060573809236,0.4880351447256776,1.0586503157958225,-1.0592105933113574,1
E3,E3_m_954,1.5782175324247796,-0.4974828135433457,0.8677807398314236,0.5360614729246348,1.185096210677747,-1.0704733097332775,1
E3,E3_m_96,1.6312323690692843,-0.43825332716647425,0.9292434992770187,0.37728019394629225,1.3242216819584114,-0.5313857436499873,1
E3,E3_m_966,1.6526487380601769,-0.6047006554697738,0.8385556633870584,0.4451827051559666,1.0800909736240811,-1.0134030485793062,1
E3,E3_m_971,1.6219717547887575,-0.5844936376398024,0.8474784975016605,0.42337944434488745,1.071390839467498,-0.9072649961684711,1
E3,E3_m_972,1.624142130862264,-0.568362782220071,0.8578200834098679,0.516008158591731,1.1545355886437512,-1.1420522432097058,1
E3,E3_m_984,1.6159788112582527,-0.6043759983686511,0.8320262449049437,0.4511174888705301,1.0340697546308208,-1.0186384792220138,1
E3,E3_m_985,1.4748311128103277,-0.3795738924956837,0.8485186552935776,0.4405605629289109,1.0625438426592413,-0.5879010430178907,1
E3,E3_m_986,1.6722137149693237,-0.6670636741095014,0.8648036809512067,0.41638154816678946,1.106144923645642,-1.0274646680196584,1
E3,E3_m_987,1.6488380796890245,-0.6568930300336558,0.8518451256346282,0.42862075860494286,1.067302072096816,-1.0418717042829442,1
E3,E3_m_988,1.596292706616174,-0.5669825695297095,0.830495245231965,0.46672420774896295,1.0419077509002477,-0.9986326997238443,1
E3,E3_m_990,0.6508387087150432,-0.7384365592744115,0.9434935025553224,0.5948413997227285,0.368700883204408,-1.2597240336006423,1
E1g,E1g_00,1.1539699099121972,0.00624022046223353,0.9511530935992306,-0.2513344970156821,0.850636157527083,2.1050121485371487,2
E1g,E1g_01,1.0031735625836928,-0.16581325158376414,0.7414303910538166,0.009851596759497799,0.2747813322293985,1.0944876710636393,2
E1g,E1g_02,1.1645099481696615,-0.22673230460253468,0.9732621433312352,-0.0411476757688503,0.8850572729555127,1.1544143982144108,2
E1g,E1g_03,1.1508322665348012,-0.21255709713436885,0.9732033681932059,-0.05796238815752094,0.8714085796983705,1.2285935133299335,2
E1g,E1g_04,1.06782616531718,-0.10025417716504002,0.95816523953555,0.1051566439854261,0.9098702908638021,0.965477833371925,2
E1g,E1g_05,0.37787849970127235,-0.06065429920733932,0.7524931328037752,0.20528370970305074,-0.1283145790859445,0.9274590330140667,2
E1g,E1g_06,0.9518534015005892,-0.7694801371451379,0.45777158695816556,0.09383885621605398,-0.7162132936017048,-0.13654456946157278,0
E1g,E1g_07,1.2102888552128799,-0.15603482615412556,0.907197358472863,0.012349104605573084,0.8493087891956959,1.0770857447898396,2
E1g,E1g_08,1.020340465932663,0.14879420836859183,0.935575025355055,-0.1090916921450796,0.8466345513525471,1.96520488022468,2
E1g,E1g_09,0.11539671104217081,-0.14506141794840188,0.5714825324695686,0.009088871120412508,-0.9342131054891726,1.392525534432524,0
E1g,E1g_10,0.24075477381744667,-0.36136733599221754,0.9328224996802654,0.5672585144373248,0.16141131103408196,-0.45926841258407136,1
E1g,E1g_11,0.9939298081982888,-0.17517750007229957,0.7657967712361436,-0.06643187703782615,0.2752594009439342,1.3059384045548657,2
E1g,E1g_12,0.9416637745222751,0.0050773208976713936,0.9883733356022855,0.18500251739848136,0.9612786623656585,0.955187010793707,2
E1g,E1g_13,1.2269530521969485,-0.3013778724544338,0.9597528735865707,-0.03754638947895439,0.8723719130138202,1.0033296728338403,2
E1g,E1g_14,1.4835547717424995,-0.23956875676134995,0.9075184587736197,-0.22662623905188248,0.9347382954223534,1.5277588594529046,2
E1g,E1g_15,0.4716910858083648,-0.137974230532749,0.9034310174967445,0.3933696274394364,0.35249513606272165,0.2868362663244709,1
E1g,E1g_16,0.22459951276963516,-0.9413367128718857,0.31128073133624773,0.2087043728804409,-1.7720361466000196,-0.5120197127797222,0
E1g,E1g_17,1.498907741685125,-0.33999862447269436,0.8462995792147354,-0.12488599266275377,0.8070061473993168,1.0624156924187493,2
E1g,E1g_18,0.32305065893548507,-0.24400316222829793,0.5651642301834269,0.4652597107541102,-0.5703914817684145,-0.12442738495398478,0
E1g,E1g_19,0.894912552629097,-0.22020311776055856,0.9070939662880624,0.6712554849234091,0.8588431531225513,-0.7734200640879764,1
E1g,E1g_20,1.4795760708013332,-0.21543286229652667,0.9271622018090072,-0.06108282419195391,1.0757808387915404,1.1040212680690826,2
E1g,E1g_21,1.1288376354569962,-0.2516798292872543,0.7250366207739719,-0.004670712214895804,0.29940709704346213,0.9542527828890792,2
E1g,E1g_22,0.7967224694890951,0.08160835266384034,0.9270511984763088,-0.07483400916094451,0.5949839128185419,1.8411172741017254,2
E1g,E1g_23,1.1157033390424704,-0.695596741021427,0.813304231938473,0.38595907128025697,0.4318571850911582,-0.8042355890053512,1
E1g,E1g_24,0.4634923857120926,-0.08255313799992835,0.7264798438568171,0.5540366477733025,0.06437144564796195,-0.1297718535199637,1
E1g,E1g_25,1.0196297900399338,-0.1306710812407778,0.794795740839837,-0.0836368459701203,0.38140721731402,1.422430671949271,2
E1g,E1g_26,1.1593073829041403,-0.22311627197544123,0.9757154820720036,-0.07297753615637065,0.8710573263583713,1.2525012576179828,2
E1g,E1g_27,1.12738934391172,-0.1445957290325904,0.9541299785508424,0.12476792407674182,0.9416866985179839,0.8195694827402604,2
E1g,E1g_28,1.0438801763805234,-0.08200446067012929,0.9616564425823748,0.11160877613227885,0.9090279163209781,0.9847979654908351,2
E1g,E1g_29,1.071179416485147,-0.14223784541407897,0.7828818824538156,0.0467008912822416,0.4650327224695744,1.014589747255629,2
E1g,E1g_30,1.0078805155038761,-0.09214505339449919,0.9492545521814416,-0.15530113154760106,0.7014198977458938,1.7328077022803516,2
E1g,E1g_31,1.2219052216808242,-0.16426986609493344,0.9297265425073903,0.019549573960315068,0.9097993838425673,1.0464071539624815,2
E1g,E1g_32,1.521391066570912,-0.27679359347575944,0.9460042103411883,-0.013645792379332437,1.1468053472870392,0.8660315972577691,2
E1g,E1g_33,1.1152815640225655,-0.14305467342722228,0.9686534780833226,0.10917968706570749,0.9555249717915012,0.8744373468044648,2
E1g,E1g_34,0.6485040718930573,-0.36152078534889065,0.9163621413700275,0.19306389134371074,0.31395247055679737,0.44998883494595593,2
E1g,E1g_35,1.0240231691841863,-0.15911934069240216,0.7932239111113778,0.017433087796722674,0.4184846979763134,1.090878242635361,2
E1g,E1g_36,1.076011015087434,-0.1741812886767813,0.7992840589189429,-0.06942531439110937,0.4269780223044398,1.296631852743439,2
E1g,E1g_37,1.3086457582240225,-0.22476528734767814,0.9633089265033359,-0.05195144876464537,0.9945365507127368,1.1343779991551965,2
E1g,E1g_38,1.3263383328968497,-0.1212813230928286,0.8877169928685945,-0.03955265875868279,0.9083639983369918,1.2309169499167447,2
E1g,E1g_39,0.37708043463836055,-0.09441229476915851,0.9108549937677176,0.6233758255176751,0.4254845494344591,-0.260777555925812,1
E1g,E1g_40,1.0046219115549841,-0.1982252271708967,0.7351824235704335,0.03073584251548439,0.254268479239211,0.9831966102095843,2
E1g,E1g_41,1.419742591433617,-0.39668937037125923,0.8707912796983757,-0.09092708035446478,0.7719306709159437,0.9139451857398366,2
E1g,E1g_42,1.4791666530760421,-0.46154371744813405,0.8533871520666862,0.03488365510707617,0.8173832231004484,0.4324282433103149,2
E1g,E1g_43,0.6289997141930733,-0.25435311140712913,0.8871644227167277,0.3883995107878351,0.39462402570525895,0.06146659614495721,1
E1g,E1g_44,0.7815518435415924,0.041599721632686076,0.9318966837433419,0.10069830670895637,0.6602556768629794,1.2899822299085963,2
E1g,E1g_45,0.37699163799098084,0.188900840705942,0.9594924591308526,0.0751671584437627,0.41166217712791264,1.739545750870455,2
E1g,E1g_46,1.1199054052088655,-1.1613075069650896,0.9105566397995488,0.09662552413997379,0.2318750319762091,-0.6776807324564568,1
E1g,E1g_47,1.3929761948874193,-0.13674380219688487,0.9710216864595653,0.08205720693925894,1.2129122248739732,0.8637276770274901,2
E1g,E1g_48,1.2181388363174246,-0.2585782364855601,0.9679254383149224,-0.002837790172431503,0.9253968319105129,0.976622468746595,2
E1g,E1g_49,1.0623965751015751,-0.17529998784397724,0.9227894247406639,-0.0862296319509779,0.6815571604383006,1.3826106389852284,2
E1g,E1g_50,1.023189810513048,-0.0602400302046627,0.9737703168826181,0.09331614252979181,0.9196709901579472,1.080810370485455,2
E1g,E1g_51,1.342501997625445,-0.2571596663065298,0.8982444131735997,-0.018891165754808863,0.8791918266109527,0.9604211608135543,2
E1g,E1g_52,1.0359103902712432,-0.5955453751223743,0.4580755616163338,0.6204373848012497,-0.2590993235494875,-1.3866099824117948,1
E1g,E1g_53,1.0144160568639742,-0.11098916241860311,0.792283035508003,-0.058247206100166864,0.3955746357145723,1.3821069846225817,2
E1g,E1g_54,1.3530639372574564,-0.12728861344840675,0.9664611995215279,0.0813482604322717,1.170058717670035,0.8930512254086498,2
E1g,E1g_55,0.9784156082990639,-0.09223013846233698,0.7946031778377082,0.05960885384787513,0.43938067544438747,1.0911978997923895,2
E1g,E1g_56,1.5206947569175653,-0.34224793390637637,0.84414747468959,-0.030260939889859947,0.8710659372546111,0.7831683999851742,2
E1g,E1g_57,1.0690289602825287,-0.08076015715020925,0.9537012883320646,0.13165068460741505,0.9262008386312137,0.9189237168193619,2
E1g,E1g_58,0.8761802243458197,-0.35128189550017047,0.9282263226657398,0.612024697391539,0.7813665719578834,-0.7953462823184684,1
E1g,E1g_59,1.4691933733351168,-0.2528161906904172,0.9793901080837492,0.09726356433851327,1.2443347500875876,0.6174116621373111,2
E1g,E1g_60,0.12509036126244127,-0.026856636406182598,0.676560328383642,0.145905266220302,-0.5491276239214419,1.214650387452167,2
E1g,E1g_61,1.0029992773885188,-0.09227483425210979,0.7867062278006132,-0.06900430791662698,0.377501947522284,1.443779744226334,2
E1g,E1g_62,1.2853313453159891,-0.20999834753694646,0.8961988714893565,0.027258644451480924,0.8721021429443582,0.9221922682149384,2
E1g,E1g_63,1.304629616489429,-0.18663549273429775,0.8323764872529988,-0.028757414831473285,0.7314679223222346,1.091456860904703,2
E1g,E1g_64,1.1536334339247574,-0.5609417556854179,0.620117854970469,0.6961096258011849,0.2752941917200334,-1.5421957140748395,1
E1g,E1g_65,0.36862602271393774,-0.1653201640005118,0.6528012421330298,-0.022713707205193043,-0.540827947368286,1.385344833141043,2
E1g,E1g_66,1.4073355004238086,-0.32856174044280856,0.7932241144795344,-0.11442339961529074,0.6135255709716344,1.0674965724269634,2
E1g,E1g_67,0.8166668767912828,0.09444435238748147,0.9201940977122869,-0.020423067243584503,0.6344371104170117,1.698099062626447,2
E1g,E1g_68,0.8529380674617869,-0.021342532796705633,0.8389732520465146,0.10662790662675552,0.48598930316250616,1.1244378657737564,2
E1g,E1g_69,1.3720124491991776,-0.16114145305301833,0.9814106845020822,0.02928335090290954,1.1745591522964056,0.9856707779225875,2
E1g,E1g_70,0.5824182457057094,-0.5756995812696941,0.7958163688738342,0.6984556215832157,0.12166736124079237,-1.3200591677295017,1
E1g,E1g_71,1.2403028796657118,-0.30268777559416454,0.9730475125774426,-0.030596290190858435,0.9176866715287259,0.980774129807269,2
E1g,E1g_72,1.2611687436741499,-0.031932390421717964,0.9263955977929341,-0.26059170090181244,0.8694960294949756,2.0275037948033954,2
