env,mode,series_id,mu,sd,n_dong_train
E1,N0,E1_1,,,1612
E1,N1,E1_1,7.4505180923295065,23.95239662021242,1612
E1,N2,E1_1,,,1612
E1,N0,E1_100,,,1612
E1,N1,E1_100,2.070201169797944,0.14702875892266246,1612
E1,N2,E1_100,,,1612
E1,N0,E1_1000,,,1612
E1,N1,E1_1000,3.3481803143093463,5.94817406196029,1612
E1,N2,E1_1000,,,1612
E1,N0,E1_1002,,,1612
E1,N1,E1_1002,1.8911497105045494,0.31953907839923906,1612
E1,N2,E1_1002,,,1612
E1,N0,E1_1005,,,1612
E1,N1,E1_1005,19.077512406947893,6.5056935010046,1612
E1,N2,E1_1005,,,1612
E1,N0,E1_1006,,,1612
E1,N1,E1_1006,7.9875723738626965,3.5901382491068996,1612
E1,N2,E1_1006,,,1612
E1,N0,E1_1007,,,1612
E1,N1,E1_1007,17.747430727874278,3.7704991119253655,1612
E1,N2,E1_1007,,,1612
E1,N0,E1_1017,,,1612
E1,N1,E1_1017,1.5182470755051403,0.5100205186034146,1612
E1,N2,E1_1017,,,1612
E1,N0,E1_102,,,1612
E1,N1,E1_102,1.0877026870978483,0.6125338006655513,1612
E1,N2,E1_102,,,1612
E1,N0,E1_1025,,,1612
E1,N1,E1_1025,4.354448777029422,8.624867123871978,1612
E1,N2,E1_1025,,,1612
E1,N0,E1_1036,,,1612
E1,N1,E1_1036,1.1737770294221908,6.1823090338662015,1612
E1,N2,E1_1036,,,1612
E1,N0,E1_1037,,,1612
E1,N1,E1_1037,1.2305919886565047,6.5946931308353305,1612
E1,N2,E1_1037,,,1612
E1,N0,E1_104,,,1612
E1,N1,E1_104,2.1107733664185275,0.13691801457542332,1612
E1,N2,E1_104,,,1612
E1,N0,E1_106,,,1612
E1,N1,E1_106,1.5104524843436133,0.06380618548457544,1612
E1,N2,E1_106,,,1612
E1,N0,E1_1063,,,1612
E1,N1,E1_1063,1.609771948481626,2.873968893553565,1612
E1,N2,E1_1063,,,1612
E1,N0,E1_107,,,1612
E1,N1,E1_107,1.3119527649769587,0.10861858639299148,1612
E1,N2,E1_107,,,1612
E1,N0,E1_1079,,,1612
E1,N1,E1_1079,2.077253928866832,3.6978007212740924,1612
E1,N2,E1_1079,,,1612
E1,N0,E1_108,,,1612
E1,N1,E1_108,1.0712572373862697,0.06610787330697881,1612
E1,N2,E1_108,,,1612
E1,N0,E1_1081,,,1612
E1,N1,E1_1081,2.068548387096774,0.7826003709698741,1612
E1,N2,E1_1081,,,1612
E1,N0,E1_1087,,,1612
E1,N1,E1_1087,1.037952235936107,0.647784824613251,1612
E1,N2,E1_1087,,,1612
E1,N0,E1_109,,,1612
E1,N1,E1_109,1.0456885856079405,0.0604610028562972,1612
E1,N2,E1_109,,,1612
E1,N0,E1_1091,,,1612
E1,N1,E1_1091,1.9501654259718775,3.9661461016120962,1612
E1,N2,E1_1091,,,1612
E1,N0,E1_11,,,1612
E1,N1,E1_11,2.4817381543187995,4.561283857761327,1612
E1,N2,E1_11,,,1612
E1,N0,E1_110,,,1612
E1,N1,E1_110,15.459093258891649,32.55054999316104,1612
E1,N2,E1_110,,,1612
E1,N0,E1_111,,,1612
E1,N1,E1_111,1.0964950372208437,0.07877809823837978,1612
E1,N2,E1_111,,,1612
E1,N0,E1_112,,,1612
E1,N1,E1_112,4.716855355665839,2.7926211963838075,1612
E1,N2,E1_112,,,1612
E1,N0,E1_113,,,1339
E1,N1,E1_113,1.4428751466979624,3.15149182383502,1339
E1,N2,E1_113,,,1339
E1,N0,E1_114,,,1612
E1,N1,E1_114,3.5031999586435068,1.184609487277888,1612
E1,N2,E1_114,,,1612
E1,N0,E1_115,,,1612
E1,N1,E1_115,1.7932197506794283,1.012051904551046,1612
E1,N2,E1_115,,,1612
E1,N0,E1_116,,,1612
E1,N1,E1_116,1.3597741640080352,0.15115947336328173,1612
E1,N2,E1_116,,,1612
E1,N0,E1_1160,,,1612
E1,N1,E1_1160,1.4287368545433061,3.8981501095810613,1612
E1,N2,E1_1160,,,1612
E1,N0,E1_1167,,,1612
E1,N1,E1_1167,0.9315963606286187,0.21391619184334043,1612
E1,N2,E1_1167,,,1612
E1,N0,E1_117,,,1612
E1,N1,E1_117,3.2685638957816376,0.43074273308823846,1612
E1,N2,E1_117,,,1612
E1,N0,E1_118,,,1612
E1,N1,E1_118,7.5600835139839475,3.0256485609105694,1612
E1,N2,E1_118,,,1612
E1,N0,E1_1184,,,1612
E1,N1,E1_1184,1.3426326361810235,0.4879163488146256,1612
E1,N2,E1_1184,,,1612
E1,N0,E1_1188,,,1612
E1,N1,E1_1188,1.523401866950254,5.098623208875654,1612
E1,N2,E1_1188,,,1612
E1,N0,E1_119,,,1612
E1,N1,E1_119,6.713232270533953,3.593975757262032,1612
E1,N2,E1_119,,,1612
E1,N0,E1_12,,,1612
E1,N1,E1_12,1.0098133049745952,0.22559363912232,1612
E1,N2,E1_12,,,1612
E1,N0,E1_120,,,1612
E1,N1,E1_120,6.788920337055418,4.090166879542511,1612
E1,N2,E1_120,,,1612
E1,N0,E1_1202,,,1612
E1,N1,E1_1202,0.7911585726101855,3.6133853412492147,1612
E1,N2,E1_1202,,,1612
E1,N0,E1_121,,,1612
E1,N1,E1_121,2.845527590688881,0.6061502566051769,1612
E1,N2,E1_121,,,1612
E1,N0,E1_122,,,1612
E1,N1,E1_122,2.3135492363818977,0.8861974128097648,1612
E1,N2,E1_122,,,1612
E1,N0,E1_1220,,,1612
E1,N1,E1_1220,1.0317529244948598,0.5335198297901499,1612
E1,N2,E1_1220,,,1612
E1,N0,E1_1221,,,1612
E1,N1,E1_1221,1.032881858285084,0.3057783700904636,1612
E1,N2,E1_1221,,,1612
E1,N0,E1_1225,,,1612
E1,N1,E1_1225,1.0871883492851235,0.31138793174649,1612
E1,N2,E1_1225,,,1612
E1,N0,E1_1226,,,1612
E1,N1,E1_1226,9.14484373153728,2.5422819815195483,1612
E1,N2,E1_1226,,,1612
E1,N0,E1_1227,,,1612
E1,N1,E1_1227,9.63543660640435,0.7516104934256389,1612
E1,N2,E1_1227,,,1612
E1,N0,E1_1228,,,1612
E1,N1,E1_1228,8.829651128441451,0.8554369441448265,1612
E1,N2,E1_1228,,,1612
E1,N0,E1_1229,,,1612
E1,N1,E1_1229,3.9469514356611133,6.5118359842981945,1612
E1,N2,E1_1229,,,1612
E1,N0,E1_123,,,1612
E1,N1,E1_123,2.1592387451258417,1.5492511657380863,1612
E1,N2,E1_123,,,1612
E1,N0,E1_1230,,,1612
E1,N1,E1_1230,6.053577336641853,3.181745431202896,1612
E1,N2,E1_1230,,,1612
E1,N0,E1_1233,,,1612
E1,N1,E1_1233,2.5759822167080233,3.537191485938671,1612
E1,N2,E1_1233,,,1612
E1,N0,E1_124,,,1612
E1,N1,E1_124,3.407552452587735,0.596602936031065,1612
E1,N2,E1_124,,,1612
E1,N0,E1_125,,,1612
E1,N1,E1_125,7.1577465880893305,4.445095263314201,1612
E1,N2,E1_125,,,1612
E1,N0,E1_126,,,1612
E1,N1,E1_126,1.6872079197684033,0.14302044968538635,1612
E1,N2,E1_126,,,1612
E1,N0,E1_127,,,1612
E1,N1,E1_127,1.7527450372208437,0.11506318906558222,1612
E1,N2,E1_127,,,1612
E1,N0,E1_128,,,1612
E1,N1,E1_128,6.794320590363937,0.5643408557630385,1612
E1,N2,E1_128,,,1612
E1,N0,E1_129,,,1612
E1,N1,E1_129,3.2892886683209266,0.3343441593652465,1612
E1,N2,E1_129,,,1612
E1,N0,E1_131,,,1612
E1,N1,E1_131,1.9659135723147818,0.4292396785661653,1612
E1,N2,E1_131,,,1612
E1,N0,E1_132,,,1612
E1,N1,E1_132,1.5420231314384538,0.1273206277573936,1612
E1,N2,E1_132,,,1612
E1,N0,E1_133,,,1612
E1,N1,E1_133,3.592318677626137,0.043401314181403895,1612
E1,N2,E1_133,,,1612
E1,N0,E1_134,,,1612
E1,N1,E1_134,2.9356614823348695,1.8965157395104058,1612
E1,N2,E1_134,,,1612
E1,N0,E1_135,,,1612
E1,N1,E1_135,3.6429058844381426,0.20717006399700477,1612
E1,N2,E1_135,,,1612
E1,N0,E1_136,,,1612
E1,N1,E1_136,1.5697525257001064,0.21995687261682018,1612
E1,N2,E1_136,,,1612
E1,N0,E1_137,,,1612
E1,N1,E1_137,1.1717350525818269,0.10949373931239051,1612
E1,N2,E1_137,,,1612
E1,N0,E1_138,,,1612
E1,N1,E1_138,1.2795241049273307,0.2148943627434819,1612
E1,N2,E1_138,,,1612
E1,N0,E1_139,,,1612
E1,N1,E1_139,1.3465260545905706,0.15851058677957738,1612
E1,N2,E1_139,,,1612
E1,N0,E1_140,,,1612
E1,N1,E1_140,1.5193910256410255,0.12050324526855001,1612
E1,N2,E1_140,,,1612
E1,N0,E1_142,,,1612
E1,N1,E1_142,6.477211710780258,9.165482966209058,1612
E1,N2,E1_142,,,1612
E1,N0,E1_143,,,1612
E1,N1,E1_143,3.0779857910906303,0.8617774240040027,1612
E1,N2,E1_143,,,1612
E1,N0,E1_144,,,1612
E1,N1,E1_144,1.043468258891646,0.06856831164490784,1612
E1,N2,E1_144,,,1612
E1,N0,E1_145,,,1612
E1,N1,E1_145,6.860642834987593,2.305912438585259,1612
E1,N2,E1_145,,,1612
E1,N0,E1_146,,,1612
E1,N1,E1_146,2.2308836996336994,0.27197369239424124,1612
E1,N2,E1_146,,,1612
E1,N0,E1_147,,,1612
E1,N1,E1_147,1.4019636949072432,0.7330994986822433,1612
E1,N2,E1_147,,,1612
E1,N0,E1_148,,,1612
E1,N1,E1_148,1.0408513529481271,0.19102875975499556,1612
E1,N2,E1_148,,,1612
E1,N0,E1_149,,,1612
E1,N1,E1_149,0.8294757661693145,0.554342541733176,1612
E1,N2,E1_149,,,1612
E1,N0,E1_15,,,1612
E1,N1,E1_15,2.5662206073496394,0.5264261453372371,1612
E1,N2,E1_15,,,1612
E1,N0,E1_150,,,1612
E1,N1,E1_150,1.7554569086827154,2.974170460708577,1612
E1,N2,E1_150,,,1612
E1,N0,E1_155,,,1612
E1,N1,E1_155,3.4730352308981343,0.8681541462420135,1612
E1,N2,E1_155,,,1612
E1,N0,E1_156,,,1612
E1,N1,E1_156,4.555834309920848,1.7919726655756358,1612
E1,N2,E1_156,,,1612
E1,N0,E1_157,,,1361
E1,N1,E1_157,3.2560876689642297,3.9234879894566905,1361
E1,N2,E1_157,,,1361
E1,N0,E1_159,,,1612
E1,N1,E1_159,3.31096255894643,0.4080547690657602,1612
E1,N2,E1_159,,,1612
E1,N0,E1_160,,,1612
E1,N1,E1_160,3.1001861042183623,0.26328676085958974,1612
E1,N2,E1_160,,,1612
E1,N0,E1_164,,,1612
E1,N1,E1_164,1.6182588916459884,0.3021263152041699,1612
E1,N2,E1_164,,,1612
E1,N0,E1_165,,,1612
E1,N1,E1_165,1.9102150537634408,0.27505507715888083,1612
E1,N2,E1_165,,,1612
E1,N0,E1_166,,,1612
E1,N1,E1_166,1.6512011733785927,0.3195020639393239,1612
E1,N2,E1_166,,,1612
E1,N0,E1_167,,,1612
E1,N1,E1_167,2.0379563313031053,0.36009702717314757,1612
E1,N2,E1_167,,,1612
E1,N0,E1_168,,,1612
E1,N1,E1_168,14.009657211068502,1.0223421301544546,1612
E1,N2,E1_168,,,1612
E1,N0,E1_172,,,1612
E1,N1,E1_172,1.4378589152782701,0.5588390286003498,1612
E1,N2,E1_172,,,1612
E1,N0,E1_174,,,1612
E1,N1,E1_174,1.1367688762850052,0.24793614395973212,1612
E1,N2,E1_174,,,1612
E1,N0,E1_176,,,1612
E1,N1,E1_176,1.1408956634763086,0.3416333328054715,1612
E1,N2,E1_176,,,1612
E1,N0,E1_177,,,1612
E1,N1,E1_177,1.0655854897790382,0.23674176804002423,1612
E1,N2,E1_177,,,1612
E1,N0,E1_180,,,1612
E1,N1,E1_180,1.0301078401884853,0.5111919657673046,1612
E1,N2,E1_180,,,1612
E1,N0,E1_183,,,1612
E1,N1,E1_183,67.34514401928716,43.25880334902476,1612
E1,N2,E1_183,,,1612
E1,N0,E1_184,,,1612
E1,N1,E1_184,67.45930004135649,43.01625215625023,1612
E1,N2,E1_184,,,1612
E1,N0,E1_185,,,1612
E1,N1,E1_185,68.61691185158926,42.74588345318088,1612
E1,N2,E1_185,,,1612
E1,N0,E1_186,,,1612
E1,N1,E1_186,65.42572440999861,43.79444402987525,1612
E1,N2,E1_186,,,1612
E1,N0,E1_187,,,1612
E1,N1,E1_187,64.37742747843554,41.57029141183542,1612
E1,N2,E1_187,,,1612
E1,N0,E1_188,,,1612
E1,N1,E1_188,66.45327162756598,43.47825606927351,1612
E1,N2,E1_188,,,1612
E1,N0,E1_189,,,1612
E1,N1,E1_189,67.33999963410247,43.20363378388284,1612
E1,N2,E1_189,,,1612
E1,N0,E1_190,,,1612
E1,N1,E1_190,66.0708130159491,43.671458037327916,1612
E1,N2,E1_190,,,1612
E1,N0,E1_191,,,1612
E1,N1,E1_191,63.66887923904052,42.70709741963388,1612
E1,N2,E1_191,,,1612
E1,N0,E1_192,,,1612
E1,N1,E1_192,62.80276524550719,43.92483887539217,1612
E1,N2,E1_192,,,1612
E1,N0,E1_193,,,1612
E1,N1,E1_193,65.74399486602108,43.30344433672285,1612
E1,N2,E1_193,,,1612
E1,N0,E1_194,,,1612
E1,N1,E1_194,63.91284857615504,43.34283523612898,1612
E1,N2,E1_194,,,1612
E1,N0,E1_195,,,1612
E1,N1,E1_195,68.87025434243176,43.864803466304956,1612
E1,N2,E1_195,,,1612
E1,N0,E1_196,,,1612
E1,N1,E1_196,64.3896686311001,44.81831785043318,1612
E1,N2,E1_196,,,1612
E1,N0,E1_197,,,1612
E1,N1,E1_197,67.5529045551223,43.73418607361,1612
E1,N2,E1_197,,,1612
E1,N0,E1_198,,,1612
E1,N1,E1_198,64.62185819892473,44.10587396123631,1612
E1,N2,E1_198,,,1612
E1,N0,E1_199,,,1612
E1,N1,E1_199,66.05407048428721,43.168550425027085,1612
E1,N2,E1_199,,,1612
E1,N0,E1_200,,,1612
E1,N1,E1_200,64.10694671591848,43.768563729345054,1612
E1,N2,E1_200,,,1612
E1,N0,E1_201,,,1612
E1,N1,E1_201,64.73713511790629,42.97849303169183,1612
E1,N2,E1_201,,,1612
E1,N0,E1_202,,,1612
E1,N1,E1_202,67.69753877954483,43.51348901886463,1612
E1,N2,E1_202,,,1612
E1,N0,E1_203,,,1612
E1,N1,E1_203,68.68112814604751,42.85991640171175,1612
E1,N2,E1_203,,,1612
E1,N0,E1_204,,,1612
E1,N1,E1_204,63.40986093879239,42.57228576056769,1612
E1,N2,E1_204,,,1612
E1,N0,E1_205,,,1612
E1,N1,E1_205,65.08000648545004,44.02717919963924,1612
E1,N2,E1_205,,,1612
E1,N0,E1_206,,,1612
E1,N1,E1_206,62.891098954808626,44.01018140530958,1612
E1,N2,E1_206,,,1612
E1,N0,E1_207,,,1612
E1,N1,E1_207,64.07980030721967,44.72177653501485,1612
E1,N2,E1_207,,,1612
E1,N0,E1_208,,,1612
E1,N1,E1_208,64.47579893225053,43.98891208932859,1612
E1,N2,E1_208,,,1612
E1,N0,E1_209,,,1612
E1,N1,E1_209,13.786959780810587,32.04557422848926,1612
E1,N2,E1_209,,,1612
E1,N0,E1_210,,,1612
E1,N1,E1_210,67.66149322787427,44.28955389196278,1612
E1,N2,E1_210,,,1612
E1,N0,E1_211,,,1612
E1,N1,E1_211,12.071766193036355,29.77622091077524,1612
E1,N2,E1_211,,,1612
E1,N0,E1_212,,,1612
E1,N1,E1_212,68.36048904052936,43.70947448493645,1612
E1,N2,E1_212,,,1612
E1,N0,E1_213,,,1612
E1,N1,E1_213,12.766998503288827,31.061898978659627,1612
E1,N2,E1_213,,,1612
E1,N0,E1_214,,,1612
E1,N1,E1_214,69.09700854700854,43.71180302508079,1612
E1,N2,E1_214,,,1612
E1,N0,E1_215,,,1612
E1,N1,E1_215,67.58309553349876,43.814299127888766,1612
E1,N2,E1_215,,,1612
E1,N0,E1_216,,,1612
E1,N1,E1_216,70.51529328646264,42.238736407030785,1612
E1,N2,E1_216,,,1612
E1,N0,E1_217,,,1612
E1,N1,E1_217,70.95206265508685,41.982483890845266,1612
E1,N2,E1_217,,,1612
E1,N0,E1_218,,,1612
E1,N1,E1_218,2.201048836356296,11.39744285088235,1612
E1,N2,E1_218,,,1612
E1,N0,E1_219,,,494
E1,N1,E1_219,45.68751686909582,44.66328198978685,494
E1,N2,E1_219,,,494
E1,N0,E1_220,,,474
E1,N1,E1_220,41.920622362869196,43.77723602409674,474
E1,N2,E1_220,,,474
E1,N0,E1_221,,,477
E1,N1,E1_221,43.990177659517286,44.12416918967515,477
E1,N2,E1_221,,,477
E1,N0,E1_222,,,480
E1,N1,E1_222,41.76677884615385,43.28122054136334,480
E1,N2,E1_222,,,480
E1,N0,E1_223,,,483
E1,N1,E1_223,41.21538992408558,41.3139729019363,483
E1,N2,E1_223,,,483
E1,N0,E1_224,,,472
E1,N1,E1_224,42.695745056497174,43.877451618000215,472
E1,N2,E1_224,,,472
E1,N0,E1_225,,,471
E1,N1,E1_225,44.09861553432413,42.43547150188424,471
E1,N2,E1_225,,,471
E1,N0,E1_226,,,482
E1,N1,E1_226,45.48286652835409,44.89040157923984,482
E1,N2,E1_226,,,482
E1,N0,E1_227,,,479
E1,N1,E1_227,46.28268217516652,45.04109090954858,479
E1,N2,E1_227,,,479
E1,N0,E1_228,,,475
E1,N1,E1_228,45.47667794486215,44.457221207713005,475
E1,N2,E1_228,,,475
E1,N0,E1_229,,,494
E1,N1,E1_229,43.16847376855601,38.32919396934394,494
E1,N2,E1_229,,,494
E1,N0,E1_23,,,1612
E1,N1,E1_23,4.831405825357439,2.351824587152951,1612
E1,N2,E1_23,,,1612
E1,N0,E1_230,,,470
E1,N1,E1_230,45.21778368794326,40.718153901159035,470
E1,N2,E1_230,,,470
E1,N0,E1_231,,,481
E1,N1,E1_231,42.29024601524601,37.38465779705018,481
E1,N2,E1_231,,,481
E1,N0,E1_232,,,469
E1,N1,E1_232,47.81423240938166,40.25955657508843,469
E1,N2,E1_232,,,469
E1,N0,E1_233,,,483
E1,N1,E1_233,41.22001444107422,39.747984160786714,483
E1,N2,E1_233,,,483
E1,N0,E1_234,,,474
E1,N1,E1_234,41.32766350210971,39.9561785595332,474
E1,N2,E1_234,,,474
E1,N0,E1_235,,,479
E1,N1,E1_235,44.28697435132717,40.18369856630675,479
E1,N2,E1_235,,,479
E1,N0,E1_236,,,477
E1,N1,E1_236,41.142435359888196,40.698082484379135,477
E1,N2,E1_236,,,477
E1,N0,E1_237,,,475
E1,N1,E1_237,39.29881140350877,40.03790250123612,475
E1,N2,E1_237,,,475
E1,N0,E1_238,,,472
E1,N1,E1_238,44.47588150726393,41.21487657539802,472
E1,N2,E1_238,,,472
E1,N0,E1_239,,,1612
E1,N1,E1_239,53.12444168734492,43.876561997479335,1612
E1,N2,E1_239,,,1612
E1,N0,E1_240,,,1612
E1,N1,E1_240,18.062838606286185,35.56569269901691,1612
E1,N2,E1_240,,,1612
E1,N0,E1_241,,,1612
E1,N1,E1_241,47.79810277088503,44.17436917727369,1612
E1,N2,E1_241,,,1612
E1,N0,E1_242,,,1612
E1,N1,E1_242,17.509086612312416,36.26459857876323,1612
E1,N2,E1_242,,,1612
E1,N0,E1_243,,,1612
E1,N1,E1_243,52.161186931348226,46.09131413038111,1612
E1,N2,E1_243,,,1612
E1,N0,E1_244,,,1612
E1,N1,E1_244,18.111178807751386,36.4707206176503,1612
E1,N2,E1_244,,,1612
E1,N0,E1_245,,,1612
E1,N1,E1_245,49.96555521091812,44.97117331701635,1612
E1,N2,E1_245,,,1612
E1,N0,E1_246,,,1612
E1,N1,E1_246,27.48507030603805,39.23634293640431,1612
E1,N2,E1_246,,,1612
E1,N0,E1_247,,,1612
E1,N1,E1_247,52.06024090157154,46.78327715913676,1612
E1,N2,E1_247,,,1612
E1,N0,E1_248,,,1612
E1,N1,E1_248,26.43811517783292,39.29910575546412,1612
E1,N2,E1_248,,,1612
E1,N0,E1_249,,,1612
E1,N1,E1_249,53.63166873449131,46.43243635199912,1612
E1,N2,E1_249,,,1612
E1,N0,E1_25,,,1612
E1,N1,E1_25,4.026488833746899,2.034333501303988,1612
E1,N2,E1_25,,,1612
E1,N0,E1_250,,,1612
E1,N1,E1_250,25.595880597896723,37.83508555134204,1612
E1,N2,E1_250,,,1612
E1,N0,E1_251,,,1612
E1,N1,E1_251,48.154104631927204,44.37497687159496,1612
E1,N2,E1_251,,,1612
E1,N0,E1_252,,,1612
E1,N1,E1_252,25.87202528654142,37.2658015135967,1612
E1,N2,E1_252,,,1612
E1,N0,E1_253,,,1612
E1,N1,E1_253,49.51261373035566,45.64866850618804,1612
E1,N2,E1_253,,,1612
E1,N0,E1_254,,,1612
E1,N1,E1_254,28.113143610421833,39.36876465133313,1612
E1,N2,E1_254,,,1612
E1,N0,E1_255,,,1612
E1,N1,E1_255,52.97438999172871,45.82943771481434,1612
E1,N2,E1_255,,,1612
E1,N0,E1_256,,,1612
E1,N1,E1_256,26.067126757650946,39.28972319669107,1612
E1,N2,E1_256,,,1612
E1,N0,E1_257,,,1612
E1,N1,E1_257,52.692803970223316,46.092042601902186,1612
E1,N2,E1_257,,,1612
E1,N0,E1_258,,,1612
E1,N1,E1_258,26.60550558312655,38.73553892820017,1612
E1,N2,E1_258,,,1612
E1,N0,E1_259,,,1612
E1,N1,E1_259,52.76154363110008,45.754352700907766,1612
E1,N2,E1_259,,,1612
E1,N0,E1_260,,,1612
E1,N1,E1_260,45.72831627377999,41.33076604719796,1612
E1,N2,E1_260,,,1612
E1,N0,E1_261,,,1612
E1,N1,E1_261,50.492721257237385,46.12534165353883,1612
E1,N2,E1_261,,,1612
E1,N0,E1_262,,,1612
E1,N1,E1_262,50.36764371381307,44.178255427168395,1612
E1,N2,E1_262,,,1612
E1,N0,E1_263,,,1612
E1,N1,E1_263,52.12175868486353,46.57260290575134,1612
E1,N2,E1_263,,,1612
E1,N0,E1_264,,,1612
E1,N1,E1_264,44.31038564929693,43.772685731206785,1612
E1,N2,E1_264,,,1612
E1,N0,E1_265,,,1612
E1,N1,E1_265,48.624516645988415,45.767302391147666,1612
E1,N2,E1_265,,,1612
E1,N0,E1_266,,,1612
E1,N1,E1_266,48.92824131513648,44.26423880771987,1612
E1,N2,E1_266,,,1612
E1,N0,E1_267,,,1612
E1,N1,E1_267,49.163124224565756,47.59756645000224,1612
E1,N2,E1_267,,,1612
E1,N0,E1_268,,,1612
E1,N1,E1_268,48.2824714935602,46.46509248390747,1612
E1,N2,E1_268,,,1612
E1,N0,E1_269,,,1612
E1,N1,E1_269,47.8400404702824,46.162396998120585,1612
E1,N2,E1_269,,,1612
E1,N0,E1_270,,,1612
E1,N1,E1_270,47.2458739513175,46.51481699395461,1612
E1,N2,E1_270,,,1612
E1,N0,E1_271,,,1612
E1,N1,E1_271,49.559741854247896,45.36097964178915,1612
E1,N2,E1_271,,,1612
E1,N0,E1_272,,,1612
E1,N1,E1_272,50.42412025138839,45.24181899074124,1612
E1,N2,E1_272,,,1612
E1,N0,E1_273,,,1612
E1,N1,E1_273,48.948249549509626,46.309613050620776,1612
E1,N2,E1_273,,,1612
E1,N0,E1_274,,,1612
E1,N1,E1_274,48.57968306894718,45.7705946289936,1612
E1,N2,E1_274,,,1612
E1,N0,E1_275,,,1612
E1,N1,E1_275,48.992180937342226,46.73055270286551,1612
E1,N2,E1_275,,,1612
E1,N0,E1_276,,,1612
E1,N1,E1_276,47.48184320719603,44.80387609498184,1612
E1,N2,E1_276,,,1612
E1,N0,E1_277,,,1612
E1,N1,E1_277,47.01157852564103,46.80478327964845,1612
E1,N2,E1_277,,,1612
E1,N0,E1_278,,,1612
E1,N1,E1_278,25.197573159367515,38.23853068680888,1612
E1,N2,E1_278,,,1612
E1,N0,E1_279,,,1612
E1,N1,E1_279,49.33106481891764,46.818439854892,1612
E1,N2,E1_279,,,1612
E1,N0,E1_28,,,1612
E1,N1,E1_28,1.1206014415691834,0.3719572647011113,1612
E1,N2,E1_28,,,1612
E1,N0,E1_280,,,1612
E1,N1,E1_280,23.851562684627197,37.5101095214002,1612
E1,N2,E1_280,,,1612
E1,N0,E1_281,,,1612
E1,N1,E1_281,48.64983631959438,46.86357707450928,1612
E1,N2,E1_281,,,1612
E1,N0,E1_282,,,1612
E1,N1,E1_282,23.816062751092993,39.01036112286335,1612
E1,N2,E1_282,,,1612
E1,N0,E1_283,,,1612
E1,N1,E1_283,47.46232737055473,46.88187068380356,1612
E1,N2,E1_283,,,1612
E1,N0,E1_284,,,1612
E1,N1,E1_284,22.763753305386366,38.13466086704269,1612
E1,N2,E1_284,,,1612
E1,N0,E1_285,,,1612
E1,N1,E1_285,44.985981625900976,46.583005397651185,1612
E1,N2,E1_285,,,1612
E1,N0,E1_286,,,1612
E1,N1,E1_286,22.153851754204577,37.87576766738274,1612
E1,N2,E1_286,,,1612
E1,N0,E1_287,,,1612
E1,N1,E1_287,45.42862146254283,45.72619386906873,1612
E1,N2,E1_287,,,1612
E1,N0,E1_288,,,1612
E1,N1,E1_288,22.499623175883258,37.704253881383764,1612
E1,N2,E1_288,,,1612
E1,N0,E1_289,,,1612
E1,N1,E1_289,46.70541271564457,46.79537877607599,1612
E1,N2,E1_289,,,1612
E1,N0,E1_290,,,1612
E1,N1,E1_290,22.926552530131158,38.53320503572618,1612
E1,N2,E1_290,,,1612
E1,N0,E1_291,,,1612
E1,N1,E1_291,46.179306060203245,46.846292810107606,1612
E1,N2,E1_291,,,1612
E1,N0,E1_292,,,1612
E1,N1,E1_292,19.806001072180507,35.72605339279489,1612
E1,N2,E1_292,,,1612
E1,N0,E1_293,,,1612
E1,N1,E1_293,20.29338166873449,35.972277772151365,1612
E1,N2,E1_293,,,1612
E1,N0,E1_294,,,1612
E1,N1,E1_294,16.039468310587264,32.10123291523124,1612
E1,N2,E1_294,,,1612
E1,N0,E1_295,,,1612
E1,N1,E1_295,16.70109992364955,23.266051292415206,1612
E1,N2,E1_295,,,1612
E1,N0,E1_296,,,1612
E1,N1,E1_296,6.265818590012138,5.6804074248785295,1612
E1,N2,E1_296,,,1612
E1,N0,E1_297,,,1612
E1,N1,E1_297,3.193947248987572,3.206558197788339,1612
E1,N2,E1_297,,,1612
E1,N0,E1_298,,,1612
E1,N1,E1_298,1.5541962070187876,0.4636676817238187,1612
E1,N2,E1_298,,,1612
E1,N0,E1_299,,,1612
E1,N1,E1_299,1.487392446263414,0.2989014846650943,1612
E1,N2,E1_299,,,1612
E1,N0,E1_3,,,1612
E1,N1,E1_3,3.2163284296348813,0.3002917529322396,1612
E1,N2,E1_3,,,1612
E1,N0,E1_301,,,1612
E1,N1,E1_301,1.50677387129,0.7549062672845593,1612
E1,N2,E1_301,,,1612
E1,N0,E1_302,,,1612
E1,N1,E1_302,1.5449944802922473,0.6128268666010993,1612
E1,N2,E1_302,,,1612
E1,N0,E1_305,,,1612
E1,N1,E1_305,12.459502594180014,0.4383615261886051,1612
E1,N2,E1_305,,,1612
E1,N0,E1_306,,,1612
E1,N1,E1_306,1.0094170097892183,0.5377516623467165,1612
E1,N2,E1_306,,,1612
E1,N0,E1_31,,,1612
E1,N1,E1_31,1.4085043988269794,0.5720000211224859,1612
E1,N2,E1_31,,,1612
E1,N0,E1_315,,,1612
E1,N1,E1_315,1.19408688309898,0.32489900873442157,1612
E1,N2,E1_315,,,1612
E1,N0,E1_317,,,1612
E1,N1,E1_317,1.0270885028949546,0.3739531649940885,1612
E1,N2,E1_317,,,1612
E1,N0,E1_319,,,1612
E1,N1,E1_319,2.0857940446650125,1.194783046505145,1612
E1,N2,E1_319,,,1612
E1,N0,E1_320,,,1612
E1,N1,E1_320,7.809146677695065,8.95250190425107,1612
E1,N2,E1_320,,,1612
E1,N0,E1_321,,,1612
E1,N1,E1_321,6.598576155027768,9.341077048605662,1612
E1,N2,E1_321,,,1612
E1,N0,E1_322,,,1612
E1,N1,E1_322,8.18850584898972,10.909086111855563,1612
E1,N2,E1_322,,,1612
E1,N0,E1_323,,,1612
E1,N1,E1_323,2.64226265273877,0.2581032189442759,1612
E1,N2,E1_323,,,1612
E1,N0,E1_324,,,1612
E1,N1,E1_324,4.992095855619429,7.6926164689466345,1612
E1,N2,E1_324,,,1612
E1,N0,E1_325,,,1612
E1,N1,E1_325,2.154482748434361,0.5721003341632632,1612
E1,N2,E1_325,,,1612
E1,N0,E1_326,,,1612
E1,N1,E1_326,5.704583185631573,1.9702084953980061,1612
E1,N2,E1_326,,,1612
E1,N0,E1_327,,,1612
E1,N1,E1_327,2.685859033439679,0.4506330160093281,1612
E1,N2,E1_327,,,1612
E1,N0,E1_328,,,1612
E1,N1,E1_328,2.1625095334772753,0.4456002266446893,1612
E1,N2,E1_328,,,1612
E1,N0,E1_329,,,1612
E1,N1,E1_329,55.4105647041131,18.76471096350021,1612
E1,N2,E1_329,,,1612
E1,N0,E1_330,,,1612
E1,N1,E1_330,2.202637953444405,0.6039648636966591,1612
E1,N2,E1_330,,,1612
E1,N0,E1_332,,,1612
E1,N1,E1_332,5.076022096183386,2.322373037431526,1612
E1,N2,E1_332,,,1612
E1,N0,E1_334,,,1612
E1,N1,E1_334,3.4327838827838826,0.6104463416783813,1612
E1,N2,E1_334,,,1612
E1,N0,E1_335,,,1612
E1,N1,E1_335,3.7539214817440616,0.33512649216885093,1612
E1,N2,E1_335,,,1612
E1,N0,E1_339,,,1612
E1,N1,E1_339,2.09728758025129,0.6751527420366135,1612
E1,N2,E1_339,,,1612
E1,N0,E1_340,,,1612
E1,N1,E1_340,7.971043562172595,2.4193309088376034,1612
E1,N2,E1_340,,,1612
E1,N0,E1_341,,,1612
E1,N1,E1_341,6.423643493603171,10.534617784599192,1612
E1,N2,E1_341,,,1612
E1,N0,E1_343,,,1612
E1,N1,E1_343,3.157070483280161,1.5030021238437925,1612
E1,N2,E1_343,,,1612
E1,N0,E1_344,,,1612
E1,N1,E1_344,10.465760516365355,6.379212248879928,1612
E1,N2,E1_344,,,1612
E1,N0,E1_345,,,1612
E1,N1,E1_345,1.2616558844381425,0.290129193394502,1612
E1,N2,E1_345,,,1612
E1,N0,E1_346,,,1612
E1,N1,E1_346,1.6642369727047146,0.1799078730006783,1612
E1,N2,E1_346,,,1612
E1,N0,E1_348,,,1612
E1,N1,E1_348,7.352194109653787,7.747283747119018,1612
E1,N2,E1_348,,,1612
E1,N0,E1_349,,,1612
E1,N1,E1_349,2.5055971582181256,1.4118505793262102,1612
E1,N2,E1_349,,,1612
E1,N0,E1_35,,,1612
E1,N1,E1_35,1.0296046901816132,0.19419760762320035,1612
E1,N2,E1_35,,,1612
E1,N0,E1_350,,,1612
E1,N1,E1_350,2.5408299361928393,2.3937247660115495,1612
E1,N2,E1_350,,,1612
E1,N0,E1_351,,,1612
E1,N1,E1_351,1.840550041356493,0.43990186400275516,1612
E1,N2,E1_351,,,1612
E1,N0,E1_352,,,1612
E1,N1,E1_352,5.476437138130686,2.151462154379919,1612
E1,N2,E1_352,,,1612
E1,N0,E1_357,,,1612
E1,N1,E1_357,7.05242386163602,13.590122214110737,1612
E1,N2,E1_357,,,1612
E1,N0,E1_360,,,1612
E1,N1,E1_360,13.882142857142856,9.520554398678367,1612
E1,N2,E1_360,,,1612
E1,N0,E1_361,,,1612
E1,N1,E1_361,12.63929307699469,0.6502441939553539,1612
E1,N2,E1_361,,,1612
E1,N0,E1_362,,,1612
E1,N1,E1_362,1.497881374897504,0.19695147479178063,1612
E1,N2,E1_362,,,1612
E1,N0,E1_363,,,1612
E1,N1,E1_363,1.205891756093369,0.30985642949674336,1612
E1,N2,E1_363,,,1612
E1,N0,E1_366,,,1612
E1,N1,E1_366,3.5857792744889516,3.541421106450268,1612
E1,N2,E1_366,,,1612
E1,N0,E1_367,,,1612
E1,N1,E1_367,3.2140582535743825,6.92693950211567,1612
E1,N2,E1_367,,,1612
E1,N0,E1_368,,,1612
E1,N1,E1_368,1.3232467801016188,0.45207358908835593,1612
E1,N2,E1_368,,,1612
E1,N0,E1_369,,,1612
E1,N1,E1_369,4.898511166253102,9.529456685261206,1612
E1,N2,E1_369,,,1612
E1,N0,E1_370,,,1612
E1,N1,E1_370,2.115338827838828,3.157707839893081,1612
E1,N2,E1_370,,,1612
E1,N0,E1_371,,,1612
E1,N1,E1_371,1.9970223325062035,2.8274214605620593,1612
E1,N2,E1_371,,,1612
E1,N0,E1_372,,,1612
E1,N1,E1_372,2.085314013943046,0.7045592424257937,1612
E1,N2,E1_372,,,1612
E1,N0,E1_373,,,1612
E1,N1,E1_373,1.4162944582299422,0.5062467897479533,1612
E1,N2,E1_373,,,1612
E1,N0,E1_374,,,1612
E1,N1,E1_374,1.5329818031430937,0.5331792333811901,1612
E1,N2,E1_374,,,1612
E1,N0,E1_375,,,1612
E1,N1,E1_375,1.6136978612785065,0.6725086590519626,1612
E1,N2,E1_375,,,1612
E1,N0,E1_376,,,1612
E1,N1,E1_376,1.6896568149592341,0.5472167937670794,1612
E1,N2,E1_376,,,1612
E1,N0,E1_377,,,1612
E1,N1,E1_377,1.5954075830083896,0.5254187692311028,1612
E1,N2,E1_377,,,1612
E1,N0,E1_378,,,1612
E1,N1,E1_378,1.6309897987317346,0.6157882879663831,1612
E1,N2,E1_378,,,1612
E1,N0,E1_379,,,1612
E1,N1,E1_379,1.7749276261373037,0.406355335302353,1612
E1,N2,E1_379,,,1612
E1,N0,E1_380,,,1612
E1,N1,E1_380,1.4559820917296102,0.34554589504102534,1612
E1,N2,E1_380,,,1612
E1,N0,E1_381,,,1612
E1,N1,E1_381,1.791315136476427,0.31775795139802465,1612
E1,N2,E1_381,,,1612
E1,N0,E1_382,,,1612
E1,N1,E1_382,1.5250620347394541,0.5100255281107935,1612
E1,N2,E1_382,,,1612
E1,N0,E1_383,,,1612
E1,N1,E1_383,1.6101323407775021,0.5425511199574986,1612
E1,N2,E1_383,,,1612
E1,N0,E1_384,,,1612
E1,N1,E1_384,2.3032464846980973,3.4906523621542003,1612
E1,N2,E1_384,,,1612
E1,N0,E1_385,,,1612
E1,N1,E1_385,1.5777088502894956,0.16179876612037428,1612
E1,N2,E1_385,,,1612
E1,N0,E1_386,,,1612
E1,N1,E1_386,1.6787146992792155,0.28915465575484317,1612
E1,N2,E1_386,,,1612
E1,N0,E1_387,,,1612
E1,N1,E1_387,8.682803822521564,2.6758737265107273,1612
E1,N2,E1_387,,,1612
E1,N0,E1_388,,,1612
E1,N1,E1_388,9.065397908543071,4.543189319428161,1612
E1,N2,E1_388,,,1612
E1,N0,E1_389,,,1612
E1,N1,E1_389,2.7820571901217064,4.8402059797024,1612
E1,N2,E1_389,,,1612
E1,N0,E1_391,,,1612
E1,N1,E1_391,10.180354927330733,26.04144947858261,1612
E1,N2,E1_391,,,1612
E1,N0,E1_392,,,1612
E1,N1,E1_392,9.63116211745244,24.745428470641762,1612
E1,N2,E1_392,,,1612
E1,N0,E1_393,,,1612
E1,N1,E1_393,1.3519142148174408,0.6666406229858883,1612
E1,N2,E1_393,,,1612
E1,N0,E1_394,,,1612
E1,N1,E1_394,1.298127880184332,1.102249693497628,1612
E1,N2,E1_394,,,1612
E1,N0,E1_395,,,1612
E1,N1,E1_395,1.512584928512348,0.8529009631042893,1612
E1,N2,E1_395,,,1612
E1,N0,E1_396,,,1612
E1,N1,E1_396,1.6961560616802553,0.7015778888035259,1612
E1,N2,E1_396,,,1612
E1,N0,E1_397,,,1612
E1,N1,E1_397,1.6788771712158808,0.8969911006421927,1612
E1,N2,E1_397,,,1612
E1,N0,E1_398,,,1612
E1,N1,E1_398,2.0660751211154436,0.6933569900469543,1612
E1,N2,E1_398,,,1612
E1,N0,E1_399,,,1612
E1,N1,E1_399,1.111672870140612,0.6143332862053609,1612
E1,N2,E1_399,,,1612
E1,N0,E1_40,,,1612
E1,N1,E1_40,1.2404998227578874,0.33033959173939376,1612
E1,N2,E1_40,,,1612
E1,N0,E1_400,,,1612
E1,N1,E1_400,1.3178674819803853,0.6632529662030587,1612
E1,N2,E1_400,,,1612
E1,N0,E1_401,,,1612
E1,N1,E1_401,2.495605872622002,0.7065269210641228,1612
E1,N2,E1_401,,,1612
E1,N0,E1_402,,,1612
E1,N1,E1_402,1.761547323644098,0.9997531820596391,1612
E1,N2,E1_402,,,1612
E1,N0,E1_403,,,1612
E1,N1,E1_403,1.7079020441923667,0.6577406054994649,1612
E1,N2,E1_403,,,1612
E1,N0,E1_404,,,1612
E1,N1,E1_404,2.182887274016306,0.9662600179726788,1612
E1,N2,E1_404,,,1612
E1,N0,E1_405,,,1612
E1,N1,E1_405,1.4816487947536336,0.8043547211927021,1612
E1,N2,E1_405,,,1612
E1,N0,E1_406,,,1612
E1,N1,E1_406,1.4104912560557725,0.9138736036052446,1612
E1,N2,E1_406,,,1612
E1,N0,E1_407,,,1612
E1,N1,E1_407,1.5109624246721023,0.7214377999026831,1612
E1,N2,E1_407,,,1612
E1,N0,E1_408,,,1612
E1,N1,E1_408,1.3886683209263855,0.7069425104496989,1612
E1,N2,E1_408,,,1612
E1,N0,E1_409,,,1612
E1,N1,E1_409,1.5367171806687936,0.708555265054461,1612
E1,N2,E1_409,,,1612
E1,N0,E1_410,,,1612
E1,N1,E1_410,1.7431569774311713,0.8782800357860716,1612
E1,N2,E1_410,,,1612
E1,N0,E1_411,,,1612
E1,N1,E1_411,1.627231035093938,0.9507513952261419,1612
E1,N2,E1_411,,,1612
E1,N0,E1_412,,,1612
E1,N1,E1_412,1.2943142207255112,0.733036804865031,1612
E1,N2,E1_412,,,1612
E1,N0,E1_413,,,1612
E1,N1,E1_413,2.060961686163299,0.8402816821494792,1612
E1,N2,E1_413,,,1612
E1,N0,E1_414,,,1612
E1,N1,E1_414,1.6142074323525937,0.7032514380329398,1612
E1,N2,E1_414,,,1612
E1,N0,E1_415,,,1612
E1,N1,E1_415,2.537031785418882,0.8053323960309761,1612
E1,N2,E1_415,,,1612
E1,N0,E1_416,,,1612
E1,N1,E1_416,2.3766690298948365,0.8848152828314703,1612
E1,N2,E1_416,,,1612
E1,N0,E1_417,,,1612
E1,N1,E1_417,1.8779422190712514,0.9466741251914762,1612
E1,N2,E1_417,,,1612
E1,N0,E1_418,,,1612
E1,N1,E1_418,1.332838532435307,0.8455397281809826,1612
E1,N2,E1_418,,,1612
E1,N0,E1_419,,,1612
E1,N1,E1_419,1.65382326007326,1.0936103717985661,1612
E1,N2,E1_419,,,1612
E1,N0,E1_42,,,1612
E1,N1,E1_42,0.5679142542045769,4.525347390986869,1612
E1,N2,E1_42,,,1612
E1,N0,E1_420,,,1612
E1,N1,E1_420,1.666731655441333,0.9027758201764721,1612
E1,N2,E1_420,,,1612
E1,N0,E1_421,,,1612
E1,N1,E1_421,1.2028846153846156,0.7229396130898523,1612
E1,N2,E1_421,,,1612
E1,N0,E1_422,,,1612
E1,N1,E1_422,1.7626856734215608,0.3674047864683045,1612
E1,N2,E1_422,,,1612
E1,N0,E1_423,,,1612
E1,N1,E1_423,1.5598295521682617,0.2799205784058818,1612
E1,N2,E1_423,,,1612
E1,N0,E1_424,,,1612
E1,N1,E1_424,1.560427005789909,0.27468711431551635,1612
E1,N2,E1_424,,,1612
E1,N0,E1_425,,,1612
E1,N1,E1_425,1.6855318740399383,0.2708093806464861,1612
E1,N2,E1_425,,,1612
E1,N0,E1_426,,,1612
E1,N1,E1_426,1.4896992792154085,0.28080512421438425,1612
E1,N2,E1_426,,,1612
E1,N0,E1_427,,,1612
E1,N1,E1_427,1.5176570069715232,0.23191592960243568,1612
E1,N2,E1_427,,,1612
E1,N0,E1_428,,,1612
E1,N1,E1_428,1.4851104316830124,0.2925075910377628,1612
E1,N2,E1_428,,,1612
E1,N0,E1_429,,,1612
E1,N1,E1_429,1.460164639348107,0.2855297385057373,1612
E1,N2,E1_429,,,1612
E1,N0,E1_43,,,1612
E1,N1,E1_43,0.9646136121942573,2.264159642212111,1612
E1,N2,E1_43,,,1612
E1,N0,E1_430,,,1612
E1,N1,E1_430,1.5616041888219307,0.29334921242147644,1612
E1,N2,E1_430,,,1612
E1,N0,E1_431,,,1612
E1,N1,E1_431,1.366801936862421,0.26889304063098535,1612
E1,N2,E1_431,,,1612
E1,N0,E1_432,,,1612
E1,N1,E1_432,1.5805668793572019,0.2648210846462618,1612
E1,N2,E1_432,,,1612
E1,N0,E1_433,,,1612
E1,N1,E1_433,1.7822056303911142,0.29985760141017054,1612
E1,N2,E1_433,,,1612
E1,N0,E1_434,,,1612
E1,N1,E1_434,1.7362548741580999,0.2282197822477453,1612
E1,N2,E1_434,,,1612
E1,N0,E1_435,,,1612
E1,N1,E1_435,1.60203853046595,0.2752405055614715,1612
E1,N2,E1_435,,,1612
E1,N0,E1_436,,,1612
E1,N1,E1_436,1.5661519260309584,0.2236582745650582,1612
E1,N2,E1_436,,,1612
E1,N0,E1_437,,,1612
E1,N1,E1_437,1.6565653432588916,0.3230123823882327,1612
E1,N2,E1_437,,,1612
E1,N0,E1_438,,,1612
E1,N1,E1_438,1.5412307618456813,0.19065248290292575,1612
E1,N2,E1_438,,,1612
E1,N0,E1_439,,,1612
E1,N1,E1_439,1.6429073614557486,0.1603360426148905,1612
E1,N2,E1_439,,,1612
E1,N0,E1_44,,,1612
E1,N1,E1_44,2.434349199532202,0.44125840774547687,1612
E1,N2,E1_44,,,1612
E1,N0,E1_440,,,1612
E1,N1,E1_440,1.6779540352120998,2.045968887227812,1612
E1,N2,E1_440,,,1612
E1,N0,E1_441,,,1612
E1,N1,E1_441,1.6574221980976014,0.16858940444530549,1612
E1,N2,E1_441,,,1612
E1,N0,E1_442,,,1612
E1,N1,E1_442,1.5310037073141913,0.21294394639487052,1612
E1,N2,E1_442,,,1612
E1,N0,E1_443,,,1612
E1,N1,E1_443,1.580910755910756,0.1911108071188621,1612
E1,N2,E1_443,,,1612
E1,N0,E1_444,,,1612
E1,N1,E1_444,1.6367969396195203,0.2568581377399678,1612
E1,N2,E1_444,,,1612
E1,N0,E1_445,,,1612
E1,N1,E1_445,1.6574367836464612,0.252214137681681,1612
E1,N2,E1_445,,,1612
E1,N0,E1_446,,,1612
E1,N1,E1_446,1.5300884487376423,0.2540670163399939,1612
E1,N2,E1_446,,,1612
E1,N0,E1_447,,,1612
E1,N1,E1_447,1.5921581442750798,0.2912720861069658,1612
E1,N2,E1_447,,,1612
E1,N0,E1_448,,,1612
E1,N1,E1_448,1.6635627141675529,0.1730710857356976,1612
E1,N2,E1_448,,,1612
E1,N0,E1_449,,,1612
E1,N1,E1_449,1.6299678144436207,0.1949964654183295,1612
E1,N2,E1_449,,,1612
E1,N0,E1_45,,,1612
E1,N1,E1_45,2.336238626964433,4.784416177644159,1612
E1,N2,E1_45,,,1612
E1,N0,E1_450,,,1612
E1,N1,E1_450,1.5236898853834338,0.22271537055960958,1612
E1,N2,E1_450,,,1612
E1,N0,E1_451,,,1612
E1,N1,E1_451,1.9162700874394423,0.29156405147902603,1612
E1,N2,E1_451,,,1612
E1,N0,E1_452,,,1612
E1,N1,E1_452,1.9732630272952854,0.23739172967628988,1612
E1,N2,E1_452,,,1612
E1,N0,E1_453,,,1612
E1,N1,E1_453,2.1709271239513175,2.023658323510986,1612
E1,N2,E1_453,,,1612
E1,N0,E1_454,,,1612
E1,N1,E1_454,1.9546060794044666,0.1678892308344438,1612
E1,N2,E1_454,,,1612
E1,N0,E1_455,,,1612
E1,N1,E1_455,1.9401571546732836,0.2854271946991904,1612
E1,N2,E1_455,,,1612
E1,N0,E1_456,,,1612
E1,N1,E1_456,1.8849935011225332,0.33271591797639083,1612
E1,N2,E1_456,,,1612
E1,N0,E1_457,,,1612
E1,N1,E1_457,2.027112135176651,0.3138740215717059,1612
E1,N2,E1_457,,,1612
E1,N0,E1_458,,,1612
E1,N1,E1_458,1.6648152250974833,0.39280166499126434,1612
E1,N2,E1_458,,,1612
E1,N0,E1_459,,,1612
E1,N1,E1_459,1.9087313895781637,0.4356170630998586,1612
E1,N2,E1_459,,,1612
E1,N0,E1_46,,,1612
E1,N1,E1_46,3.42316406711568,1.5300658043550739,1612
E1,N2,E1_46,,,1612
E1,N0,E1_460,,,1612
E1,N1,E1_460,2.1034540056717472,0.3264675512080518,1612
E1,N2,E1_460,,,1612
E1,N0,E1_461,,,1612
E1,N1,E1_461,2.179435483870968,0.3212153919038191,1612
E1,N2,E1_461,,,1612
E1,N0,E1_462,,,1612
E1,N1,E1_462,1.8137510339123242,0.31059654936811076,1612
E1,N2,E1_462,,,1612
E1,N0,E1_463,,,1612
E1,N1,E1_463,1.2856227106227107,0.12952271132943632,1612
E1,N2,E1_463,,,1612
E1,N0,E1_464,,,1612
E1,N1,E1_464,1.354611248966088,0.14521033341331738,1612
E1,N2,E1_464,,,1612
E1,N0,E1_465,,,1612
E1,N1,E1_465,1.6224853775257002,0.13895280543496238,1612
E1,N2,E1_465,,,1612
E1,N0,E1_466,,,1612
E1,N1,E1_466,1.256607438260664,0.14446541496383344,1612
E1,N2,E1_466,,,1612
E1,N0,E1_467,,,1612
E1,N1,E1_467,1.6989764267990075,0.15518540245230128,1612
E1,N2,E1_467,,,1612
E1,N0,E1_468,,,1612
E1,N1,E1_468,1.5291553428650202,0.18688340821598393,1612
E1,N2,E1_468,,,1612
E1,N0,E1_469,,,1612
E1,N1,E1_469,1.7359698097601324,0.17763643799097792,1612
E1,N2,E1_469,,,1612
E1,N0,E1_47,,,1612
E1,N1,E1_47,7.458500572008637,5.5411094545217034,1612
E1,N2,E1_47,,,1612
E1,N0,E1_470,,,1612
E1,N1,E1_470,1.665250206782465,0.1596243157675101,1612
E1,N2,E1_470,,,1612
E1,N0,E1_471,,,1612
E1,N1,E1_471,1.7910876757650953,0.19377291800743426,1612
E1,N2,E1_471,,,1612
E1,N0,E1_472,,,1612
E1,N1,E1_472,1.7666666666666668,0.14773154231137006,1612
E1,N2,E1_472,,,1612
E1,N0,E1_473,,,1612
E1,N1,E1_473,1.7926924553940682,0.18332420194410273,1612
E1,N2,E1_473,,,1612
E1,N0,E1_474,,,1612
E1,N1,E1_474,1.8360968332742529,0.17529534406369576,1612
E1,N2,E1_474,,,1612
E1,N0,E1_475,,,1612
E1,N1,E1_475,1.6653846153846157,0.15435986317958253,1612
E1,N2,E1_475,,,1612
E1,N0,E1_476,,,1612
E1,N1,E1_476,1.514553792981212,0.1615037430163635,1612
E1,N2,E1_476,,,1612
E1,N0,E1_477,,,1612
E1,N1,E1_477,1.5978657095592579,0.13999187312458794,1612
E1,N2,E1_477,,,1612
E1,N0,E1_478,,,1612
E1,N1,E1_478,1.5569052419354839,0.18819270177810193,1612
E1,N2,E1_478,,,1612
E1,N0,E1_479,,,1612
E1,N1,E1_479,1.3698304383788256,0.14645376617378397,1612
E1,N2,E1_479,,,1612
E1,N0,E1_480,,,1612
E1,N1,E1_480,1.5695372503840244,0.1387752620321781,1612
E1,N2,E1_480,,,1612
E1,N0,E1_481,,,1612
E1,N1,E1_481,1.3078149001536097,0.22329619070223294,1612
E1,N2,E1_481,,,1612
E1,N0,E1_482,,,1612
E1,N1,E1_482,1.574224565756824,0.1393292278168284,1612
E1,N2,E1_482,,,1612
E1,N0,E1_483,,,1612
E1,N1,E1_483,1.6001861042183623,0.1410892121011974,1612
E1,N2,E1_483,,,1612
E1,N0,E1_484,,,1612
E1,N1,E1_484,1.1751137303556658,0.1577202210841437,1612
E1,N2,E1_484,,,1612
E1,N0,E1_485,,,1612
E1,N1,E1_485,1.6760376048682502,0.15069923495190182,1612
E1,N2,E1_485,,,1612
E1,N0,E1_486,,,1612
E1,N1,E1_486,1.5000206782464849,0.13809019109148515,1612
E1,N2,E1_486,,,1612
E1,N0,E1_487,,,1612
E1,N1,E1_487,1.582079345385797,0.13578247205687197,1612
E1,N2,E1_487,,,1612
E1,N0,E1_488,,,1612
E1,N1,E1_488,1.3980296585135294,0.15189213311423144,1612
E1,N2,E1_488,,,1612
E1,N0,E1_489,,,1612
E1,N1,E1_489,1.5239660876757652,0.1476164138898835,1612
E1,N2,E1_489,,,1612
E1,N0,E1_49,,,1612
E1,N1,E1_49,3.1397539288668326,2.4289921909641485,1612
E1,N2,E1_49,,,1612
E1,N0,E1_490,,,1612
E1,N1,E1_490,1.6041363878057426,0.1512621010992958,1612
E1,N2,E1_490,,,1612
E1,N0,E1_491,,,1612
E1,N1,E1_491,1.5040396431525462,0.1391412238223841,1612
E1,N2,E1_491,,,1612
E1,N0,E1_492,,,1612
E1,N1,E1_492,1.2309036393713813,0.20311082541231468,1612
E1,N2,E1_492,,,1612
E1,N0,E1_493,,,1612
E1,N1,E1_493,1.5252444464138013,0.16728244806215364,1612
E1,N2,E1_493,,,1612
E1,N0,E1_494,,,1612
E1,N1,E1_494,1.5734343613375872,0.14149516254522648,1612
E1,N2,E1_494,,,1612
E1,N0,E1_495,,,1612
E1,N1,E1_495,1.7648595356256649,0.19527954166914469,1612
E1,N2,E1_495,,,1612
E1,N0,E1_496,,,1612
E1,N1,E1_496,1.5242171806687934,0.1403203415630758,1612
E1,N2,E1_496,,,1612
E1,N0,E1_497,,,1612
E1,N1,E1_497,1.4960613479262674,0.22568452028189387,1612
E1,N2,E1_497,,,1612
E1,N0,E1_498,,,1612
E1,N1,E1_498,1.3302655677655677,0.1851558752024462,1612
E1,N2,E1_498,,,1612
E1,N0,E1_499,,,1612
E1,N1,E1_499,1.2905094233723267,0.1790097183596911,1612
E1,N2,E1_499,,,1612
E1,N0,E1_50,,,1612
E1,N1,E1_50,4.362315372799244,3.3754263580971076,1612
E1,N2,E1_50,,,1612
E1,N0,E1_500,,,1612
E1,N1,E1_500,1.9863626964433414,0.27622650133432847,1612
E1,N2,E1_500,,,1612
E1,N0,E1_501,,,1612
E1,N1,E1_501,1.5011638898735673,0.166336663448552,1612
E1,N2,E1_501,,,1612
E1,N0,E1_502,,,1612
E1,N1,E1_502,1.4197263086375989,0.1538396916436666,1612
E1,N2,E1_502,,,1612
E1,N0,E1_503,,,1612
E1,N1,E1_503,1.9883581472291152,0.2715672825573489,1612
E1,N2,E1_503,,,1612
E1,N0,E1_504,,,1612
E1,N1,E1_504,1.5245768344558668,0.20044511801143644,1612
E1,N2,E1_504,,,1612
E1,N0,E1_505,,,1612
E1,N1,E1_505,1.4481492969396197,0.1570542350109237,1612
E1,N2,E1_505,,,1612
E1,N0,E1_506,,,1612
E1,N1,E1_506,1.7627208141321045,0.19263015441531983,1612
E1,N2,E1_506,,,1612
E1,N0,E1_507,,,1612
E1,N1,E1_507,1.383435247548151,0.17608681380906974,1612
E1,N2,E1_507,,,1612
E1,N0,E1_508,,,1612
E1,N1,E1_508,1.459955837173579,0.15168533210155746,1612
E1,N2,E1_508,,,1612
E1,N0,E1_509,,,1612
E1,N1,E1_509,1.5541873449131514,0.14532703636828206,1612
E1,N2,E1_509,,,1612
E1,N0,E1_51,,,1612
E1,N1,E1_51,1.2988885442514475,1.0020925591704635,1612
E1,N2,E1_51,,,1612
E1,N0,E1_510,,,1612
E1,N1,E1_510,1.4644954507857733,0.15329712117033084,1612
E1,N2,E1_510,,,1612
E1,N0,E1_511,,,1612
E1,N1,E1_511,1.4822174465319624,0.1772784001393872,1612
E1,N2,E1_511,,,1612
E1,N0,E1_512,,,1612
E1,N1,E1_512,1.4467505612666904,0.14892717873892464,1612
E1,N2,E1_512,,,1612
E1,N0,E1_513,,,1612
E1,N1,E1_513,1.4418708643507032,0.20875771818880745,1612
E1,N2,E1_513,,,1612
E1,N0,E1_514,,,1612
E1,N1,E1_514,1.4129682145811175,0.19305157602259493,1612
E1,N2,E1_514,,,1612
E1,N0,E1_515,,,1612
E1,N1,E1_515,1.4738800514002126,0.18665528479244706,1612
E1,N2,E1_515,,,1612
E1,N0,E1_516,,,1612
E1,N1,E1_516,1.4232859210681792,0.19877784340488783,1612
E1,N2,E1_516,,,1612
E1,N0,E1_517,,,1612
E1,N1,E1_517,1.3758230680609715,0.2989567903455928,1612
E1,N2,E1_517,,,1612
E1,N0,E1_518,,,1612
E1,N1,E1_518,1.2823854856888357,0.18967379545669683,1612
E1,N2,E1_518,,,1612
E1,N0,E1_519,,,1612
E1,N1,E1_519,1.4046046023868608,0.16127368293207764,1612
E1,N2,E1_519,,,1612
E1,N0,E1_52,,,1612
E1,N1,E1_52,3.1540322580645164,2.4410488536044035,1612
E1,N2,E1_52,,,1612
E1,N0,E1_520,,,1612
E1,N1,E1_520,1.4494007001063454,0.17494155334373188,1612
E1,N2,E1_520,,,1612
E1,N0,E1_521,,,1612
E1,N1,E1_521,1.4562983723265983,0.27456177931586984,1612
E1,N2,E1_521,,,1612
E1,N0,E1_522,,,1612
E1,N1,E1_522,1.4035384418448935,0.27653277968635037,1612
E1,N2,E1_522,,,1612
E1,N0,E1_523,,,1612
E1,N1,E1_523,1.4607969987002245,0.17146888842976987,1612
E1,N2,E1_523,,,1612
E1,N0,E1_524,,,1612
E1,N1,E1_524,1.4255639745559099,0.22373836298893535,1612
E1,N2,E1_524,,,1612
E1,N0,E1_525,,,1612
E1,N1,E1_525,1.5358627259836937,0.18941925162761794,1612
E1,N2,E1_525,,,1612
E1,N0,E1_526,,,1612
E1,N1,E1_526,1.4325615916341725,0.2047141317574305,1612
E1,N2,E1_526,,,1612
E1,N0,E1_527,,,1612
E1,N1,E1_527,3.7367577986529597,1.686884502356282,1612
E1,N2,E1_527,,,1612
E1,N0,E1_528,,,1612
E1,N1,E1_528,1.0738560498641145,0.11590615281944276,1612
E1,N2,E1_528,,,1612
E1,N0,E1_529,,,1612
E1,N1,E1_529,1.228374985229824,0.18276569094845518,1612
E1,N2,E1_529,,,1612
E1,N0,E1_530,,,1612
E1,N1,E1_530,1.3660773366418528,0.14720361927096065,1612
E1,N2,E1_530,,,1612
E1,N0,E1_531,,,1612
E1,N1,E1_531,1.815729498995628,0.3599358901764618,1612
E1,N2,E1_531,,,1612
E1,N0,E1_532,,,1612
E1,N1,E1_532,1.686133758714404,0.16898079659757537,1612
E1,N2,E1_532,,,1612
E1,N0,E1_534,,,1612
E1,N1,E1_534,4.763649119697507,5.759773306446835,1612
E1,N2,E1_534,,,1612
E1,N0,E1_540,,,1612
E1,N1,E1_540,1.1750531726338178,0.6626690193714914,1612
E1,N2,E1_540,,,1612
E1,N0,E1_541,,,1612
E1,N1,E1_541,11.009522903172098,6.9403383201554965,1612
E1,N2,E1_541,,,1612
E1,N0,E1_542,,,1612
E1,N1,E1_542,3.685870178208888,0.6825077057499205,1612
E1,N2,E1_542,,,1612
E1,N0,E1_543,,,1612
E1,N1,E1_543,3.1035980148883375,2.1111276451314835,1612
E1,N2,E1_543,,,1612
E1,N0,E1_546,,,1612
E1,N1,E1_546,1.783114734727638,0.8400520029400672,1612
E1,N2,E1_546,,,1612
E1,N0,E1_551,,,1612
E1,N1,E1_551,1.51677005789909,0.14120412798471904,1612
E1,N2,E1_551,,,1612
E1,N0,E1_555,,,1612
E1,N1,E1_555,2.0011080093741387,0.8740234422474172,1612
E1,N2,E1_555,,,1612
E1,N0,E1_558,,,1612
E1,N1,E1_558,1.1482880522427668,0.2981097357884139,1612
E1,N2,E1_558,,,1612
E1,N0,E1_56,,,1612
E1,N1,E1_56,1.34750476811581,0.4710064025535813,1612
E1,N2,E1_56,,,1612
E1,N0,E1_561,,,1612
E1,N1,E1_561,2.027964754779271,0.4548713078207824,1612
E1,N2,E1_561,,,1612
E1,N0,E1_562,,,1612
E1,N1,E1_562,2.9000352736937725,0.45861474543087993,1612
E1,N2,E1_562,,,1612
E1,N0,E1_57,,,1612
E1,N1,E1_57,2.311989695581507,1.9316140024257,1612
E1,N2,E1_57,,,1612
E1,N0,E1_574,,,1612
E1,N1,E1_574,1.7142679900744417,0.5306887955423909,1612
E1,N2,E1_574,,,1612
E1,N0,E1_580,,,1612
E1,N1,E1_580,1.5243382961124898,0.21789646806231786,1612
E1,N2,E1_580,,,1612
E1,N0,E1_582,,,1612
E1,N1,E1_582,1.530073689751109,2.0034363428835156,1612
E1,N2,E1_582,,,1612
E1,N0,E1_583,,,1612
E1,N1,E1_583,1.423795042839708,1.1477833978153356,1612
E1,N2,E1_583,,,1612
E1,N0,E1_587,,,1612
E1,N1,E1_587,3.888984655749544,9.818254261732315,1612
E1,N2,E1_587,,,1612
E1,N0,E1_589,,,1612
E1,N1,E1_589,5.34699451534129,10.12185808383039,1612
E1,N2,E1_589,,,1612
E1,N0,E1_591,,,1612
E1,N1,E1_591,54.47122271855523,0.10332605481204322,1612
E1,N2,E1_591,,,1612
E1,N0,E1_593,,,1612
E1,N1,E1_593,3.6389267990074448,12.545236437066384,1612
E1,N2,E1_593,,,1612
E1,N0,E1_595,,,1612
E1,N1,E1_595,1.2731744062389223,1.794467401924987,1612
E1,N2,E1_595,,,1612
E1,N0,E1_596,,,1612
E1,N1,E1_596,23.353204389696327,33.196599741431484,1612
E1,N2,E1_596,,,1612
E1,N0,E1_597,,,1612
E1,N1,E1_597,33.68566628264209,44.734808418482956,1612
E1,N2,E1_597,,,1612
E1,N0,E1_598,,,1612
E1,N1,E1_598,33.510560675883255,44.56818954015592,1612
E1,N2,E1_598,,,1612
E1,N0,E1_599,,,1612
E1,N1,E1_599,33.67128751624719,44.79092962704566,1612
E1,N2,E1_599,,,1612
E1,N0,E1_600,,,1612
E1,N1,E1_600,1.0840728268147621,0.1456810175698511,1612
E1,N2,E1_600,,,1612
E1,N0,E1_601,,,1612
E1,N1,E1_601,1.1605985412437023,0.2739630327520946,1612
E1,N2,E1_601,,,1612
E1,N0,E1_602,,,1612
E1,N1,E1_602,1.0239000247064762,0.3802572039729483,1612
E1,N2,E1_602,,,1612
E1,N0,E1_604,,,1612
E1,N1,E1_604,7.248280751506559,20.368201075894817,1612
E1,N2,E1_604,,,1612
E1,N0,E1_607,,,1612
E1,N1,E1_607,6.785394265232974,4.497837053830417,1612
E1,N2,E1_607,,,1612
E1,N0,E1_608,,,1612
E1,N1,E1_608,45.52782358770262,39.57086327338864,1612
E1,N2,E1_608,,,1612
E1,N0,E1_609,,,1612
E1,N1,E1_609,45.08578664279269,40.52077036518008,1612
E1,N2,E1_609,,,1612
E1,N0,E1_610,,,1612
E1,N1,E1_610,50.09703415897586,36.21295717726045,1612
E1,N2,E1_610,,,1612
E1,N0,E1_611,,,1612
E1,N1,E1_611,50.88649255090787,36.59829158199251,1612
E1,N2,E1_611,,,1612
E1,N0,E1_612,,,1612
E1,N1,E1_612,41.07917521374408,39.05672810654735,1612
E1,N2,E1_612,,,1612
E1,N0,E1_613,,,1612
E1,N1,E1_613,43.152294882536815,35.12832668520333,1612
E1,N2,E1_613,,,1612
E1,N0,E1_614,,,1612
E1,N1,E1_614,48.806915391267125,35.89039648150566,1612
E1,N2,E1_614,,,1612
E1,N0,E1_615,,,1612
E1,N1,E1_615,42.49515189111963,37.49413530791057,1612
E1,N2,E1_615,,,1612
E1,N0,E1_616,,,1612
E1,N1,E1_616,57.118086449840476,39.621941918501726,1612
E1,N2,E1_616,,,1612
E1,N0,E1_617,,,1612
E1,N1,E1_617,41.50058409849042,40.121277009730335,1612
E1,N2,E1_617,,,1612
E1,N0,E1_618,,,1612
E1,N1,E1_618,40.4257995868379,39.95369420927994,1612
E1,N2,E1_618,,,1612
E1,N0,E1_619,,,1612
E1,N1,E1_619,42.190257039279984,39.22651306954334,1612
E1,N2,E1_619,,,1612
E1,N0,E1_62,,,1612
E1,N1,E1_62,4.742886683209264,0.9809205398301587,1612
E1,N2,E1_62,,,1612
E1,N0,E1_620,,,1612
E1,N1,E1_620,50.280599151675446,37.18762416510225,1612
E1,N2,E1_620,,,1612
E1,N0,E1_621,,,1612
E1,N1,E1_621,40.98166027520867,39.73570333409148,1612
E1,N2,E1_621,,,1612
E1,N0,E1_622,,,1612
E1,N1,E1_622,45.08016106876994,32.990203032014236,1612
E1,N2,E1_622,,,1612
E1,N0,E1_623,,,1612
E1,N1,E1_623,43.14702842520383,39.09416063032126,1612
E1,N2,E1_623,,,1612
E1,N0,E1_624,,,1612
E1,N1,E1_624,43.27621706250738,34.234012020214145,1612
E1,N2,E1_624,,,1612
E1,N0,E1_625,,,1612
E1,N1,E1_625,43.40314432431368,40.953823950482324,1612
E1,N2,E1_625,,,1612
E1,N0,E1_626,,,1612
E1,N1,E1_626,41.925628963330574,34.66797066086723,1612
E1,N2,E1_626,,,1612
E1,N0,E1_627,,,1612
E1,N1,E1_627,40.34907840255623,38.88561758644919,1612
E1,N2,E1_627,,,1612
E1,N0,E1_628,,,1612
E1,N1,E1_628,39.85237110559691,38.29411454472649,1612
E1,N2,E1_628,,,1612
E1,N0,E1_629,,,1612
E1,N1,E1_629,39.48883030052385,37.49871119901553,1612
E1,N2,E1_629,,,1612
E1,N0,E1_630,,,1612
E1,N1,E1_630,38.07106104021427,37.90211842393496,1612
E1,N2,E1_630,,,1612
E1,N0,E1_631,,,1612
E1,N1,E1_631,39.18358799578558,33.09100924064371,1612
E1,N2,E1_631,,,1612
E1,N0,E1_632,,,1612
E1,N1,E1_632,41.08682292471452,38.829794840491594,1612
E1,N2,E1_632,,,1612
E1,N0,E1_633,,,1612
E1,N1,E1_633,41.187483322009534,37.97628010392391,1612
E1,N2,E1_633,,,1612
E1,N0,E1_634,,,1612
E1,N1,E1_634,41.86883745175076,38.91659224063566,1612
E1,N2,E1_634,,,1612
E1,N0,E1_635,,,1612
E1,N1,E1_635,40.68406070296191,37.67359383469486,1612
E1,N2,E1_635,,,1612
E1,N0,E1_636,,,1612
E1,N1,E1_636,41.360531874039935,38.44059663532071,1612
E1,N2,E1_636,,,1612
E1,N0,E1_637,,,1612
E1,N1,E1_637,41.43914392059553,39.78500685905981,1612
E1,N2,E1_637,,,1612
E1,N0,E1_638,,,1612
E1,N1,E1_638,40.38226938831778,33.298248275792716,1612
E1,N2,E1_638,,,1612
E1,N0,E1_639,,,1612
E1,N1,E1_639,40.08891399818819,37.704290530354186,1612
E1,N2,E1_639,,,1612
E1,N0,E1_640,,,1612
E1,N1,E1_640,39.93045548761275,38.58568979058617,1612
E1,N2,E1_640,,,1612
E1,N0,E1_641,,,1612
E1,N1,E1_641,41.467067307692304,38.41364848270731,1612
E1,N2,E1_641,,,1612
E1,N0,E1_642,,,1612
E1,N1,E1_642,51.16969233723267,37.80145920839469,1612
E1,N2,E1_642,,,1612
E1,N0,E1_643,,,1612
E1,N1,E1_643,51.62159842845327,38.09697581915692,1612
E1,N2,E1_643,,,1612
E1,N0,E1_644,,,1612
E1,N1,E1_644,51.576161674347155,37.13932547598136,1612
E1,N2,E1_644,,,1612
E1,N0,E1_645,,,1612
E1,N1,E1_645,44.660139356611126,40.73142483200912,1612
E1,N2,E1_645,,,1612
E1,N0,E1_646,,,1612
E1,N1,E1_646,57.7433587749616,39.588037519515645,1612
E1,N2,E1_646,,,1612
E1,N0,E1_647,,,1612
E1,N1,E1_647,37.910098123202964,39.130676260477166,1612
E1,N2,E1_647,,,1612
E1,N0,E1_648,,,1612
E1,N1,E1_648,53.85874099019261,38.73822309143698,1612
E1,N2,E1_648,,,1612
E1,N0,E1_649,,,1612
E1,N1,E1_649,40.69071682126118,39.68331672347774,1612
E1,N2,E1_649,,,1612
E1,N0,E1_650,,,1612
E1,N1,E1_650,36.03748648864576,39.42235194304054,1612
E1,N2,E1_650,,,1612
E1,N0,E1_651,,,1612
E1,N1,E1_651,35.7739003603923,38.425022437615866,1612
E1,N2,E1_651,,,1612
E1,N0,E1_652,,,1612
E1,N1,E1_652,55.20028949545079,39.75494496627141,1612
E1,N2,E1_652,,,1612
E1,N0,E1_653,,,1612
E1,N1,E1_653,34.79278772302966,38.06893742558964,1612
E1,N2,E1_653,,,1612
E1,N0,E1_654,,,1612
E1,N1,E1_654,35.324935011225335,36.00950371188669,1612
E1,N2,E1_654,,,1612
E1,N0,E1_655,,,1612
E1,N1,E1_655,42.769280249320566,31.92871324151373,1612
E1,N2,E1_655,,,1612
E1,N0,E1_656,,,1612
E1,N1,E1_656,50.68507030603806,0.411270141225004,1612
E1,N2,E1_656,,,1612
E1,N0,E1_657,,,1612
E1,N1,E1_657,2.1014673033748714,0.48583701511679533,1612
E1,N2,E1_657,,,1612
E1,N0,E1_658,,,1612
E1,N1,E1_658,1.5555938349285123,0.47521133652965114,1612
E1,N2,E1_658,,,1612
E1,N0,E1_659,,,1612
E1,N1,E1_659,1.8069759541533734,0.30352139682441526,1612
E1,N2,E1_659,,,1612
E1,N0,E1_660,,,1612
E1,N1,E1_660,1.4088399503722082,0.32227928882716633,1612
E1,N2,E1_660,,,1612
E1,N0,E1_661,,,1612
E1,N1,E1_661,1.5840866123124187,0.34815210565942356,1612
E1,N2,E1_661,,,1612
E1,N0,E1_662,,,1612
E1,N1,E1_662,1.7834012761432116,0.3090660314634417,1612
E1,N2,E1_662,,,1612
E1,N0,E1_663,,,1612
E1,N1,E1_663,1.5341959116152664,0.2874999892248419,1612
E1,N2,E1_663,,,1612
E1,N0,E1_664,,,1612
E1,N1,E1_664,1.4453267162944583,0.2764765489396484,1612
E1,N2,E1_664,,,1612
E1,N0,E1_665,,,1612
E1,N1,E1_665,1.2770264681555004,0.2839953344913332,1612
E1,N2,E1_665,,,1612
E1,N0,E1_666,,,1612
E1,N1,E1_666,1.2692514474772538,0.28330966792023127,1612
E1,N2,E1_666,,,1612
E1,N0,E1_675,,,1612
E1,N1,E1_675,8.826993973768168,9.114754375094929,1612
E1,N2,E1_675,,,1612
E1,N0,E1_676,,,1612
E1,N1,E1_676,1.3906940841416646,0.6170035631454257,1612
E1,N2,E1_676,,,1612
E1,N0,E1_677,,,1612
E1,N1,E1_677,7.195760959470636,9.264300098451049,1612
E1,N2,E1_677,,,1612
E1,N0,E1_679,,,1612
E1,N1,E1_679,1.3723913596742379,3.6551528643028215,1612
E1,N2,E1_679,,,1612
E1,N0,E1_68,,,1612
E1,N1,E1_68,1.3303556658395366,0.5606120824088989,1612
E1,N2,E1_68,,,1612
E1,N0,E1_683,,,1612
E1,N1,E1_683,2.5016456437827403,4.657548083676628,1612
E1,N2,E1_683,,,1612
E1,N0,E1_686,,,1612
E1,N1,E1_686,2.9230916932529833,2.994213091846023,1612
E1,N2,E1_686,,,1612
E1,N0,E1_687,,,1612
E1,N1,E1_687,1.5018023643023644,0.8708585674402968,1612
E1,N2,E1_687,,,1612
E1,N0,E1_688,,,1612
E1,N1,E1_688,2.972698068060971,2.802840516820275,1612
E1,N2,E1_688,,,1612
E1,N0,E1_689,,,1612
E1,N1,E1_689,4.828680727874277,4.6765003537842444,1612
E1,N2,E1_689,,,1612
E1,N0,E1_69,,,1612
E1,N1,E1_69,23.279622231917514,0.40897498609641203,1612
E1,N2,E1_69,,,1612
E1,N0,E1_690,,,1612
E1,N1,E1_690,4.144091929575801,9.52016520503106,1612
E1,N2,E1_690,,,1612
E1,N0,E1_693,,,1612
E1,N1,E1_693,1.4085105754460592,0.5438727849998356,1612
E1,N2,E1_693,,,1612
E1,N0,E1_694,,,1612
E1,N1,E1_694,3.2445221445221444,7.171656170935808,1612
E1,N2,E1_694,,,1612
E1,N0,E1_695,,,1612
E1,N1,E1_695,1.646831797235023,0.3937132050605164,1612
E1,N2,E1_695,,,1612
E1,N0,E1_696,,,1307
E1,N1,E1_696,1.90300579298284,1.6466544717913234,1307
E1,N2,E1_696,,,1307
E1,N0,E1_699,,,1306
E1,N1,E1_699,1.1416684897542475,1.855749514153782,1306
E1,N2,E1_699,,,1306
E1,N0,E1_70,,,1612
E1,N1,E1_70,1.1724746407438713,0.616310524855606,1612
E1,N2,E1_70,,,1612
E1,N0,E1_701,,,1257
E1,N1,E1_701,1.1994241769898093,2.2336422185793805,1257
E1,N2,E1_701,,,1257
E1,N0,E1_703,,,1612
E1,N1,E1_703,1.0945143566111306,0.2530335999212431,1612
E1,N2,E1_703,,,1612
E1,N0,E1_706,,,1612
E1,N1,E1_706,0.9788753249438732,0.41008172749210237,1612
E1,N2,E1_706,,,1612
E1,N0,E1_708,,,1612
E1,N1,E1_708,34.36504086794099,35.315823063381195,1612
E1,N2,E1_708,,,1612
E1,N0,E1_709,,,1612
E1,N1,E1_709,34.38263027295285,36.30749388953857,1612
E1,N2,E1_709,,,1612
E1,N0,E1_71,,,1612
E1,N1,E1_71,1.3351146165662293,0.890593156453297,1612
E1,N2,E1_71,,,1612
E1,N0,E1_710,,,1612
E1,N1,E1_710,38.30287021188076,32.24385367068083,1612
E1,N2,E1_710,,,1612
E1,N0,E1_711,,,1612
E1,N1,E1_711,29.916727962897316,33.743190795345136,1612
E1,N2,E1_711,,,1612
E1,N0,E1_712,,,1612
E1,N1,E1_712,30.56420595533499,35.86537286969734,1612
E1,N2,E1_712,,,1612
E1,N0,E1_713,,,1612
E1,N1,E1_713,41.10316735063943,36.107343183280726,1612
E1,N2,E1_713,,,1612
E1,N0,E1_714,,,1612
E1,N1,E1_714,26.347308135412973,34.14714097307072,1612
E1,N2,E1_714,,,1612
E1,N0,E1_715,,,1612
E1,N1,E1_715,26.82712025877348,31.653654029772802,1612
E1,N2,E1_715,,,1612
E1,N0,E1_716,,,1612
E1,N1,E1_716,35.79236751152074,34.53251433556475,1612
E1,N2,E1_716,,,1612
E1,N0,E1_717,,,1612
E1,N1,E1_717,7.385678789951434,1.5462697370378589,1612
E1,N2,E1_717,,,1612
E1,N0,E1_718,,,1612
E1,N1,E1_718,51.71148233486944,30.322571500636652,1612
E1,N2,E1_718,,,1612
E1,N0,E1_72,,,1612
E1,N1,E1_72,5.204829418926813,0.8317883327154565,1612
E1,N2,E1_72,,,1612
E1,N0,E1_721,,,1612
E1,N1,E1_721,15.739956280278863,1.5397117746658784,1612
E1,N2,E1_721,,,1612
E1,N0,E1_722,,,1612
E1,N1,E1_722,2.0316706814690684,0.8022607051326461,1612
E1,N2,E1_722,,,1612
E1,N0,E1_723,,,1612
E1,N1,E1_723,39.17249645515775,20.015604854832755,1612
E1,N2,E1_723,,,1612
E1,N0,E1_728,,,1612
E1,N1,E1_728,3.551273278692634,0.27420657372558244,1612
E1,N2,E1_728,,,1612
E1,N0,E1_732,,,1612
E1,N1,E1_732,1.8969159872385677,1.1218971645748845,1612
E1,N2,E1_732,,,1612
E1,N0,E1_733,,,1612
E1,N1,E1_733,1.1463192721257236,0.36614746540232557,1612
E1,N2,E1_733,,,1612
E1,N0,E1_734,,,1612
E1,N1,E1_734,5.0270676129081835,6.035959313986296,1612
E1,N2,E1_734,,,1612
E1,N0,E1_735,,,1612
E1,N1,E1_735,16.80646828874186,21.30946094372566,1612
E1,N2,E1_735,,,1612
E1,N0,E1_736,,,1612
E1,N1,E1_736,13.382704862341962,11.829141724665151,1612
E1,N2,E1_736,,,1612
E1,N0,E1_737,,,1612
E1,N1,E1_737,2.276590255622514,0.628633391457313,1612
E1,N2,E1_737,,,1612
E1,N0,E1_738,,,1612
E1,N1,E1_738,4.014971050454921,0.5611185345208496,1612
E1,N2,E1_738,,,1612
E1,N0,E1_74,,,1612
E1,N1,E1_74,1.3189412737799835,0.46790611157356893,1612
E1,N2,E1_74,,,1612
E1,N0,E1_740,,,1612
E1,N1,E1_740,2.414419199751861,0.04910439053379128,1612
E1,N2,E1_740,,,1612
E1,N0,E1_741,,,1612
E1,N1,E1_741,2.945763913505849,0.5632206286825054,1612
E1,N2,E1_741,,,1612
E1,N0,E1_742,,,1612
E1,N1,E1_742,1.005555432470755,0.11191314583321578,1612
E1,N2,E1_742,,,1612
E1,N0,E1_744,,,1612
E1,N1,E1_744,1.8596715112844147,0.666334169366845,1612
E1,N2,E1_744,,,1612
E1,N0,E1_749,,,1612
E1,N1,E1_749,1.6070040174878886,0.6545192945465095,1612
E1,N2,E1_749,,,1612
E1,N0,E1_75,,,1612
E1,N1,E1_75,2.1872933466450832,0.6143482491440002,1612
E1,N2,E1_75,,,1612
E1,N0,E1_758,,,1612
E1,N1,E1_758,1.8338177951081176,2.691924773489189,1612
E1,N2,E1_758,,,1612
E1,N0,E1_759,,,1612
E1,N1,E1_759,1.0974713458584426,0.47508075372041003,1612
E1,N2,E1_759,,,1612
E1,N0,E1_76,,,1612
E1,N1,E1_76,1.158868953627018,0.49024119905275293,1612
E1,N2,E1_76,,,1612
E1,N0,E1_760,,,1612
E1,N1,E1_760,1.175475599669148,4.608952017518008,1612
E1,N2,E1_760,,,1612
E1,N0,E1_763,,,1612
E1,N1,E1_763,19.726398664662465,0.24639600312493287,1612
E1,N2,E1_763,,,1612
E1,N0,E1_764,,,1612
E1,N1,E1_764,2.368666548505258,0.33700663497482786,1612
E1,N2,E1_764,,,1612
E1,N0,E1_765,,,1612
E1,N1,E1_765,2.438778604907637,0.3872946844071791,1612
E1,N2,E1_765,,,1612
E1,N0,E1_766,,,1612
E1,N1,E1_766,4.710872141970933,0.48852114367537275,1612
E1,N2,E1_766,,,1612
E1,N0,E1_767,,,1612
E1,N1,E1_767,19.58758123596833,0.41678382874759046,1612
E1,N2,E1_767,,,1612
E1,N0,E1_768,,,1612
E1,N1,E1_768,1.1763765804088384,0.2853878831247504,1612
E1,N2,E1_768,,,1612
E1,N0,E1_77,,,1612
E1,N1,E1_77,1.2084367245657568,0.521908324983172,1612
E1,N2,E1_77,,,1612
E1,N0,E1_772,,,1612
E1,N1,E1_772,3.7997562920950014,7.677686000184299,1612
E1,N2,E1_772,,,1612
E1,N0,E1_775,,,1612
E1,N1,E1_775,4.514746543778801,2.4432324946840547,1612
E1,N2,E1_775,,,1612
E1,N0,E1_776,,,1612
E1,N1,E1_776,6.114081885856081,2.521074878714861,1612
E1,N2,E1_776,,,1612
E1,N0,E1_777,,,1612
E1,N1,E1_777,0.9565786364173462,0.2158044723813789,1612
E1,N2,E1_777,,,1612
E1,N0,E1_779,,,1612
E1,N1,E1_779,3.303828429634881,5.587425978730962,1612
E1,N2,E1_779,,,1612
E1,N0,E1_78,,,1612
E1,N1,E1_78,5.590416572674637,0.7090989934255069,1612
E1,N2,E1_78,,,1612
E1,N0,E1_780,,,1612
E1,N1,E1_780,1.4936749182716926,0.26302903610723927,1612
E1,N2,E1_780,,,1612
E1,N0,E1_783,,,1612
E1,N1,E1_783,1.0261166253101737,0.4668140238122453,1612
E1,N2,E1_783,,,1612
E1,N0,E1_790,,,1612
E1,N1,E1_790,1.1597808105872622,0.17487979830917244,1612
E1,N2,E1_790,,,1612
E1,N0,E1_791,,,1612
E1,N1,E1_791,1.254240517546969,0.2834242843528861,1612
E1,N2,E1_791,,,1612
E1,N0,E1_792,,,1612
E1,N1,E1_792,1.3865901571546733,0.12473673637673967,1612
E1,N2,E1_792,,,1612
E1,N0,E1_794,,,1612
E1,N1,E1_794,1.5574556156209383,0.13188595941551257,1612
E1,N2,E1_794,,,1612
E1,N0,E1_80,,,1612
E1,N1,E1_80,1.1089123242349048,0.7632245635193907,1612
E1,N2,E1_80,,,1612
E1,N0,E1_800,,,1612
E1,N1,E1_800,1.4455334987593051,1.326401403627516,1612
E1,N2,E1_800,,,1612
E1,N0,E1_801,,,1612
E1,N1,E1_801,2.23736559139785,0.21226027733187403,1612
E1,N2,E1_801,,,1612
E1,N0,E1_807,,,1612
E1,N1,E1_807,1.7369261786600498,1.1964165535841356,1612
E1,N2,E1_807,,,1612
E1,N0,E1_808,,,1612
E1,N1,E1_808,2.060696334269535,0.22794157802611184,1612
E1,N2,E1_808,,,1612
E1,N0,E1_809,,,1612
E1,N1,E1_809,1.0573407775020678,0.4169877270963804,1612
E1,N2,E1_809,,,1612
E1,N0,E1_81,,,1612
E1,N1,E1_81,1.1589330024813895,0.5023685044619713,1612
E1,N2,E1_81,,,1612
E1,N0,E1_810,,,1612
E1,N1,E1_810,1.6951120564023792,0.39316879590194115,1612
E1,N2,E1_810,,,1612
E1,N0,E1_812,,,1612
E1,N1,E1_812,5.007236164889701,5.920767069351602,1612
E1,N2,E1_812,,,1612
E1,N0,E1_814,,,1612
E1,N1,E1_814,1.2479580231596359,2.209114368579433,1612
E1,N2,E1_814,,,1612
E1,N0,E1_815,,,1612
E1,N1,E1_815,0.8917922131631808,0.7855593919148669,1612
E1,N2,E1_815,,,1612
E1,N0,E1_816,,,1612
E1,N1,E1_816,1.9850858147229116,4.6377065690800645,1612
E1,N2,E1_816,,,1612
E1,N0,E1_817,,,1612
E1,N1,E1_817,2.661335908714941,4.082776372419365,1612
E1,N2,E1_817,,,1612
E1,N0,E1_818,,,1612
E1,N1,E1_818,1.0617437054433023,1.3613134316913769,1612
E1,N2,E1_818,,,1612
E1,N0,E1_819,,,1612
E1,N1,E1_819,3.4546665235095753,4.487034010109308,1612
E1,N2,E1_819,,,1612
E1,N0,E1_820,,,1612
E1,N1,E1_820,0.9418018137776203,0.31790461480805904,1612
E1,N2,E1_820,,,1612
E1,N0,E1_821,,,1612
E1,N1,E1_821,2.1135228346921897,4.899926351114698,1612
E1,N2,E1_821,,,1612
E1,N0,E1_822,,,1612
E1,N1,E1_822,3.6034089902033455,4.675530505448993,1612
E1,N2,E1_822,,,1612
E1,N0,E1_823,,,1612
E1,N1,E1_823,7.835228682607714,8.635148283655123,1612
E1,N2,E1_823,,,1612
E1,N0,E1_824,,,1612
E1,N1,E1_824,4.914197227503678,12.39753188991255,1612
E1,N2,E1_824,,,1612
E1,N0,E1_825,,,1612
E1,N1,E1_825,3.860900389932648,1.0972051850625844,1612
E1,N2,E1_825,,,1612
E1,N0,E1_826,,,1612
E1,N1,E1_826,3.223197300011816,2.496263299422891,1612
E1,N2,E1_826,,,1612
E1,N0,E1_827,,,1612
E1,N1,E1_827,27.760116093583836,11.341871092073307,1612
E1,N2,E1_827,,,1612
E1,N0,E1_828,,,1612
E1,N1,E1_828,2.60403816613494,1.542338018922523,1612
E1,N2,E1_828,,,1612
E1,N0,E1_829,,,1612
E1,N1,E1_829,1.0450674997045966,1.1370330884676252,1612
E1,N2,E1_829,,,1612
E1,N0,E1_830,,,1612
E1,N1,E1_830,1.059712867777384,0.46138132923893466,1612
E1,N2,E1_830,,,1612
E1,N0,E1_833,,,1612
E1,N1,E1_833,5.6227807810469095,0.15826454512166846,1612
E1,N2,E1_833,,,1612
E1,N0,E1_834,,,1612
E1,N1,E1_834,5.599358008616693,0.12936006898380595,1612
E1,N2,E1_834,,,1612
E1,N0,E1_835,,,1612
E1,N1,E1_835,3.022392764390283,0.3514895578739222,1612
E1,N2,E1_835,,,1612
E1,N0,E1_836,,,1612
E1,N1,E1_836,4.082685862524572,3.9148883626832545,1612
E1,N2,E1_836,,,1612
E1,N0,E1_838,,,1612
E1,N1,E1_838,1.025827129859388,0.11517777574230924,1612
E1,N2,E1_838,,,1612
E1,N0,E1_84,,,1612
E1,N1,E1_84,1.2405230522166006,0.5140133505156209,1612
E1,N2,E1_84,,,1612
E1,N0,E1_840,,,1612
E1,N1,E1_840,25.68343320244685,0.9180492116686823,1612
E1,N2,E1_840,,,1612
E1,N0,E1_843,,,1612
E1,N1,E1_843,29.90597010516365,2.1140048871855917,1612
E1,N2,E1_843,,,1612
E1,N0,E1_845,,,1612
E1,N1,E1_845,2.9198540706605223,2.750371124643715,1612
E1,N2,E1_845,,,1612
E1,N0,E1_846,,,1612
E1,N1,E1_846,46.086896884477525,4.20036822463106,1612
E1,N2,E1_846,,,1612
E1,N0,E1_848,,,1612
E1,N1,E1_848,1.729791624146463,6.842020091894441,1612
E1,N2,E1_848,,,1612
E1,N0,E1_849,,,1612
E1,N1,E1_849,1.0326038570610532,0.36234863627799974,1612
E1,N2,E1_849,,,1612
E1,N0,E1_85,,,1612
E1,N1,E1_85,1.0467357910906299,0.37358068062452976,1612
E1,N2,E1_85,,,1612
E1,N0,E1_850,,,1612
E1,N1,E1_850,5.2674961351372644,2.7517866689445794,1612
E1,N2,E1_850,,,1612
E1,N0,E1_852,,,1612
E1,N1,E1_852,1.0407852280060716,0.0996892845593535,1612
E1,N2,E1_852,,,1612
E1,N0,E1_853,,,1612
E1,N1,E1_853,1.1642000472645633,1.8105976632759222,1612
E1,N2,E1_853,,,1612
E1,N0,E1_854,,,1612
E1,N1,E1_854,2.0710785182559373,2.4702131272120837,1612
E1,N2,E1_854,,,1612
E1,N0,E1_855,,,1612
E1,N1,E1_855,8.07063018660413,14.676563409556849,1612
E1,N2,E1_855,,,1612
E1,N0,E1_856,,,1612
E1,N1,E1_856,2.053288447147008,1.486450683744001,1612
E1,N2,E1_856,,,1612
E1,N0,E1_858,,,1612
E1,N1,E1_858,2.7429008233288634,3.8375636070435193,1612
E1,N2,E1_858,,,1612
E1,N0,E1_86,,,1612
E1,N1,E1_86,1.1953621647170036,0.5750961062762163,1612
E1,N2,E1_86,,,1612
E1,N0,E1_860,,,1612
E1,N1,E1_860,13.589551964784597,0.7721167149553575,1612
E1,N2,E1_860,,,1612
E1,N0,E1_861,,,1612
E1,N1,E1_861,3.652722009173622,0.5050034397707027,1612
E1,N2,E1_861,,,1612
E1,N0,E1_862,,,1612
E1,N1,E1_862,1.0944241655780116,0.3802791571755648,1612
E1,N2,E1_862,,,1612
E1,N0,E1_863,,,1612
E1,N1,E1_863,1.2392652632727075,0.4561316996726247,1612
E1,N2,E1_863,,,1612
E1,N0,E1_864,,,1612
E1,N1,E1_864,19.108300100437198,10.188012361770397,1612
E1,N2,E1_864,,,1612
E1,N0,E1_865,,,1612
E1,N1,E1_865,7.62876491787782,7.4322350903099155,1612
E1,N2,E1_865,,,1612
E1,N0,E1_866,,,1612
E1,N1,E1_866,1.0708610041736593,0.3325597071279908,1612
E1,N2,E1_866,,,1612
E1,N0,E1_867,,,1612
E1,N1,E1_867,6.191208633694676,4.7767201830524515,1612
E1,N2,E1_867,,,1612
E1,N0,E1_868,,,1612
E1,N1,E1_868,2.0722027558876195,2.185952368845305,1612
E1,N2,E1_868,,,1612
E1,N0,E1_869,,,1612
E1,N1,E1_869,2.655541770057899,2.1591459870644836,1612
E1,N2,E1_869,,,1612
E1,N0,E1_870,,,1612
E1,N1,E1_870,2.7432766158572606,0.9550083728161038,1612
E1,N2,E1_870,,,1612
E1,N0,E1_871,,,1612
E1,N1,E1_871,5.096635050915448,9.983888254172765,1612
E1,N2,E1_871,,,1612
E1,N0,E1_872,,,1612
E1,N1,E1_872,5.256197565874985,5.375808544829112,1612
E1,N2,E1_872,,,1612
E1,N0,E1_873,,,1612
E1,N1,E1_873,2.570605872622002,0.46490744601488276,1612
E1,N2,E1_873,,,1612
E1,N0,E1_875,,,1612
E1,N1,E1_875,3.1427448895190833,2.0037901207833193,1612
E1,N2,E1_875,,,1612
E1,N0,E1_876,,,1612
E1,N1,E1_876,2.1944943600650797,0.3698940508779437,1612
E1,N2,E1_876,,,1612
E1,N0,E1_877,,,1612
E1,N1,E1_877,2.5543063119676024,0.5523047139137313,1612
E1,N2,E1_877,,,1612
E1,N0,E1_878,,,1612
E1,N1,E1_878,1.9903255346803737,0.9857127605595645,1612
E1,N2,E1_878,,,1612
E1,N0,E1_879,,,1612
E1,N1,E1_879,3.7129305506321635,2.836970841666361,1612
E1,N2,E1_879,,,1612
E1,N0,E1_880,,,1612
E1,N1,E1_880,3.6849555014877597,0.4598889589164829,1612
E1,N2,E1_880,,,1612
E1,N0,E1_881,,,1612
E1,N1,E1_881,2.7940269408011345,0.8772443704376945,1612
E1,N2,E1_881,,,1612
E1,N0,E1_882,,,1612
E1,N1,E1_882,2.772246839182323,1.4668974073519074,1612
E1,N2,E1_882,,,1612
E1,N0,E1_883,,,1612
E1,N1,E1_883,1.4183865865317478,6.1976841400997,1612
E1,N2,E1_883,,,1612
E1,N0,E1_884,,,1612
E1,N1,E1_884,4.692467210209146,4.4276832172156935,1612
E1,N2,E1_884,,,1612
E1,N0,E1_885,,,1612
E1,N1,E1_885,4.566389479695932,1.2094438931016,1612
E1,N2,E1_885,,,1612
E1,N0,E1_888,,,1612
E1,N1,E1_888,1.0780367481980386,0.3181287782880017,1612
E1,N2,E1_888,,,1612
E1,N0,E1_889,,,1612
E1,N1,E1_889,4.84679930284769,18.26853884877107,1612
E1,N2,E1_889,,,1612
E1,N0,E1_890,,,1612
E1,N1,E1_890,3.906910226869904,5.002456430001236,1612
E1,N2,E1_890,,,1612
E1,N0,E1_891,,,1612
E1,N1,E1_891,2.0553468037339004,0.36219141977248176,1612
E1,N2,E1_891,,,1612
E1,N0,E1_892,,,1612
E1,N1,E1_892,11.105468657686401,4.993445103331653,1612
E1,N2,E1_892,,,1612
E1,N0,E1_893,,,1612
E1,N1,E1_893,1.9727342549923195,0.4730220446877611,1612
E1,N2,E1_893,,,1612
E1,N0,E1_894,,,1612
E1,N1,E1_894,5.482926414982867,8.293587804906283,1612
E1,N2,E1_894,,,1612
E1,N0,E1_895,,,1612
E1,N1,E1_895,7.079631927212572,14.50508938777947,1612
E1,N2,E1_895,,,1612
E1,N0,E1_896,,,1612
E1,N1,E1_896,3.5281433103703574,6.242451168793351,1612
E1,N2,E1_896,,,1612
E1,N0,E1_898,,,1612
E1,N1,E1_898,1.1989247311827957,2.1558349186688512,1612
E1,N2,E1_898,,,1612
E1,N0,E1_900,,,1612
E1,N1,E1_900,1.1985805860805863,2.045136069705772,1612
E1,N2,E1_900,,,1612
E1,N0,E1_901,,,1612
E1,N1,E1_901,2.2382608430995528,2.155463412638987,1612
E1,N2,E1_901,,,1612
E1,N0,E1_902,,,1612
E1,N1,E1_902,1.0572167080231596,0.5051766242231446,1612
E1,N2,E1_902,,,1612
E1,N0,E1_903,,,1612
E1,N1,E1_903,4.343066140848399,5.060311550283135,1612
E1,N2,E1_903,,,1612
E1,N0,E1_904,,,1612
E1,N1,E1_904,1.2174849344204182,0.4810716603666422,1612
E1,N2,E1_904,,,1612
E1,N0,E1_906,,,1612
E1,N1,E1_906,1.2230544940997792,0.10950304245783253,1612
E1,N2,E1_906,,,1612
E1,N0,E1_909,,,1612
E1,N1,E1_909,2.245051025277452,1.1131214020840252,1612
E1,N2,E1_909,,,1612
E1,N0,E1_911,,,1612
E1,N1,E1_911,4.004673283705541,0.15624639345911828,1612
E1,N2,E1_911,,,1612
E1,N0,E1_913,,,1612
E1,N1,E1_913,3.963765804088385,0.09064675323470048,1612
E1,N2,E1_913,,,1612
E1,N0,E1_917,,,1612
E1,N1,E1_917,19.81899733331185,6.19380479974767,1612
E1,N2,E1_917,,,1612
E1,N0,E1_92,,,1612
E1,N1,E1_92,1.9565584126378173,0.4418538147215856,1612
E1,N2,E1_92,,,1612
E1,N0,E1_923,,,1612
E1,N1,E1_923,1.66498778998779,4.566658104302509,1612
E1,N2,E1_923,,,1612
E1,N0,E1_939,,,1612
E1,N1,E1_939,7.777407538697862,4.61180094682883,1612
E1,N2,E1_939,,,1612
E1,N0,E1_940,,,1612
E1,N1,E1_940,7.352458495805271,4.98559194174617,1612
E1,N2,E1_940,,,1612
E1,N0,E1_941,,,1612
E1,N1,E1_941,31.960090984284534,0.9554740874391935,1612
E1,N2,E1_941,,,1612
E1,N0,E1_942,,,1612
E1,N1,E1_942,23.522270471464022,10.651154839475792,1612
E1,N2,E1_942,,,1612
E1,N0,E1_943,,,1612
E1,N1,E1_943,37.17308578518256,5.733615076604148,1612
E1,N2,E1_943,,,1612
E1,N0,E1_944,,,1612
E1,N1,E1_944,2.1581693843790615,1.0087941666504607,1612
E1,N2,E1_944,,,1612
E1,N0,E1_949,,,1612
E1,N1,E1_949,18.679114971050456,22.60211549064544,1612
E1,N2,E1_949,,,1612
E1,N0,E1_951,,,1612
E1,N1,E1_951,6.120988420181968,13.313855623780466,1612
E1,N2,E1_951,,,1612
E1,N0,E1_952,,,1612
E1,N1,E1_952,17.568136299184687,24.84392943798238,1612
E1,N2,E1_952,,,1612
E1,N0,E1_953,,,1612
E1,N1,E1_953,3.4828023455039587,9.483042690910962,1612
E1,N2,E1_953,,,1612
E1,N0,E1_954,,,1612
E1,N1,E1_954,4.7404673283705545,11.671605074717407,1612
E1,N2,E1_954,,,1612
E1,N0,E1_957,,,1612
E1,N1,E1_957,1.8787565812496023,2.7089544717423544,1612
E1,N2,E1_957,,,1612
E1,N0,E1_958,,,1612
E1,N1,E1_958,47.38663446768285,5.453963025266347,1612
E1,N2,E1_958,,,1612
E1,N0,E1_965,,,1612
E1,N1,E1_965,7.305459057071961,14.121365325709888,1612
E1,N2,E1_965,,,1612
E1,N0,E1_966,,,1612
E1,N1,E1_966,2.7920078577336644,2.67870421926411,1612
E1,N2,E1_966,,,1612
E1,N0,E1_967,,,1612
E1,N1,E1_967,1.3882444168734493,0.5635390119908049,1612
E1,N2,E1_967,,,1612
E1,N0,E1_969,,,1612
E1,N1,E1_969,1.2744830438378825,0.9465250249875616,1612
E1,N2,E1_969,,,1612
E1,N0,E1_970,,,1612
E1,N1,E1_970,60.66112489660877,19.357628438778985,1612
E1,N2,E1_970,,,1612
E1,N0,E1_971,,,1612
E1,N1,E1_971,14.717788461538461,3.615586646581307,1612
E1,N2,E1_971,,,1612
E1,N0,E1_972,,,1612
E1,N1,E1_972,7.908690033085195,3.9467706858586915,1612
E1,N2,E1_972,,,1612
E1,N0,E1_973,,,1612
E1,N1,E1_973,15.061704682827513,21.14825088078943,1612
E1,N2,E1_973,,,1612
E1,N0,E1_974,,,1612
E1,N1,E1_974,1.6114143920595534,0.8968986489415628,1612
E1,N2,E1_974,,,1612
E1,N0,E1_976,,,1612
E1,N1,E1_976,6.295595533498759,14.412733774637713,1612
E1,N2,E1_976,,,1612
E1,N0,E1_977,,,1612
E1,N1,E1_977,28.395843672456575,16.37487540551282,1612
E1,N2,E1_977,,,1612
E1,N0,E1_978,,,1612
E1,N1,E1_978,25.779073614557486,20.48002633051223,1612
E1,N2,E1_978,,,1612
E1,N0,E1_979,,,1612
E1,N1,E1_979,6.311414392059554,0.8846613379826381,1612
E1,N2,E1_979,,,1612
E1,N0,E1_98,,,1612
E1,N1,E1_98,1.092740458466265,0.268920667774845,1612
E1,N2,E1_98,,,1612
E1,N0,E1_980,,,1612
E1,N1,E1_980,41.9774917287014,5.080810938964743,1612
E1,N2,E1_980,,,1612
E1,N0,E1_981,,,1612
E1,N1,E1_981,3.4922249793217537,3.0198276079644164,1612
E1,N2,E1_981,,,1612
E1,N0,E1_982,,,1612
E1,N1,E1_982,3.685111662531017,1.6323798742973656,1612
E1,N2,E1_982,,,1612
E1,N0,E1_983,,,1612
E1,N1,E1_983,28.951612903225808,16.54910024635578,1612
E1,N2,E1_983,,,1612
E1,N0,E1_984,,,1612
E1,N1,E1_984,28.976799007444168,18.565491956551885,1612
E1,N2,E1_984,,,1612
E1,N0,E1_985,,,1612
E1,N1,E1_985,2.1710504549214225,2.7049509900707127,1612
E1,N2,E1_985,,,1612
E1,N0,E1_986,,,1612
E1,N1,E1_986,1.776985111662531,0.5033130685991567,1612
E1,N2,E1_986,,,1612
E1,N0,E1_987,,,1612
E1,N1,E1_987,4.590425971877584,0.7765237814897266,1612
E1,N2,E1_987,,,1612
E1,N0,E1_988,,,1612
E1,N1,E1_988,1.1342638544251449,1.2929978339946113,1612
E1,N2,E1_988,,,1612
E1,N0,E1_989,,,1612
E1,N1,E1_989,2.331306865177833,0.5086533370037664,1612
E1,N2,E1_989,,,1612
E1,N0,E1_990,,,1612
E1,N1,E1_990,6.751033912324235,4.589150998020694,1612
E1,N2,E1_990,,,1612
E1,N0,E1_991,,,1612
E1,N1,E1_991,4.4340363937138125,2.4041534861606824,1612
E1,N2,E1_991,,,1612
E1,N0,E1_993,,,1612
E1,N1,E1_993,13.314102564102566,1.3599427995020292,1612
E1,N2,E1_993,,,1612
E1,N0,E1_995,,,1612
E1,N1,E1_995,4.241563275434243,5.42459141024103,1612
E1,N2,E1_995,,,1612
E1,N0,E1_996,,,1612
E1,N1,E1_996,5.998500827129859,8.615464828763992,1612
E1,N2,E1_996,,,1612
E1,N0,E1_997,,,1612
E1,N1,E1_997,46.405789909015716,11.699660345644128,1612
E1,N2,E1_997,,,1612
E1,N0,E1_998,,,1612
E1,N1,E1_998,49.08823407775021,3.746685700546097,1612
E1,N2,E1_998,,,1612
E2,N0,E2_2013-8_1,,,1606
E2,N1,E2_2013-8_1,11.036185732076142,5.755721364032118,1606
E2,N2,E2_2013-8_1,,,1606
E2,N0,E2_2013-8_10,,,1609
E2,N1,E2_2013-8_10,2.4605966438781848,3.6443865188454123,1609
E2,N2,E2_2013-8_10,,,1609
E2,N0,E2_2013-8_100,,,1603
E2,N1,E2_2013-8_100,1.7008733624454149,0.6543244219309944,1603
E2,N2,E2_2013-8_100,,,1603
E2,N0,E2_2013-8_101,,,1608
E2,N1,E2_2013-8_101,1.8153824133301744,0.4014408926632293,1608
E2,N2,E2_2013-8_101,,,1608
E2,N0,E2_2013-8_102,,,1604
E2,N1,E2_2013-8_102,1.6531190910087419,1.0336500755576576,1604
E2,N2,E2_2013-8_102,,,1604
E2,N0,E2_2013-8_103,,,1602
E2,N1,E2_2013-8_103,2.1689534716220114,0.9011265736576671,1602
E2,N2,E2_2013-8_103,,,1602
E2,N0,E2_2013-8_104,,,1605
E2,N1,E2_2013-8_104,1.5542757865187773,1.3227475062395764,1605
E2,N2,E2_2013-8_104,,,1605
E2,N0,E2_2013-8_105,,,1602
E2,N1,E2_2013-8_105,1.819747808371404,1.2692485897645949,1602
E2,N2,E2_2013-8_105,,,1602
E2,N0,E2_2013-8_106,,,1608
E2,N1,E2_2013-8_106,1.6841044320521934,0.8894168369057939,1608
E2,N2,E2_2013-8_106,,,1608
E2,N0,E2_2013-8_107,,,1600
E2,N1,E2_2013-8_107,1.902736092032967,0.8765546563090705,1600
E2,N2,E2_2013-8_107,,,1600
E2,N0,E2_2013-8_108,,,1604
E2,N1,E2_2013-8_108,1.5156220312314452,1.1475001739516886,1604
E2,N2,E2_2013-8_108,,,1604
E2,N0,E2_2013-8_109,,,1602
E2,N1,E2_2013-8_109,1.996473901670531,1.5936605978946952,1602
E2,N2,E2_2013-8_109,,,1602
E2,N0,E2_2013-8_11,,,1606
E2,N1,E2_2013-8_11,2.0833477319000355,0.5579275774025131,1606
E2,N2,E2_2013-8_11,,,1606
E2,N0,E2_2013-8_110,,,1604
E2,N1,E2_2013-8_110,2.3718144542489927,1.1736785555786697,1604
E2,N2,E2_2013-8_110,,,1604
E2,N0,E2_2013-8_111,,,1609
E2,N1,E2_2013-8_111,1.8407635507231528,1.1252921612840223,1609
E2,N2,E2_2013-8_111,,,1609
E2,N0,E2_2013-8_112,,,1602
E2,N1,E2_2013-8_112,1.7198990044495663,1.4908422491579507,1602
E2,N2,E2_2013-8_112,,,1602
E2,N0,E2_2013-8_113,,,1602
E2,N1,E2_2013-8_113,1.3278455730702923,0.8268732374019427,1602
E2,N2,E2_2013-8_113,,,1602
E2,N0,E2_2013-8_114,,,1609
E2,N1,E2_2013-8_114,1.9085456805469234,0.5320319276944359,1609
E2,N2,E2_2013-8_114,,,1609
E2,N0,E2_2013-8_115,,,1601
E2,N1,E2_2013-8_115,1.965670265607805,0.6505115674880313,1601
E2,N2,E2_2013-8_115,,,1601
E2,N0,E2_2013-8_116,,,1603
E2,N1,E2_2013-8_116,1.8321138935923713,0.5686603348815384,1603
E2,N2,E2_2013-8_116,,,1603
E2,N0,E2_2013-8_117,,,1604
E2,N1,E2_2013-8_117,1.8267194117879904,0.5002611876648704,1604
E2,N2,E2_2013-8_117,,,1604
E2,N0,E2_2013-8_118,,,1608
E2,N1,E2_2013-8_118,1.9068148839137649,0.5320998952179076,1608
E2,N2,E2_2013-8_118,,,1608
E2,N0,E2_2013-8_119,,,1603
E2,N1,E2_2013-8_119,2.0697650239134955,0.4574976494812123,1603
E2,N2,E2_2013-8_119,,,1603
E2,N0,E2_2013-8_12,,,1609
E2,N1,E2_2013-8_12,6.48095784472416,0.5163371507396228,1609
E2,N2,E2_2013-8_12,,,1609
E2,N0,E2_2013-8_120,,,1601
E2,N1,E2_2013-8_120,2.3142580158234436,0.642961307592227,1601
E2,N2,E2_2013-8_120,,,1601
E2,N0,E2_2013-8_121,,,1601
E2,N1,E2_2013-8_121,2.1507443264626276,0.44781434041249235,1601
E2,N2,E2_2013-8_121,,,1601
E2,N0,E2_2013-8_128,,,1603
E2,N1,E2_2013-8_128,1.8596901642753172,0.49192257001133044,1603
E2,N2,E2_2013-8_128,,,1603
E2,N0,E2_2013-8_129,,,1602
E2,N1,E2_2013-8_129,1.908026425301706,0.5911994115211368,1602
E2,N2,E2_2013-8_129,,,1602
E2,N0,E2_2013-8_13,,,1602
E2,N1,E2_2013-8_13,1.1406523096129837,0.3999660171930848,1602
E2,N2,E2_2013-8_13,,,1602
E2,N0,E2_2013-8_130,,,1600
E2,N1,E2_2013-8_130,1.9029010416666665,0.5177161185732035,1600
E2,N2,E2_2013-8_130,,,1600
E2,N0,E2_2013-8_131,,,1605
E2,N1,E2_2013-8_131,1.6905721208524946,0.1590704447693452,1605
E2,N2,E2_2013-8_131,,,1605
E2,N0,E2_2013-8_132,,,1605
E2,N1,E2_2013-8_132,1.7370074914701084,0.18636171696672305,1605
E2,N2,E2_2013-8_132,,,1605
E2,N0,E2_2013-8_133,,,1608
E2,N1,E2_2013-8_133,1.7416009609689644,0.1930216921480207,1608
E2,N2,E2_2013-8_133,,,1608
E2,N0,E2_2013-8_134,,,1604
E2,N1,E2_2013-8_134,1.6534019613664253,0.25573209629109495,1604
E2,N2,E2_2013-8_134,,,1604
E2,N0,E2_2013-8_135,,,1608
E2,N1,E2_2013-8_135,1.7960371752349364,0.19720533515808963,1608
E2,N2,E2_2013-8_135,,,1608
E2,N0,E2_2013-8_136,,,1600
E2,N1,E2_2013-8_136,1.5144479166666667,0.16620043417269567,1600
E2,N2,E2_2013-8_136,,,1600
E2,N0,E2_2013-8_137,,,1600
E2,N1,E2_2013-8_137,1.7918229166666666,0.1384869268041715,1600
E2,N2,E2_2013-8_137,,,1600
E2,N0,E2_2013-8_138,,,1600
E2,N1,E2_2013-8_138,1.5059895833333334,0.14849461136031344,1600
E2,N2,E2_2013-8_138,,,1600
E2,N0,E2_2013-8_139,,,1600
E2,N1,E2_2013-8_139,1.6302842261904764,0.14688484923085257,1600
E2,N2,E2_2013-8_139,,,1600
E2,N0,E2_2013-8_14,,,1608
E2,N1,E2_2013-8_14,1.041222459132907,0.1904784316793609,1608
E2,N2,E2_2013-8_14,,,1608
E2,N0,E2_2013-8_140,,,1607
E2,N1,E2_2013-8_140,1.6690979938957538,0.14559307240896563,1607
E2,N2,E2_2013-8_140,,,1607
E2,N0,E2_2013-8_141,,,1607
E2,N1,E2_2013-8_141,1.7353149909621595,0.16383034278119196,1607
E2,N2,E2_2013-8_141,,,1607
E2,N0,E2_2013-8_142,,,1600
E2,N1,E2_2013-8_142,1.8694375000000003,0.1458430652817574,1600
E2,N2,E2_2013-8_142,,,1600
E2,N0,E2_2013-8_143,,,1608
E2,N1,E2_2013-8_143,1.5504671582563372,0.15276805702358082,1608
E2,N2,E2_2013-8_143,,,1608
E2,N0,E2_2013-8_144,,,1603
E2,N1,E2_2013-8_144,1.5627677271782077,0.14603897210758074,1603
E2,N2,E2_2013-8_144,,,1603
E2,N0,E2_2013-8_145,,,1605
E2,N1,E2_2013-8_145,1.4586292834890966,0.16286937893593362,1605
E2,N2,E2_2013-8_145,,,1605
E2,N0,E2_2013-8_146,,,1607
E2,N1,E2_2013-8_146,1.6653635878744775,0.16290779419866389,1607
E2,N2,E2_2013-8_146,,,1607
E2,N0,E2_2013-8_147,,,1608
E2,N1,E2_2013-8_147,1.5582252428334518,0.14124788959477777,1608
E2,N2,E2_2013-8_147,,,1608
E2,N0,E2_2013-8_148,,,1606
E2,N1,E2_2013-8_148,1.4368994922505196,0.20939363710850667,1606
E2,N2,E2_2013-8_148,,,1606
E2,N0,E2_2013-8_149,,,1609
E2,N1,E2_2013-8_149,1.776918893722809,0.44879341840847353,1609
E2,N2,E2_2013-8_149,,,1609
E2,N0,E2_2013-8_150,,,1605
E2,N1,E2_2013-8_150,1.4310230639903536,0.1646524962711068,1605
E2,N2,E2_2013-8_150,,,1605
E2,N0,E2_2013-8_151,,,1602
E2,N1,E2_2013-8_151,1.9601981897627967,0.37056328866640714,1602
E2,N2,E2_2013-8_151,,,1602
E2,N0,E2_2013-8_152,,,1608
E2,N1,E2_2013-8_152,1.5009859176720184,0.21452740924850627,1608
E2,N2,E2_2013-8_152,,,1608
E2,N0,E2_2013-8_153,,,1609
E2,N1,E2_2013-8_153,1.4904865488768533,0.18345629498671068,1609
E2,N2,E2_2013-8_153,,,1609
E2,N0,E2_2013-8_154,,,1605
E2,N1,E2_2013-8_154,1.604771547248183,0.1481808144188706,1605
E2,N2,E2_2013-8_154,,,1605
E2,N0,E2_2013-8_155,,,1605
E2,N1,E2_2013-8_155,1.3189163328882956,0.1408538720513451,1605
E2,N2,E2_2013-8_155,,,1605
E2,N0,E2_2013-8_156,,,1602
E2,N1,E2_2013-8_156,1.5356132215682778,0.13994327986498675,1602
E2,N2,E2_2013-8_156,,,1602
E2,N0,E2_2013-8_157,,,1606
E2,N1,E2_2013-8_157,1.626717517642175,0.1413547632670069,1606
E2,N2,E2_2013-8_157,,,1606
E2,N0,E2_2013-8_158,,,1605
E2,N1,E2_2013-8_158,1.6897259308707908,0.14329070070533276,1605
E2,N2,E2_2013-8_158,,,1605
E2,N0,E2_2013-8_159,,,1603
E2,N1,E2_2013-8_159,1.4864560839451668,0.162680696135766,1603
E2,N2,E2_2013-8_159,,,1603
E2,N0,E2_2013-8_160,,,1607
E2,N1,E2_2013-8_160,1.3063598245769994,0.1435162088658215,1607
E2,N2,E2_2013-8_160,,,1607
E2,N0,E2_2013-8_163,,,1609
E2,N1,E2_2013-8_163,4.907390533901565,2.026829480902711,1609
E2,N2,E2_2013-8_163,,,1609
E2,N0,E2_2013-8_167,,,1608
E2,N1,E2_2013-8_167,1.4895936981757876,0.07483315279191131,1608
E2,N2,E2_2013-8_167,,,1608
E2,N0,E2_2013-8_168,,,1604
E2,N1,E2_2013-8_168,2.122884181487673,0.6530956083464657,1604
E2,N2,E2_2013-8_168,,,1604
E2,N0,E2_2013-8_170,,,1609
E2,N1,E2_2013-8_170,3.0431821544935276,0.4286803022951626,1609
E2,N2,E2_2013-8_170,,,1609
E2,N0,E2_2013-8_177,,,1601
E2,N1,E2_2013-8_177,1.9210136521816723,1.006814427726585,1601
E2,N2,E2_2013-8_177,,,1601
E2,N0,E2_2013-8_179,,,1600
E2,N1,E2_2013-8_179,1.717131324404762,0.601141676546584,1600
E2,N2,E2_2013-8_179,,,1600
E2,N0,E2_2013-8_18,,,1605
E2,N1,E2_2013-8_18,1.9433963803589973,0.2140226677570371,1605
E2,N2,E2_2013-8_18,,,1605
E2,N0,E2_2013-8_181,,,1601
E2,N1,E2_2013-8_181,1.3373516552154903,2.528007248516702,1601
E2,N2,E2_2013-8_181,,,1601
E2,N0,E2_2013-8_185,,,1602
E2,N1,E2_2013-8_185,19.916654033648413,36.33358144541828,1602
E2,N2,E2_2013-8_185,,,1602
E2,N0,E2_2013-8_186,,,1600
E2,N1,E2_2013-8_186,18.789043154761906,36.75698505576718,1600
E2,N2,E2_2013-8_186,,,1600
E2,N0,E2_2013-8_187,,,1606
E2,N1,E2_2013-8_187,18.71549768724426,36.73713588798636,1606
E2,N2,E2_2013-8_187,,,1606
E2,N0,E2_2013-8_19,,,1604
E2,N1,E2_2013-8_19,1.612721173257333,3.184621289172713,1604
E2,N2,E2_2013-8_19,,,1604
E2,N0,E2_2013-8_192,,,1607
E2,N1,E2_2013-8_192,9.835646131507986,0.49000139336282844,1607
E2,N2,E2_2013-8_192,,,1607
E2,N0,E2_2013-8_193,,,1606
E2,N1,E2_2013-8_193,49.93165584415584,45.078142667290926,1606
E2,N2,E2_2013-8_193,,,1606
E2,N0,E2_2013-8_194,,,1609
E2,N1,E2_2013-8_194,46.43829704193673,44.379126775052,1609
E2,N2,E2_2013-8_194,,,1609
E2,N0,E2_2013-8_195,,,1602
E2,N1,E2_2013-8_195,52.99256658343737,46.95294396918121,1602
E2,N2,E2_2013-8_195,,,1602
E2,N0,E2_2013-8_196,,,1605
E2,N1,E2_2013-8_196,52.953570686841715,43.48735366430027,1605
E2,N2,E2_2013-8_196,,,1605
E2,N0,E2_2013-8_197,,,1605
E2,N1,E2_2013-8_197,55.60452380952381,44.20727660171478,1605
E2,N2,E2_2013-8_197,,,1605
E2,N0,E2_2013-8_198,,,1608
E2,N1,E2_2013-8_198,50.689707711442786,0.4126541468374249,1608
E2,N2,E2_2013-8_198,,,1608
E2,N0,E2_2013-8_199,,,1605
E2,N1,E2_2013-8_199,1.9276323987538944,0.37855391126252347,1605
E2,N2,E2_2013-8_199,,,1605
E2,N0,E2_2013-8_200,,,1605
E2,N1,E2_2013-8_200,1.9338562527814862,0.3462017349282815,1605
E2,N2,E2_2013-8_200,,,1605
E2,N0,E2_2013-8_201,,,1604
E2,N1,E2_2013-8_201,1.767092684954281,0.2831684449186604,1604
E2,N2,E2_2013-8_201,,,1604
E2,N0,E2_2013-8_203,,,1607
E2,N1,E2_2013-8_203,1.0589468446577968,0.43559683941775884,1607
E2,N2,E2_2013-8_203,,,1607
E2,N0,E2_2013-8_204,,,1607
E2,N1,E2_2013-8_204,6.231124248081311,11.351278835306688,1607
E2,N2,E2_2013-8_204,,,1607
E2,N0,E2_2013-8_207,,,1604
E2,N1,E2_2013-8_207,2.044683430313106,5.631829688657202,1604
E2,N2,E2_2013-8_207,,,1604
E2,N0,E2_2013-8_209,,,1603
E2,N1,E2_2013-8_209,1.1439258236045509,3.5487522350537684,1603
E2,N2,E2_2013-8_209,,,1603
E2,N0,E2_2013-8_21,,,1605
E2,N1,E2_2013-8_21,1.2270060365387467,0.1185923718685068,1605
E2,N2,E2_2013-8_21,,,1605
E2,N0,E2_2013-8_210,,,1607
E2,N1,E2_2013-8_210,1.1695605991187819,3.9181618565661216,1607
E2,N2,E2_2013-8_210,,,1607
E2,N0,E2_2013-8_211,,,1606
E2,N1,E2_2013-8_211,2.4608417837869894,2.369271631624407,1606
E2,N2,E2_2013-8_211,,,1606
E2,N0,E2_2013-8_215,,,1606
E2,N1,E2_2013-8_215,2.3077210460772104,9.644599865468157,1606
E2,N2,E2_2013-8_215,,,1606
E2,N0,E2_2013-8_216,,,1605
E2,N1,E2_2013-8_216,1.1179646936656282,0.9373898073965435,1605
E2,N2,E2_2013-8_216,,,1605
E2,N0,E2_2013-8_218,,,1604
E2,N1,E2_2013-8_218,5.106382852392827,5.716398296923736,1604
E2,N2,E2_2013-8_218,,,1604
E2,N0,E2_2013-8_219,,,1602
E2,N1,E2_2013-8_219,7.562685036561442,0.918441585948702,1602
E2,N2,E2_2013-8_219,,,1602
E2,N0,E2_2013-8_22,,,1606
E2,N1,E2_2013-8_22,3.0229281563185673,1.503693467146187,1606
E2,N2,E2_2013-8_22,,,1606
E2,N0,E2_2013-8_220,,,1605
E2,N1,E2_2013-8_220,1.897668743509865,4.007974676269369,1605
E2,N2,E2_2013-8_220,,,1605
E2,N0,E2_2013-8_226,,,1607
E2,N1,E2_2013-8_226,10.788360446854535,0.5330723798097284,1607
E2,N2,E2_2013-8_226,,,1607
E2,N0,E2_2013-8_228,,,1600
E2,N1,E2_2013-8_228,6.8453035714285715,3.1719395561142787,1600
E2,N2,E2_2013-8_228,,,1600
E2,N0,E2_2013-8_229,,,1605
E2,N1,E2_2013-8_229,1.2720916777926126,0.6590789052357754,1605
E2,N2,E2_2013-8_229,,,1605
E2,N0,E2_2013-8_23,,,1609
E2,N1,E2_2013-8_23,1.4160599603421233,0.16087946824159727,1609
E2,N2,E2_2013-8_23,,,1609
E2,N0,E2_2013-8_230,,,1606
E2,N1,E2_2013-8_230,4.30237724604163,1.1468611670111248,1606
E2,N2,E2_2013-8_230,,,1606
E2,N0,E2_2013-8_231,,,1607
E2,N1,E2_2013-8_231,3.055276024535514,8.2810471749021,1607
E2,N2,E2_2013-8_231,,,1607
E2,N0,E2_2013-8_232,,,1605
E2,N1,E2_2013-8_232,51.28146714137369,43.51249905415875,1605
E2,N2,E2_2013-8_232,,,1605
E2,N0,E2_2013-8_233,,,1607
E2,N1,E2_2013-8_233,51.68845415888819,42.84361180009716,1607
E2,N2,E2_2013-8_233,,,1607
E2,N0,E2_2013-8_234,,,1607
E2,N1,E2_2013-8_234,52.08357409547516,41.9651074984133,1607
E2,N2,E2_2013-8_234,,,1607
E2,N0,E2_2013-8_235,,,1605
E2,N1,E2_2013-8_235,40.59527889037235,42.0692628931887,1605
E2,N2,E2_2013-8_235,,,1605
E2,N0,E2_2013-8_236,,,1607
E2,N1,E2_2013-8_236,14.651088985687617,1.2195435983933243,1607
E2,N2,E2_2013-8_236,,,1607
E2,N0,E2_2013-8_237,,,1602
E2,N1,E2_2013-8_237,38.994546994827886,20.597219843234424,1602
E2,N2,E2_2013-8_237,,,1602
E2,N0,E2_2013-8_24,,,1607
E2,N1,E2_2013-8_24,4.5954310753548455,0.21493562302426858,1607
E2,N2,E2_2013-8_24,,,1607
E2,N0,E2_2013-8_241,,,1606
E2,N1,E2_2013-8_241,3.848415663484156,0.6199854003166964,1606
E2,N2,E2_2013-8_241,,,1606
E2,N0,E2_2013-8_242,,,1607
E2,N1,E2_2013-8_242,12.12018574490572,12.03532104888386,1607
E2,N2,E2_2013-8_242,,,1607
E2,N0,E2_2013-8_243,,,1609
E2,N1,E2_2013-8_243,2.9151055077096095,1.0646154388591418,1609
E2,N2,E2_2013-8_243,,,1609
E2,N0,E2_2013-8_245,,,1609
E2,N1,E2_2013-8_245,4.1819349492438365,5.357982112648296,1609
E2,N2,E2_2013-8_245,,,1609
E2,N0,E2_2013-8_246,,,1600
E2,N1,E2_2013-8_246,1.3920558035714286,3.1339285607938967,1600
E2,N2,E2_2013-8_246,,,1600
E2,N0,E2_2013-8_247,,,1609
E2,N1,E2_2013-8_247,1.08167450945574,0.5031761492312079,1609
E2,N2,E2_2013-8_247,,,1609
E2,N0,E2_2013-8_248,,,1602
E2,N1,E2_2013-8_248,1.582438675556653,0.5616454583131237,1602
E2,N2,E2_2013-8_248,,,1602
E2,N0,E2_2013-8_25,,,1608
E2,N1,E2_2013-8_25,5.252134036348704,2.250796237554174,1608
E2,N2,E2_2013-8_25,,,1608
E2,N0,E2_2013-8_251,,,1606
E2,N1,E2_2013-8_251,1.0830961276166755,0.2676225665872006,1606
E2,N2,E2_2013-8_251,,,1606
E2,N0,E2_2013-8_252,,,1607
E2,N1,E2_2013-8_252,4.810738276450785,16.846660223003276,1607
E2,N2,E2_2013-8_252,,,1607
E2,N0,E2_2013-8_253,,,1606
E2,N1,E2_2013-8_253,19.796133632349385,0.16992136514242864,1606
E2,N2,E2_2013-8_253,,,1606
E2,N0,E2_2013-8_254,,,1608
E2,N1,E2_2013-8_254,2.78963381146217,2.2025408335769194,1608
E2,N2,E2_2013-8_254,,,1608
E2,N0,E2_2013-8_255,,,1609
E2,N1,E2_2013-8_255,2.279863784789204,0.6927963302373357,1609
E2,N2,E2_2013-8_255,,,1609
E2,N0,E2_2013-8_256,,,1600
E2,N1,E2_2013-8_256,6.096221292162698,2.896942403437792,1600
E2,N2,E2_2013-8_256,,,1600
E2,N0,E2_2013-8_258,,,1608
E2,N1,E2_2013-8_258,1.0689987562189056,1.5499361269573744,1608
E2,N2,E2_2013-8_258,,,1608
E2,N0,E2_2013-8_259,,,1607
E2,N1,E2_2013-8_259,1.1320472930927192,0.15849325118720933,1607
E2,N2,E2_2013-8_259,,,1607
E2,N0,E2_2013-8_26,,,1608
E2,N1,E2_2013-8_26,2.170955490405117,1.7667815775739013,1608
E2,N2,E2_2013-8_26,,,1608
E2,N0,E2_2013-8_261,,,1609
E2,N1,E2_2013-8_261,1.2720319482671876,0.2259832722982367,1609
E2,N2,E2_2013-8_261,,,1609
E2,N0,E2_2013-8_264,,,1608
E2,N1,E2_2013-8_264,2.1585256437868376,0.6911280149244307,1608
E2,N2,E2_2013-8_264,,,1608
E2,N0,E2_2013-8_265,,,1608
E2,N1,E2_2013-8_265,1.2725139185027246,0.40939780990709596,1608
E2,N2,E2_2013-8_265,,,1608
E2,N0,E2_2013-8_266,,,1603
E2,N1,E2_2013-8_266,3.436988224051543,3.1612251582680018,1603
E2,N2,E2_2013-8_266,,,1603
E2,N0,E2_2013-8_267,,,1602
E2,N1,E2_2013-8_267,0.9085824210121964,2.975308775395775,1602
E2,N2,E2_2013-8_267,,,1602
E2,N0,E2_2013-8_268,,,1608
E2,N1,E2_2013-8_268,1.8826368529376925,2.422572947884393,1608
E2,N2,E2_2013-8_268,,,1608
E2,N0,E2_2013-8_269,,,1608
E2,N1,E2_2013-8_269,2.976416794233958,1.0233383075903584,1608
E2,N2,E2_2013-8_269,,,1608
E2,N0,E2_2013-8_27,,,1608
E2,N1,E2_2013-8_27,3.2938769693200665,0.553370879963256,1608
E2,N2,E2_2013-8_27,,,1608
E2,N0,E2_2013-8_270,,,1604
E2,N1,E2_2013-8_270,5.345636880783389,4.275401239998637,1604
E2,N2,E2_2013-8_270,,,1604
E2,N0,E2_2013-8_272,,,1603
E2,N1,E2_2013-8_272,5.260045444262538,0.08028314911270522,1603
E2,N2,E2_2013-8_272,,,1603
E2,N0,E2_2013-8_274,,,1604
E2,N1,E2_2013-8_274,29.516844792779956,2.275828235983087,1604
E2,N2,E2_2013-8_274,,,1604
E2,N0,E2_2013-8_275,,,1601
E2,N1,E2_2013-8_275,15.125359150530919,7.808856304457402,1601
E2,N2,E2_2013-8_275,,,1601
E2,N0,E2_2013-8_276,,,1604
E2,N1,E2_2013-8_276,5.185789247120295,0.5081592888646457,1604
E2,N2,E2_2013-8_276,,,1604
E2,N0,E2_2013-8_28,,,1606
E2,N1,E2_2013-8_28,1.8053925383976754,0.1384970551244406,1606
E2,N2,E2_2013-8_28,,,1606
E2,N0,E2_2013-8_280,,,1602
E2,N1,E2_2013-8_280,5.214532429700968,2.87216537049122,1602
E2,N2,E2_2013-8_280,,,1602
E2,N0,E2_2013-8_281,,,1609
E2,N1,E2_2013-8_281,1.138749790365701,1.2454385545425082,1609
E2,N2,E2_2013-8_281,,,1609
E2,N0,E2_2013-8_282,,,1606
E2,N1,E2_2013-8_282,1.1673931091739311,1.9291553859208512,1606
E2,N2,E2_2013-8_282,,,1606
E2,N0,E2_2013-8_283,,,1602
E2,N1,E2_2013-8_283,1.6056001426787943,0.47093901506045316,1602
E2,N2,E2_2013-8_283,,,1602
E2,N0,E2_2013-8_285,,,1603
E2,N1,E2_2013-8_285,3.121848914238184,7.167582123310919,1603
E2,N2,E2_2013-8_285,,,1603
E2,N0,E2_2013-8_286,,,1607
E2,N1,E2_2013-8_286,1.9042037182205198,0.8577511037070118,1607
E2,N2,E2_2013-8_286,,,1607
E2,N0,E2_2013-8_287,,,1609
E2,N1,E2_2013-8_287,2.7148228713486637,4.977108209913073,1609
E2,N2,E2_2013-8_287,,,1609
E2,N0,E2_2013-8_288,,,1609
E2,N1,E2_2013-8_288,4.028064606824707,5.714893184335875,1609
E2,N2,E2_2013-8_288,,,1609
E2,N0,E2_2013-8_29,,,1607
E2,N1,E2_2013-8_29,1.7702292055590125,0.09465562292105148,1607
E2,N2,E2_2013-8_29,,,1607
E2,N0,E2_2013-8_291,,,1609
E2,N1,E2_2013-8_291,1.2262837017964427,1.223103174792524,1609
E2,N2,E2_2013-8_291,,,1609
E2,N0,E2_2013-8_292,,,1600
E2,N1,E2_2013-8_292,4.221411458333334,4.745546551405732,1600
E2,N2,E2_2013-8_292,,,1600
E2,N0,E2_2013-8_293,,,1607
E2,N1,E2_2013-8_293,2.3704951551249,3.607325237279026,1607
E2,N2,E2_2013-8_293,,,1607
E2,N0,E2_2013-8_294,,,1601
E2,N1,E2_2013-8_294,1.1482674518901874,0.9888796966091593,1601
E2,N2,E2_2013-8_294,,,1601
E2,N0,E2_2013-8_295,,,1607
E2,N1,E2_2013-8_295,1.172080310272594,0.3276745104083603,1607
E2,N2,E2_2013-8_295,,,1607
E2,N0,E2_2013-8_296,,,1601
E2,N1,E2_2013-8_296,1.0702046340085067,0.35400186208482237,1601
E2,N2,E2_2013-8_296,,,1601
E2,N0,E2_2013-8_297,,,1602
E2,N1,E2_2013-8_297,1.3634790589144523,0.4955070577495683,1602
E2,N2,E2_2013-8_297,,,1602
E2,N0,E2_2013-8_298,,,1602
E2,N1,E2_2013-8_298,3.4033023052685976,0.447316731266688,1602
E2,N2,E2_2013-8_298,,,1602
E2,N0,E2_2013-8_299,,,1608
E2,N1,E2_2013-8_299,1.0649539998420594,0.29031176845717477,1608
E2,N2,E2_2013-8_299,,,1608
E2,N0,E2_2013-8_30,,,1608
E2,N1,E2_2013-8_30,2.9290156361051887,1.6618452425534784,1608
E2,N2,E2_2013-8_30,,,1608
E2,N0,E2_2013-8_300,,,1606
E2,N1,E2_2013-8_300,2.0561050821324796,0.8369440898411852,1606
E2,N2,E2_2013-8_300,,,1606
E2,N0,E2_2013-8_301,,,1607
E2,N1,E2_2013-8_301,1.0469789907251015,0.3934563754489072,1607
E2,N2,E2_2013-8_301,,,1607
E2,N0,E2_2013-8_302,,,1606
E2,N1,E2_2013-8_302,1.0832265907608374,0.3428967961753925,1606
E2,N2,E2_2013-8_302,,,1606
E2,N0,E2_2013-8_303,,,1609
E2,N1,E2_2013-8_303,6.811915120305425,13.886227840523334,1609
E2,N2,E2_2013-8_303,,,1609
E2,N0,E2_2013-8_304,,,1606
E2,N1,E2_2013-8_304,4.791223388483663,10.612590714877886,1606
E2,N2,E2_2013-8_304,,,1606
E2,N0,E2_2013-8_305,,,1608
E2,N1,E2_2013-8_305,1.9674195984363894,0.26801302705397695,1608
E2,N2,E2_2013-8_305,,,1608
E2,N0,E2_2013-8_306,,,1605
E2,N1,E2_2013-8_306,55.17652970342223,0.3360670480037225,1605
E2,N2,E2_2013-8_306,,,1605
E2,N0,E2_2013-8_308,,,1605
E2,N1,E2_2013-8_308,5.049821310568975,0.48023958974655556,1605
E2,N2,E2_2013-8_308,,,1605
E2,N0,E2_2013-8_31,,,1608
E2,N1,E2_2013-8_31,1.4072424336650085,0.13836078546216962,1608
E2,N2,E2_2013-8_31,,,1608
E2,N0,E2_2013-8_310,,,1601
E2,N1,E2_2013-8_310,5.253872622536739,5.155525068988131,1601
E2,N2,E2_2013-8_310,,,1601
E2,N0,E2_2013-8_311,,,1607
E2,N1,E2_2013-8_311,2.7336407680682733,1.0357436581767632,1607
E2,N2,E2_2013-8_311,,,1607
E2,N0,E2_2013-8_312,,,1604
E2,N1,E2_2013-8_312,1.6822289514309465,7.18365223716657,1604
E2,N2,E2_2013-8_312,,,1604
E2,N0,E2_2013-8_315,,,1605
E2,N1,E2_2013-8_315,2.558333333333333,0.6902022467596972,1605
E2,N2,E2_2013-8_315,,,1605
E2,N0,E2_2013-8_316,,,1607
E2,N1,E2_2013-8_316,3.6722424044530455,2.557794968409567,1607
E2,N2,E2_2013-8_316,,,1607
E2,N0,E2_2013-8_317,,,1601
E2,N1,E2_2013-8_317,4.792404300883376,5.339026807419145,1601
E2,N2,E2_2013-8_317,,,1601
E2,N0,E2_2013-8_318,,,1606
E2,N1,E2_2013-8_318,3.5149232046492322,2.740921333840027,1606
E2,N2,E2_2013-8_318,,,1606
E2,N0,E2_2013-8_319,,,1600
E2,N1,E2_2013-8_319,1.4164955357142857,0.9548970006014484,1600
E2,N2,E2_2013-8_319,,,1600
E2,N0,E2_2013-8_32,,,1603
E2,N1,E2_2013-8_32,1.0309479250215372,0.2606545205438679,1603
E2,N2,E2_2013-8_32,,,1603
E2,N0,E2_2013-8_321,,,1600
E2,N1,E2_2013-8_321,1.0523005952380953,0.39059947950410917,1600
E2,N2,E2_2013-8_321,,,1600
E2,N0,E2_2013-8_322,,,1606
E2,N1,E2_2013-8_322,1.7371968214433968,0.5969868018248722,1606
E2,N2,E2_2013-8_322,,,1606
E2,N0,E2_2013-8_323,,,1607
E2,N1,E2_2013-8_323,4.384954958959315,8.802008974984524,1607
E2,N2,E2_2013-8_323,,,1607
E2,N0,E2_2013-8_324,,,1600
E2,N1,E2_2013-8_324,6.584150297619049,5.271221563384527,1600
E2,N2,E2_2013-8_324,,,1600
E2,N0,E2_2013-8_325,,,1600
E2,N1,E2_2013-8_325,4.836008928571428,4.397186130328525,1600
E2,N2,E2_2013-8_325,,,1600
E2,N0,E2_2013-8_328,,,1602
E2,N1,E2_2013-8_328,2.582557974692806,5.178507556937222,1602
E2,N2,E2_2013-8_328,,,1602
E2,N0,E2_2013-8_33,,,1607
E2,N1,E2_2013-8_33,24.01403532165822,3.964282866403512,1607
E2,N2,E2_2013-8_33,,,1607
E2,N0,E2_2013-8_330,,,1608
E2,N1,E2_2013-8_330,1.1243603411513858,0.2770736506767131,1608
E2,N2,E2_2013-8_330,,,1608
E2,N0,E2_2013-8_332,,,1604
E2,N1,E2_2013-8_332,11.722375608597552,12.825020161348757,1604
E2,N2,E2_2013-8_332,,,1604
E2,N0,E2_2013-8_333,,,1601
E2,N1,E2_2013-8_333,25.626425448380473,9.510338209921304,1601
E2,N2,E2_2013-8_333,,,1601
E2,N0,E2_2013-8_335,,,1608
E2,N1,E2_2013-8_335,1.1621298270552,0.23231538866976362,1608
E2,N2,E2_2013-8_335,,,1608
E2,N0,E2_2013-8_337,,,1601
E2,N1,E2_2013-8_337,1.6832856088321422,0.32414601312439684,1601
E2,N2,E2_2013-8_337,,,1601
E2,N0,E2_2013-8_338,,,1605
E2,N1,E2_2013-8_338,5.330111630321911,10.605047494074231,1605
E2,N2,E2_2013-8_338,,,1605
E2,N0,E2_2013-8_339,,,1607
E2,N1,E2_2013-8_339,1.2752037218123091,0.8698207809980295,1607
E2,N2,E2_2013-8_339,,,1607
E2,N0,E2_2013-8_34,,,1600
E2,N1,E2_2013-8_34,3.351509672619047,2.605367473693512,1600
E2,N2,E2_2013-8_34,,,1600
E2,N0,E2_2013-8_340,,,1606
E2,N1,E2_2013-8_340,1.1451610033801813,0.47317399549446815,1606
E2,N2,E2_2013-8_340,,,1606
E2,N0,E2_2013-8_341,,,1608
E2,N1,E2_2013-8_341,1.1589996446339732,0.3985638998305945,1608
E2,N2,E2_2013-8_341,,,1608
E2,N0,E2_2013-8_347,,,1607
E2,N1,E2_2013-8_347,1.409102043638447,5.04504808455144,1607
E2,N2,E2_2013-8_347,,,1607
E2,N0,E2_2013-8_348,,,1609
E2,N1,E2_2013-8_348,1.2286017069733661,0.11979493122892033,1609
E2,N2,E2_2013-8_348,,,1609
E2,N0,E2_2013-8_35,,,1600
E2,N1,E2_2013-8_35,12.176804315476193,4.967919785617631,1600
E2,N2,E2_2013-8_35,,,1600
E2,N0,E2_2013-8_350,,,1600
E2,N1,E2_2013-8_350,1.30825,7.045331918602006,1600
E2,N2,E2_2013-8_350,,,1600
E2,N0,E2_2013-8_355,,,1603
E2,N1,E2_2013-8_355,1.9998679216395996,1.7142303315911716,1603
E2,N2,E2_2013-8_355,,,1603
E2,N0,E2_2013-8_358,,,1602
E2,N1,E2_2013-8_358,3.9364128173116937,0.4278025355609685,1602
E2,N2,E2_2013-8_358,,,1602
E2,N0,E2_2013-8_36,,,1606
E2,N1,E2_2013-8_36,1.2735047486759814,0.9743208246653012,1606
E2,N2,E2_2013-8_36,,,1606
E2,N0,E2_2013-8_360,,,1602
E2,N1,E2_2013-8_360,1.999605651665577,1.807257364133886,1602
E2,N2,E2_2013-8_360,,,1602
E2,N0,E2_2013-8_367,,,1606
E2,N1,E2_2013-8_367,1.4253580323785804,7.258490492852792,1606
E2,N2,E2_2013-8_367,,,1606
E2,N0,E2_2013-8_373,,,1600
E2,N1,E2_2013-8_373,1.4163199404761906,2.4955782342410453,1600
E2,N2,E2_2013-8_373,,,1600
E2,N0,E2_2013-8_375,,,1604
E2,N1,E2_2013-8_375,7.7593164905197325,1.4197361491198714,1604
E2,N2,E2_2013-8_375,,,1604
E2,N0,E2_2013-8_379,,,1603
E2,N1,E2_2013-8_379,16.59721801384309,0.7527216067460534,1603
E2,N2,E2_2013-8_379,,,1603
E2,N0,E2_2013-8_380,,,1600
E2,N1,E2_2013-8_380,7.33515625,4.085304032412574,1600
E2,N2,E2_2013-8_380,,,1600
E2,N0,E2_2013-8_383,,,1607
E2,N1,E2_2013-8_383,46.729173839021385,6.3108043550789725,1607
E2,N2,E2_2013-8_383,,,1607
E2,N0,E2_2013-8_384,,,1608
E2,N1,E2_2013-8_384,23.35181902985075,11.942953233575238,1608
E2,N2,E2_2013-8_384,,,1608
E2,N0,E2_2013-8_385,,,1599
E2,N1,E2_2013-8_385,8.060284701748117,7.186304814594459,1599
E2,N2,E2_2013-8_385,,,1599
E2,N0,E2_2013-8_386,,,1608
E2,N1,E2_2013-8_386,29.177543334912734,6.239327555290373,1608
E2,N2,E2_2013-8_386,,,1608
E2,N0,E2_2013-8_387,,,1606
E2,N1,E2_2013-8_387,2.4645581302259387,3.8544434130363596,1606
E2,N2,E2_2013-8_387,,,1606
E2,N0,E2_2013-8_388,,,1603
E2,N1,E2_2013-8_388,1.0542465020942875,0.30763670829025735,1603
E2,N2,E2_2013-8_388,,,1603
E2,N0,E2_2013-8_39,,,1608
E2,N1,E2_2013-8_39,1.128307865434731,0.22257388589304544,1608
E2,N2,E2_2013-8_39,,,1608
E2,N0,E2_2013-8_392,,,1598
E2,N1,E2_2013-8_392,60.229212482865485,12.331386315045414,1598
E2,N2,E2_2013-8_392,,,1598
E2,N0,E2_2013-8_393,,,1601
E2,N1,E2_2013-8_393,0.9775333868713006,0.9753811988972236,1601
E2,N2,E2_2013-8_393,,,1601
E2,N0,E2_2013-8_394,,,1608
E2,N1,E2_2013-8_394,2.636836650082919,7.069091063367139,1608
E2,N2,E2_2013-8_394,,,1608
E2,N0,E2_2013-8_399,,,1604
E2,N1,E2_2013-8_399,2.5065045719035743,2.615827695230698,1604
E2,N2,E2_2013-8_399,,,1604
E2,N0,E2_2013-8_400,,,1609
E2,N1,E2_2013-8_400,3.5762615052235933,10.648913727015605,1609
E2,N2,E2_2013-8_400,,,1609
E2,N0,E2_2013-8_401,,,1605
E2,N1,E2_2013-8_401,2.230520694259012,0.19651972848439042,1605
E2,N2,E2_2013-8_401,,,1605
E2,N0,E2_2013-8_402,,,1608
E2,N1,E2_2013-8_402,1.109432006633499,0.4516275099219066,1608
E2,N2,E2_2013-8_402,,,1608
E2,N0,E2_2013-8_405,,,1603
E2,N1,E2_2013-8_405,1.3282327778272882,0.20442461026799105,1603
E2,N2,E2_2013-8_405,,,1603
E2,N0,E2_2013-8_406,,,1604
E2,N1,E2_2013-8_406,1.2791770573566086,1.2601219937246197,1604
E2,N2,E2_2013-8_406,,,1604
E2,N0,E2_2013-8_407,,,1604
E2,N1,E2_2013-8_407,62.77125935162094,18.31568890528569,1604
E2,N2,E2_2013-8_407,,,1604
E2,N0,E2_2013-8_408,,,1606
E2,N1,E2_2013-8_408,7.924250207555001,3.829251067144646,1606
E2,N2,E2_2013-8_408,,,1606
E2,N0,E2_2013-8_41,,,1601
E2,N1,E2_2013-8_41,17.773659458297963,36.72811956054972,1601
E2,N2,E2_2013-8_41,,,1601
E2,N0,E2_2013-8_410,,,1604
E2,N1,E2_2013-8_410,6.050363674147963,13.969264069455434,1604
E2,N2,E2_2013-8_410,,,1604
E2,N0,E2_2013-8_411,,,1604
E2,N1,E2_2013-8_411,30.460785536159605,17.363870022688815,1604
E2,N2,E2_2013-8_411,,,1604
E2,N0,E2_2013-8_412,,,1604
E2,N1,E2_2013-8_412,42.83749999999999,4.64169963137133,1604
E2,N2,E2_2013-8_412,,,1604
E2,N0,E2_2013-8_413,,,1604
E2,N1,E2_2013-8_413,28.50997506234414,13.725695505119582,1604
E2,N2,E2_2013-8_413,,,1604
E2,N0,E2_2013-8_414,,,1604
E2,N1,E2_2013-8_414,2.009185369908562,1.9103814332446554,1604
E2,N2,E2_2013-8_414,,,1604
E2,N0,E2_2013-8_415,,,1604
E2,N1,E2_2013-8_415,4.887707813798836,4.18021155679542,1604
E2,N2,E2_2013-8_415,,,1604
E2,N0,E2_2013-8_416,,,1604
E2,N1,E2_2013-8_416,4.624501246882793,0.7674733299541171,1604
E2,N2,E2_2013-8_416,,,1604
E2,N0,E2_2013-8_417,,,1604
E2,N1,E2_2013-8_417,5.186975270157938,7.897669655104494,1604
E2,N2,E2_2013-8_417,,,1604
E2,N0,E2_2013-8_419,,,1604
E2,N1,E2_2013-8_419,1.9190980881130508,0.29428189523078824,1604
E2,N2,E2_2013-8_419,,,1604
E2,N0,E2_2013-8_42,,,1609
E2,N1,E2_2013-8_42,16.582169493030275,35.3818443475569,1609
E2,N2,E2_2013-8_42,,,1609
E2,N0,E2_2013-8_420,,,1603
E2,N1,E2_2013-8_420,7.428644208775214,2.7609010447766256,1603
E2,N2,E2_2013-8_420,,,1603
E2,N0,E2_2013-8_421,,,1606
E2,N1,E2_2013-8_421,16.376356890826067,1.1254706847897578,1606
E2,N2,E2_2013-8_421,,,1606
E2,N0,E2_2013-8_426,,,1607
E2,N1,E2_2013-8_426,1.8202684683082941,7.3899001191878515,1607
E2,N2,E2_2013-8_426,,,1607
E2,N0,E2_2013-8_43,,,1604
E2,N1,E2_2013-8_43,16.685024603669397,35.60872582520462,1604
E2,N2,E2_2013-8_43,,,1604
E2,N0,E2_2013-8_44,,,1607
E2,N1,E2_2013-8_44,16.534864673156136,36.06739629438583,1607
E2,N2,E2_2013-8_44,,,1607
E2,N0,E2_2013-8_440,,,1606
E2,N1,E2_2013-8_440,3.086556366008421,4.326059499892581,1606
E2,N2,E2_2013-8_440,,,1606
E2,N0,E2_2013-8_45,,,1605
E2,N1,E2_2013-8_45,16.72639065049696,34.77908112357149,1605
E2,N2,E2_2013-8_45,,,1605
E2,N0,E2_2013-8_46,,,1607
E2,N1,E2_2013-8_46,18.259951162325542,36.103285715445196,1607
E2,N2,E2_2013-8_46,,,1607
E2,N0,E2_2013-8_47,,,1601
E2,N1,E2_2013-8_47,18.828370289402454,37.412048507622046,1601
E2,N2,E2_2013-8_47,,,1601
E2,N0,E2_2013-8_48,,,1602
E2,N1,E2_2013-8_48,18.08726988090284,37.579678882367936,1602
E2,N2,E2_2013-8_48,,,1602
E2,N0,E2_2013-8_486,,,1605
E2,N1,E2_2013-8_486,1.464527518172378,5.508841565837348,1605
E2,N2,E2_2013-8_486,,,1605
E2,N0,E2_2013-8_488,,,1607
E2,N1,E2_2013-8_488,5.731082762912259,1.841843699643206,1607
E2,N2,E2_2013-8_488,,,1607
E2,N0,E2_2013-8_49,,,1607
E2,N1,E2_2013-8_49,15.812127374285122,34.24297730818631,1607
E2,N2,E2_2013-8_49,,,1607
E2,N0,E2_2013-8_493,,,1603
E2,N1,E2_2013-8_493,1.7515514065888365,0.09593165452388476,1603
E2,N2,E2_2013-8_493,,,1603
E2,N0,E2_2013-8_495,,,1600
E2,N1,E2_2013-8_495,2.0391347966269837,1.749390657255025,1600
E2,N2,E2_2013-8_495,,,1600
E2,N0,E2_2013-8_496,,,1608
E2,N1,E2_2013-8_496,5.573239827647478,0.39707587166324293,1608
E2,N2,E2_2013-8_496,,,1608
E2,N0,E2_2013-8_497,,,1609
E2,N1,E2_2013-8_497,5.564241321140016,0.19483537811259022,1609
E2,N2,E2_2013-8_497,,,1609
E2,N0,E2_2013-8_498,,,1608
E2,N1,E2_2013-8_498,4.8211886993603414,3.475874204203081,1608
E2,N2,E2_2013-8_498,,,1608
E2,N0,E2_2013-8_5,,,1602
E2,N1,E2_2013-8_5,3.524850690300129,1.7837633517700158,1602
E2,N2,E2_2013-8_5,,,1602
E2,N0,E2_2013-8_50,,,1603
E2,N1,E2_2013-8_50,15.657584922615332,35.03286306560201,1603
E2,N2,E2_2013-8_50,,,1603
E2,N0,E2_2013-8_500,,,1603
E2,N1,E2_2013-8_500,10.949573715949263,3.6892224702955403,1603
E2,N2,E2_2013-8_500,,,1603
E2,N0,E2_2013-8_51,,,1604
E2,N1,E2_2013-8_51,17.24836606400665,36.05187777539897,1604
E2,N2,E2_2013-8_51,,,1604
E2,N0,E2_2013-8_52,,,1606
E2,N1,E2_2013-8_52,16.718838674168296,35.938178528353205,1606
E2,N2,E2_2013-8_52,,,1606
E2,N0,E2_2013-8_53,,,1608
E2,N1,E2_2013-8_53,18.00599865257048,36.890263892870344,1608
E2,N2,E2_2013-8_53,,,1608
E2,N0,E2_2013-8_55,,,1609
E2,N1,E2_2013-8_55,26.445781342130008,39.64034490829845,1609
E2,N2,E2_2013-8_55,,,1609
E2,N0,E2_2013-8_56,,,1600
E2,N1,E2_2013-8_56,9.3257890625,27.737254244001043,1600
E2,N2,E2_2013-8_56,,,1600
E2,N0,E2_2013-8_57,,,1607
E2,N1,E2_2013-8_57,24.407257340253604,39.02739509965355,1607
E2,N2,E2_2013-8_57,,,1607
E2,N0,E2_2013-8_58,,,1609
E2,N1,E2_2013-8_58,9.049845363875818,27.299933465768813,1609
E2,N2,E2_2013-8_58,,,1609
E2,N0,E2_2013-8_59,,,1604
E2,N1,E2_2013-8_59,9.103150976724855,27.492686917053476,1604
E2,N2,E2_2013-8_59,,,1604
E2,N0,E2_2013-8_60,,,1607
E2,N1,E2_2013-8_60,26.20955584940884,37.711390971423526,1607
E2,N2,E2_2013-8_60,,,1607
E2,N0,E2_2013-8_61,,,1605
E2,N1,E2_2013-8_61,20.213938213914847,37.337352060907286,1605
E2,N2,E2_2013-8_61,,,1605
E2,N0,E2_2013-8_62,,,1600
E2,N1,E2_2013-8_62,31.493675781249994,41.225100794198504,1600
E2,N2,E2_2013-8_62,,,1600
E2,N0,E2_2013-8_63,,,1607
E2,N1,E2_2013-8_63,23.549871655258247,39.39269808844935,1607
E2,N2,E2_2013-8_63,,,1607
E2,N0,E2_2013-8_64,,,1600
E2,N1,E2_2013-8_64,23.324478308150184,39.562189190810656,1600
E2,N2,E2_2013-8_64,,,1600
E2,N0,E2_2013-8_65,,,1608
E2,N1,E2_2013-8_65,32.15792910447762,40.53016923764598,1608
E2,N2,E2_2013-8_65,,,1608
E2,N0,E2_2013-8_66,,,1606
E2,N1,E2_2013-8_66,27.999073785803237,40.01483710007003,1606
E2,N2,E2_2013-8_66,,,1606
E2,N0,E2_2013-8_67,,,1609
E2,N1,E2_2013-8_67,23.316751525872096,39.48679188555051,1609
E2,N2,E2_2013-8_67,,,1609
E2,N0,E2_2013-8_68,,,1605
E2,N1,E2_2013-8_68,18.172007491470104,36.257447617359944,1605
E2,N2,E2_2013-8_68,,,1605
E2,N0,E2_2013-8_69,,,1603
E2,N1,E2_2013-8_69,22.911669525888957,40.22112676198142,1603
E2,N2,E2_2013-8_69,,,1603
E2,N0,E2_2013-8_70,,,1609
E2,N1,E2_2013-8_70,7.674251605552103,19.770033414828447,1609
E2,N2,E2_2013-8_70,,,1609
E2,N0,E2_2013-8_71,,,1609
E2,N1,E2_2013-8_71,2.118487155583178,11.724611445419507,1609
E2,N2,E2_2013-8_71,,,1609
E2,N0,E2_2013-8_72,,,1604
E2,N1,E2_2013-8_72,2.4033944585651255,12.233654384733928,1604
E2,N2,E2_2013-8_72,,,1604
E2,N0,E2_2013-8_73,,,1604
E2,N1,E2_2013-8_73,2.2255471097896287,11.467486118898652,1604
E2,N2,E2_2013-8_73,,,1604
E2,N0,E2_2013-8_74,,,1606
E2,N1,E2_2013-8_74,2.340368150684931,11.460768333865303,1606
E2,N2,E2_2013-8_74,,,1606
E2,N0,E2_2013-8_75,,,1609
E2,N1,E2_2013-8_75,1.6358127590764318,10.262306521696791,1609
E2,N2,E2_2013-8_75,,,1609
E2,N0,E2_2013-8_76,,,1604
E2,N1,E2_2013-8_76,27.468569162030818,40.274009362653125,1604
E2,N2,E2_2013-8_76,,,1604
E2,N0,E2_2013-8_77,,,1609
E2,N1,E2_2013-8_77,1.762496148799753,11.016484956968062,1609
E2,N2,E2_2013-8_77,,,1609
E2,N0,E2_2013-8_78,,,1603
E2,N1,E2_2013-8_78,1.3252610432819416,8.361922889642859,1603
E2,N2,E2_2013-8_78,,,1603
E2,N0,E2_2013-8_79,,,1600
E2,N1,E2_2013-8_79,1.4585252403846152,8.27558352401198,1600
E2,N2,E2_2013-8_79,,,1600
E2,N0,E2_2013-8_80,,,1600
E2,N1,E2_2013-8_80,25.853692653700467,39.6183473897749,1600
E2,N2,E2_2013-8_80,,,1600
E2,N0,E2_2013-8_81,,,1605
E2,N1,E2_2013-8_81,23.30295289342018,38.30522999159439,1605
E2,N2,E2_2013-8_81,,,1605
E2,N0,E2_2013-8_83,,,1601
E2,N1,E2_2013-8_83,4.079908390589215,1.7946218550752082,1601
E2,N2,E2_2013-8_83,,,1601
E2,N0,E2_2013-8_84,,,1602
E2,N1,E2_2013-8_84,1.248767413748687,0.6263745710223813,1602
E2,N2,E2_2013-8_84,,,1602
E2,N0,E2_2013-8_85,,,1605
E2,N1,E2_2013-8_85,1.805424269396232,0.9336160267455802,1605
E2,N2,E2_2013-8_85,,,1605
E2,N0,E2_2013-8_86,,,1604
E2,N1,E2_2013-8_86,1.3773537386692,0.6264685106528717,1604
E2,N2,E2_2013-8_86,,,1604
E2,N0,E2_2013-8_89,,,1606
E2,N1,E2_2013-8_89,6.762632800988965,9.04628744438838,1606
E2,N2,E2_2013-8_89,,,1606
E2,N0,E2_2013-8_9,,,1601
E2,N1,E2_2013-8_9,23.439111017374604,0.3008073349948289,1601
E2,N2,E2_2013-8_9,,,1601
E2,N0,E2_2013-8_90,,,1604
E2,N1,E2_2013-8_90,2.2237130388314923,0.4478399581585269,1604
E2,N2,E2_2013-8_90,,,1604
E2,N0,E2_2013-8_91,,,1604
E2,N1,E2_2013-8_91,1.5951818028189602,0.3307263131737621,1604
E2,N2,E2_2013-8_91,,,1604
E2,N0,E2_2013-8_93,,,1607
E2,N1,E2_2013-8_93,3.285588158643542,4.43077589493979,1607
E2,N2,E2_2013-8_93,,,1607
E2,N0,E2_2013-8_94,,,1604
E2,N1,E2_2013-8_94,19.049968085738037,22.9640581904162,1604
E2,N2,E2_2013-8_94,,,1604
E2,N0,E2_2013-8_95,,,1604
E2,N1,E2_2013-8_95,13.568100581878635,19.03942042368585,1604
E2,N2,E2_2013-8_95,,,1604
E2,N0,E2_2013-8_96,,,1607
E2,N1,E2_2013-8_96,21.460264616114024,23.080864451033403,1607
E2,N2,E2_2013-8_96,,,1607
E2,N0,E2_2013-8_97,,,1605
E2,N1,E2_2013-8_97,8.269771547248183,13.813391903317095,1605
E2,N2,E2_2013-8_97,,,1605
E2,N0,E2_2013-8_98,,,1607
E2,N1,E2_2013-8_98,1.840059116365899,0.6729966902377379,1607
E2,N2,E2_2013-8_98,,,1607
E2,N0,E2_2013-8_99,,,1606
E2,N1,E2_2013-8_99,1.6463677874636777,0.4179933652151924,1606
E2,N2,E2_2013-8_99,,,1606
E3,N0,E3_m_1073,,,1344
E3,N1,E3_m_1073,44.55515912390332,9.804225187144386,1344
E3,N2,E3_m_1073,,,1344
E3,N0,E3_m_1081,,,1407
E3,N1,E3_m_1081,50.148697387728625,9.275095435515938,1407
E3,N2,E3_m_1081,,,1407
E3,N0,E3_m_111,,,1462
E3,N1,E3_m_111,41.33637750534185,10.547147548866652,1462
E3,N2,E3_m_111,,,1462
E3,N0,E3_m_1110,,,1439
E3,N1,E3_m_1110,47.111795119074245,9.885802946770104,1439
E3,N2,E3_m_1110,,,1439
E3,N0,E3_m_1116,,,1454
E3,N1,E3_m_1116,40.107450649570254,11.0141045510664,1454
E3,N2,E3_m_1116,,,1454
E3,N0,E3_m_1117,,,1459
E3,N1,E3_m_1117,37.64326706394284,11.485295942722399,1459
E3,N2,E3_m_1117,,,1459
E3,N0,E3_m_1119,,,1381
E3,N1,E3_m_1119,42.460919105450195,11.156489527703833,1381
E3,N2,E3_m_1119,,,1381
E3,N0,E3_m_1123,,,1429
E3,N1,E3_m_1123,15.484875279662173,13.552667589871925,1429
E3,N2,E3_m_1123,,,1429
E3,N0,E3_m_1127,,,1453
E3,N1,E3_m_1127,43.793345176358244,10.967971451014071,1453
E3,N2,E3_m_1127,,,1453
E3,N0,E3_m_1130,,,1354
E3,N1,E3_m_1130,41.46984283980664,11.119206593136845,1354
E3,N2,E3_m_1130,,,1354
E3,N0,E3_m_1133,,,1417
E3,N1,E3_m_1133,46.79987202960489,9.96350473791645,1417
E3,N2,E3_m_1133,,,1417
E3,N0,E3_m_1143,,,1371
E3,N1,E3_m_1143,35.952937562377166,12.34508658993962,1371
E3,N2,E3_m_1143,,,1371
E3,N0,E3_m_1148,,,1366
E3,N1,E3_m_1148,37.01701049932938,11.250032914873568,1366
E3,N2,E3_m_1148,,,1366
E3,N0,E3_m_115,,,1414
E3,N1,E3_m_115,30.892266381467707,11.287823377257276,1414
E3,N2,E3_m_115,,,1414
E3,N0,E3_m_1150,,,1408
E3,N1,E3_m_1150,33.79700041845417,11.724041230567439,1408
E3,N2,E3_m_1150,,,1408
E3,N0,E3_m_1151,,,1464
E3,N1,E3_m_1151,50.47336059454861,9.474042886268784,1464
E3,N2,E3_m_1151,,,1464
E3,N0,E3_m_1154,,,1393
E3,N1,E3_m_1154,33.869078457718864,11.59746845742001,1393
E3,N2,E3_m_1154,,,1393
E3,N0,E3_m_1155,,,1428
E3,N1,E3_m_1155,36.89148204059309,10.639156182823715,1428
E3,N2,E3_m_1155,,,1428
E3,N0,E3_m_116,,,1442
E3,N1,E3_m_116,40.71013437910694,11.780812349519762,1442
E3,N2,E3_m_116,,,1442
E3,N0,E3_m_1163,,,1321
E3,N1,E3_m_1163,41.411342869895876,11.277709858844915,1321
E3,N2,E3_m_1163,,,1321
E3,N0,E3_m_1170,,,1449
E3,N1,E3_m_1170,40.34158734885547,10.945371093727319,1449
E3,N2,E3_m_1170,,,1449
E3,N0,E3_m_1182,,,1464
E3,N1,E3_m_1182,33.346978783771156,12.29812723039452,1464
E3,N2,E3_m_1182,,,1464
E3,N0,E3_m_1184,,,1342
E3,N1,E3_m_1184,28.12140016157939,10.992304968212462,1342
E3,N2,E3_m_1184,,,1342
E3,N0,E3_m_1187,,,1424
E3,N1,E3_m_1187,43.03859761789881,10.729431917237083,1424
E3,N2,E3_m_1187,,,1424
E3,N0,E3_m_1188,,,1340
E3,N1,E3_m_1188,40.964481214953686,10.587057909147244,1340
E3,N2,E3_m_1188,,,1340
E3,N0,E3_m_1198,,,1368
E3,N1,E3_m_1198,45.146685629827296,10.585554787978072,1368
E3,N2,E3_m_1198,,,1368
E3,N0,E3_m_1225,,,1426
E3,N1,E3_m_1225,29.79971929981332,11.436122812325141,1426
E3,N2,E3_m_1225,,,1426
E3,N0,E3_m_1226,,,1389
E3,N1,E3_m_1226,36.354846255690546,11.566454401294957,1389
E3,N2,E3_m_1226,,,1389
E3,N0,E3_m_1243,,,1384
E3,N1,E3_m_1243,49.572273932962574,11.90862793124633,1384
E3,N2,E3_m_1243,,,1384
E3,N0,E3_m_1247,,,1432
E3,N1,E3_m_1247,44.819747116523004,10.146595240895623,1432
E3,N2,E3_m_1247,,,1432
E3,N0,E3_m_125,,,1413
E3,N1,E3_m_125,43.019566077739135,9.751574416814847,1413
E3,N2,E3_m_125,,,1413
E3,N0,E3_m_1251,,,1451
E3,N1,E3_m_1251,40.6228145238031,10.814643205661248,1451
E3,N2,E3_m_1251,,,1451
E3,N0,E3_m_1253,,,1380
E3,N1,E3_m_1253,48.2486229603405,10.599858528340636,1380
E3,N2,E3_m_1253,,,1380
E3,N0,E3_m_126,,,1402
E3,N1,E3_m_126,46.21729909266759,10.575560976101862,1402
E3,N2,E3_m_126,,,1402
E3,N0,E3_m_1274,,,1375
E3,N1,E3_m_1274,49.553578247378674,8.281067153247083,1375
E3,N2,E3_m_1274,,,1375
E3,N0,E3_m_128,,,1383
E3,N1,E3_m_128,0.00041139950632059245,0.003901179646464055,1383
E3,N2,E3_m_128,,,1383
E3,N0,E3_m_1282,,,1402
E3,N1,E3_m_1282,44.719271821409876,10.368121803243355,1402
E3,N2,E3_m_1282,,,1402
E3,N0,E3_m_1283,,,1437
E3,N1,E3_m_1283,49.8529906503094,8.719223143358546,1437
E3,N2,E3_m_1283,,,1437
E3,N0,E3_m_1291,,,1441
E3,N1,E3_m_1291,30.609877336292207,11.249257166914596,1441
E3,N2,E3_m_1291,,,1441
E3,N0,E3_m_1298,,,1422
E3,N1,E3_m_1298,34.7733431320269,11.19913265698307,1422
E3,N2,E3_m_1298,,,1422
E3,N0,E3_m_1299,,,1430
E3,N1,E3_m_1299,4.620075215893584,0.707586033640326,1430
E3,N2,E3_m_1299,,,1430
E3,N0,E3_m_130,,,1439
E3,N1,E3_m_130,37.143594115070215,12.443580445012902,1439
E3,N2,E3_m_130,,,1439
E3,N0,E3_m_1301,,,1431
E3,N1,E3_m_1301,36.96179806990353,11.023954005284596,1431
E3,N2,E3_m_1301,,,1431
E3,N0,E3_m_1303,,,1405
E3,N1,E3_m_1303,32.36096173388314,11.911654569752924,1405
E3,N2,E3_m_1303,,,1405
E3,N0,E3_m_1308,,,1403
E3,N1,E3_m_1308,48.29319390476676,9.780706856101862,1403
E3,N2,E3_m_1308,,,1403
E3,N0,E3_m_1313,,,1416
E3,N1,E3_m_1313,35.348031791054474,12.087105114893166,1416
E3,N2,E3_m_1313,,,1416
E3,N0,E3_m_1317,,,1450
E3,N1,E3_m_1317,42.114314739855914,11.052009121325655,1450
E3,N2,E3_m_1317,,,1450
E3,N0,E3_m_1325,,,1451
E3,N1,E3_m_1325,44.88693968413249,10.359482819081826,1451
E3,N2,E3_m_1325,,,1451
E3,N0,E3_m_1330,,,1457
E3,N1,E3_m_1330,42.97786636672307,11.262475601904127,1457
E3,N2,E3_m_1330,,,1457
E3,N0,E3_m_1331,,,1377
E3,N1,E3_m_1331,48.38346447164139,8.299694636929456,1377
E3,N2,E3_m_1331,,,1377
E3,N0,E3_m_1332,,,1441
E3,N1,E3_m_1332,43.68187084372873,10.28469792079639,1441
E3,N2,E3_m_1332,,,1441
E3,N0,E3_m_1335,,,1366
E3,N1,E3_m_1335,37.30787557327241,11.698752301924307,1366
E3,N2,E3_m_1335,,,1366
E3,N0,E3_m_134,,,1450
E3,N1,E3_m_134,40.674469353359385,11.85632315281379,1450
E3,N2,E3_m_134,,,1450
E3,N0,E3_m_1340,,,1373
E3,N1,E3_m_1340,32.91234715093343,11.262679811595184,1373
E3,N2,E3_m_1340,,,1373
E3,N0,E3_m_1343,,,1444
E3,N1,E3_m_1343,38.13832183968269,11.428557097723179,1444
E3,N2,E3_m_1343,,,1444
E3,N0,E3_m_1345,,,1380
E3,N1,E3_m_1345,43.90145777385446,11.935090635605253,1380
E3,N2,E3_m_1345,,,1380
E3,N0,E3_m_1353,,,1471
E3,N1,E3_m_1353,35.11831509429784,11.408387279391505,1471
E3,N2,E3_m_1353,,,1471
E3,N0,E3_m_1354,,,1391
E3,N1,E3_m_1354,36.52793775803445,12.580896832865278,1391
E3,N2,E3_m_1354,,,1391
E3,N0,E3_m_1359,,,1379
E3,N1,E3_m_1359,4.48527733606479,0.6685000228912271,1379
E3,N2,E3_m_1359,,,1379
E3,N0,E3_m_1361,,,1454
E3,N1,E3_m_1361,41.12782628164852,10.45753090946912,1454
E3,N2,E3_m_1361,,,1454
E3,N0,E3_m_1362,,,1411
E3,N1,E3_m_1362,31.788325504966764,11.560602270871275,1411
E3,N2,E3_m_1362,,,1411
E3,N0,E3_m_1364,,,1421
E3,N1,E3_m_1364,39.374972883282005,12.367159894259665,1421
E3,N2,E3_m_1364,,,1421
E3,N0,E3_m_1371,,,1424
E3,N1,E3_m_1371,40.97826764169931,11.304309600001515,1424
E3,N2,E3_m_1371,,,1424
E3,N0,E3_m_1375,,,1472
E3,N1,E3_m_1375,41.40658300113621,10.640685686638939,1472
E3,N2,E3_m_1375,,,1472
E3,N0,E3_m_1385,,,1344
E3,N1,E3_m_1385,40.04571633989039,10.6283716852853,1344
E3,N2,E3_m_1385,,,1344
E3,N0,E3_m_1387,,,1395
E3,N1,E3_m_1387,34.43948041018778,11.780291182899363,1395
E3,N2,E3_m_1387,,,1395
E3,N0,E3_m_1399,,,1425
E3,N1,E3_m_1399,41.14251581781629,10.512322913411932,1425
E3,N2,E3_m_1399,,,1425
E3,N0,E3_m_1406,,,1359
E3,N1,E3_m_1406,2.9298968811430646,0.1327808061025591,1359
E3,N2,E3_m_1406,,,1359
E3,N0,E3_m_1407,,,1449
E3,N1,E3_m_1407,42.208318245480136,10.867344888468823,1449
E3,N2,E3_m_1407,,,1449
E3,N0,E3_m_1409,,,1428
E3,N1,E3_m_1409,39.091620086279626,10.789774139610463,1428
E3,N2,E3_m_1409,,,1428
E3,N0,E3_m_1411,,,1403
E3,N1,E3_m_1411,46.03678281989158,11.642641807042581,1403
E3,N2,E3_m_1411,,,1403
E3,N0,E3_m_1439,,,1411
E3,N1,E3_m_1439,40.253764133511964,11.460624210134686,1411
E3,N2,E3_m_1439,,,1411
E3,N0,E3_m_1442,,,1395
E3,N1,E3_m_1442,37.333579535398094,11.009893885248179,1395
E3,N2,E3_m_1442,,,1395
E3,N0,E3_m_1451,,,1403
E3,N1,E3_m_1451,43.62721503298545,10.962432856169274,1403
E3,N2,E3_m_1451,,,1403
E3,N0,E3_m_146,,,1367
E3,N1,E3_m_146,44.14237699808613,11.04379015551284,1367
E3,N2,E3_m_146,,,1367
E3,N0,E3_m_1463,,,1368
E3,N1,E3_m_1463,0.0003907037709215568,0.0038124584113189432,1368
E3,N2,E3_m_1463,,,1368
E3,N0,E3_m_1469,,,1435
E3,N1,E3_m_1469,42.03040616213601,10.117336417651533,1435
E3,N2,E3_m_1469,,,1435
E3,N0,E3_m_1492,,,1342
E3,N1,E3_m_1492,34.21644205301341,11.940123369469118,1342
E3,N2,E3_m_1492,,,1342
E3,N0,E3_m_1510,,,1419
E3,N1,E3_m_1510,32.54189955421965,11.39039390094742,1419
E3,N2,E3_m_1510,,,1419
E3,N0,E3_m_1524,,,1429
E3,N1,E3_m_1524,38.72673350643038,11.375898220747201,1429
E3,N2,E3_m_1524,,,1429
E3,N0,E3_m_1528,,,1313
E3,N1,E3_m_1528,41.72545837354068,10.853897242360134,1313
E3,N2,E3_m_1528,,,1313
E3,N0,E3_m_1543,,,1449
E3,N1,E3_m_1543,35.401692458818,11.830803229602655,1449
E3,N2,E3_m_1543,,,1449
E3,N0,E3_m_1544,,,1337
E3,N1,E3_m_1544,46.90682615351259,9.947411669204802,1337
E3,N2,E3_m_1544,,,1337
E3,N0,E3_m_1547,,,1380
E3,N1,E3_m_1547,45.75531755575522,10.373237883529514,1380
E3,N2,E3_m_1547,,,1380
E3,N0,E3_m_1562,,,1459
E3,N1,E3_m_1562,31.689183084728914,11.458822778715854,1459
E3,N2,E3_m_1562,,,1459
E3,N0,E3_m_1566,,,1466
E3,N1,E3_m_1566,43.8263238620438,10.844782573658854,1466
E3,N2,E3_m_1566,,,1466
E3,N0,E3_m_160,,,1353
E3,N1,E3_m_160,40.34212182469885,10.959795543662974,1353
E3,N2,E3_m_160,,,1353
E3,N0,E3_m_1603,,,1425
E3,N1,E3_m_1603,48.25398197741658,10.220490384838245,1425
E3,N2,E3_m_1603,,,1425
E3,N0,E3_m_1605,,,1461
E3,N1,E3_m_1605,35.8455945310075,11.26914882502181,1461
E3,N2,E3_m_1605,,,1461
E3,N0,E3_m_1610,,,1430
E3,N1,E3_m_1610,31.86512867232891,11.519743363856238,1430
E3,N2,E3_m_1610,,,1430
E3,N0,E3_m_1637,,,1354
E3,N1,E3_m_1637,43.09095506374911,10.079242563867329,1354
E3,N2,E3_m_1637,,,1354
E3,N0,E3_m_1644,,,1408
E3,N1,E3_m_1644,43.58382407512348,11.048360571847335,1408
E3,N2,E3_m_1644,,,1408
E3,N0,E3_m_1662,,,1405
E3,N1,E3_m_1662,30.201376297752354,11.236112954125405,1405
E3,N2,E3_m_1662,,,1405
E3,N0,E3_m_1668,,,1366
E3,N1,E3_m_1668,0.01231286652665458,0.19151385956594424,1366
E3,N2,E3_m_1668,,,1366
E3,N0,E3_m_1673,,,1453
E3,N1,E3_m_1673,45.849342305900166,10.137249557153801,1453
E3,N2,E3_m_1673,,,1453
E3,N0,E3_m_1682,,,1434
E3,N1,E3_m_1682,33.63112843541978,11.737048634758464,1434
E3,N2,E3_m_1682,,,1434
E3,N0,E3_m_1689,,,1446
E3,N1,E3_m_1689,40.23975385433648,12.339547847483455,1446
E3,N2,E3_m_1689,,,1446
E3,N0,E3_m_1692,,,1429
E3,N1,E3_m_1692,37.78630578902149,12.382356518158225,1429
E3,N2,E3_m_1692,,,1429
E3,N0,E3_m_1702,,,1353
E3,N1,E3_m_1702,48.4854960733599,9.216084166690795,1353
E3,N2,E3_m_1702,,,1353
E3,N0,E3_m_1707,,,1359
E3,N1,E3_m_1707,42.304947605569964,10.616826981536352,1359
E3,N2,E3_m_1707,,,1359
E3,N0,E3_m_1723,,,1375
E3,N1,E3_m_1723,38.32709949585702,11.78972134367045,1375
E3,N2,E3_m_1723,,,1375
E3,N0,E3_m_1741,,,1418
E3,N1,E3_m_1741,33.9036965784932,11.437283137459216,1418
E3,N2,E3_m_1741,,,1418
E3,N0,E3_m_1764,,,1409
E3,N1,E3_m_1764,34.98675334542416,11.411621166830384,1409
E3,N2,E3_m_1764,,,1409
E3,N0,E3_m_1765,,,1380
E3,N1,E3_m_1765,40.03204662617025,11.477979695978947,1380
E3,N2,E3_m_1765,,,1380
E3,N0,E3_m_1773,,,1477
E3,N1,E3_m_1773,41.66556574232979,11.01176525583286,1477
E3,N2,E3_m_1773,,,1477
E3,N0,E3_m_1789,,,1434
E3,N1,E3_m_1789,44.32197156648501,10.333119250648634,1434
E3,N2,E3_m_1789,,,1434
E3,N0,E3_m_1797,,,1388
E3,N1,E3_m_1797,44.367167281172264,10.108980596599041,1388
E3,N2,E3_m_1797,,,1388
E3,N0,E3_m_1798,,,1384
E3,N1,E3_m_1798,3.878270508618813,0.5347726826670886,1384
E3,N2,E3_m_1798,,,1384
E3,N0,E3_m_1801,,,1406
E3,N1,E3_m_1801,41.10190824678691,10.354911951017819,1406
E3,N2,E3_m_1801,,,1406
E3,N0,E3_m_1811,,,1344
E3,N1,E3_m_1811,41.932052382528994,11.164894808009738,1344
E3,N2,E3_m_1811,,,1344
E3,N0,E3_m_1813,,,1445
E3,N1,E3_m_1813,48.83930047430663,10.758884707611099,1445
E3,N2,E3_m_1813,,,1445
E3,N0,E3_m_182,,,1324
E3,N1,E3_m_182,32.35555231594106,11.253988404771203,1324
E3,N2,E3_m_182,,,1324
E3,N0,E3_m_1836,,,1455
E3,N1,E3_m_1836,40.44715784824126,11.44636068042037,1455
E3,N2,E3_m_1836,,,1455
E3,N0,E3_m_1844,,,1313
E3,N1,E3_m_1844,45.22588105396046,10.152063981751628,1313
E3,N2,E3_m_1844,,,1313
E3,N0,E3_m_1856,,,1375
E3,N1,E3_m_1856,47.45669250293758,10.756641254032223,1375
E3,N2,E3_m_1856,,,1375
E3,N0,E3_m_1858,,,1398
E3,N1,E3_m_1858,36.60884426045154,11.83102912892165,1398
E3,N2,E3_m_1858,,,1398
E3,N0,E3_m_1862,,,1341
E3,N1,E3_m_1862,48.381747200045275,9.777034881423283,1341
E3,N2,E3_m_1862,,,1341
E3,N0,E3_m_1865,,,1435
E3,N1,E3_m_1865,44.81485818091522,10.270852804004129,1435
E3,N2,E3_m_1865,,,1435
E3,N0,E3_m_1873,,,1452
E3,N1,E3_m_1873,40.171452747814506,11.689190565823326,1452
E3,N2,E3_m_1873,,,1452
E3,N0,E3_m_1884,,,1391
E3,N1,E3_m_1884,43.74340501790824,11.066129713636535,1391
E3,N2,E3_m_1884,,,1391
E3,N0,E3_m_1885,,,1412
E3,N1,E3_m_1885,34.21467188824423,11.584785630710423,1412
E3,N2,E3_m_1885,,,1412
E3,N0,E3_m_19,,,1349
E3,N1,E3_m_19,41.06488457679862,10.68824329612371,1349
E3,N2,E3_m_19,,,1349
E3,N0,E3_m_1905,,,1388
E3,N1,E3_m_1905,33.48432375549311,10.988231754845916,1388
E3,N2,E3_m_1905,,,1388
E3,N0,E3_m_1907,,,1440
E3,N1,E3_m_1907,40.099770954786344,11.37909998496436,1440
E3,N2,E3_m_1907,,,1440
E3,N0,E3_m_1910,,,1433
E3,N1,E3_m_1910,46.71642454080218,9.799298875051157,1433
E3,N2,E3_m_1910,,,1433
E3,N0,E3_m_1916,,,1373
E3,N1,E3_m_1916,29.0486500504148,11.87149363474396,1373
E3,N2,E3_m_1916,,,1373
E3,N0,E3_m_1917,,,1393
E3,N1,E3_m_1917,39.93088893597596,10.916798318329999,1393
E3,N2,E3_m_1917,,,1393
E3,N0,E3_m_1923,,,1384
E3,N1,E3_m_1923,42.07463486564936,10.360146829344012,1384
E3,N2,E3_m_1923,,,1384
E3,N0,E3_m_193,,,1375
E3,N1,E3_m_193,4.409274725609639,0.750507673211892,1375
E3,N2,E3_m_193,,,1375
E3,N0,E3_m_1932,,,1409
E3,N1,E3_m_1932,39.92613654156151,11.196831533237852,1409
E3,N2,E3_m_1932,,,1409
E3,N0,E3_m_1944,,,1456
E3,N1,E3_m_1944,37.92583853630067,11.277953664475504,1456
E3,N2,E3_m_1944,,,1456
E3,N0,E3_m_195,,,1457
E3,N1,E3_m_195,35.675088918109665,11.673454559899447,1457
E3,N2,E3_m_195,,,1457
E3,N0,E3_m_1954,,,1389
E3,N1,E3_m_1954,46.7165775702564,9.78091221755078,1389
E3,N2,E3_m_1954,,,1389
E3,N0,E3_m_1955,,,1450
E3,N1,E3_m_1955,38.39886639817836,11.324370643105917,1450
E3,N2,E3_m_1955,,,1450
E3,N0,E3_m_1961,,,1417
E3,N1,E3_m_1961,36.05711806732406,12.339476107399957,1417
E3,N2,E3_m_1961,,,1417
E3,N0,E3_m_1962,,,1396
E3,N1,E3_m_1962,39.60329924324516,10.933053999372156,1396
E3,N2,E3_m_1962,,,1396
E3,N0,E3_m_1963,,,1399
E3,N1,E3_m_1963,44.304292462912876,9.460504126936316,1399
E3,N2,E3_m_1963,,,1399
E3,N0,E3_m_1967,,,1362
E3,N1,E3_m_1967,32.2264856654087,11.778355525085072,1362
E3,N2,E3_m_1967,,,1362
E3,N0,E3_m_1968,,,1441
E3,N1,E3_m_1968,34.933298877840635,11.779122193934894,1441
E3,N2,E3_m_1968,,,1441
E3,N0,E3_m_1969,,,1358
E3,N1,E3_m_1969,32.45596922963645,12.356928027125027,1358
E3,N2,E3_m_1969,,,1358
E3,N0,E3_m_1970,,,1371
E3,N1,E3_m_1970,42.47161933305061,10.007230900242558,1371
E3,N2,E3_m_1970,,,1371
E3,N0,E3_m_1971,,,1363
E3,N1,E3_m_1971,5.9956375293695645,0.12564385822609553,1363
E3,N2,E3_m_1971,,,1363
E3,N0,E3_m_1972,,,1425
E3,N1,E3_m_1972,44.776302670126526,10.93770948215161,1425
E3,N2,E3_m_1972,,,1425
E3,N0,E3_m_1973,,,1338
E3,N1,E3_m_1973,40.66480372511709,11.939343445616457,1338
E3,N2,E3_m_1973,,,1338
E3,N0,E3_m_1974,,,1400
E3,N1,E3_m_1974,30.71349350147653,11.511310538206217,1400
E3,N2,E3_m_1974,,,1400
E3,N0,E3_m_1977,,,1391
E3,N1,E3_m_1977,39.16404545520771,11.723617078243937,1391
E3,N2,E3_m_1977,,,1391
E3,N0,E3_m_1978,,,1441
E3,N1,E3_m_1978,44.047178241338564,10.312441252926615,1441
E3,N2,E3_m_1978,,,1441
E3,N0,E3_m_1979,,,1411
E3,N1,E3_m_1979,37.70929811090993,10.984884358549172,1411
E3,N2,E3_m_1979,,,1411
E3,N0,E3_m_199,,,1366
E3,N1,E3_m_199,39.71482431928697,13.694320857343522,1366
E3,N2,E3_m_199,,,1366
E3,N0,E3_m_1998,,,1480
E3,N1,E3_m_1998,0.0003015299782541162,0.003210728348346335,1480
E3,N2,E3_m_1998,,,1480
E3,N0,E3_m_2003,,,1381
E3,N1,E3_m_2003,40.22070481842705,11.58445274814428,1381
E3,N2,E3_m_2003,,,1381
E3,N0,E3_m_2007,,,1366
E3,N1,E3_m_2007,51.87602063745594,9.876900556663271,1366
E3,N2,E3_m_2007,,,1366
E3,N0,E3_m_2016,,,1388
E3,N1,E3_m_2016,31.956360622999306,11.168025610031385,1388
E3,N2,E3_m_2016,,,1388
E3,N0,E3_m_2022,,,1489
E3,N1,E3_m_2022,35.526190096948845,12.114630610221454,1489
E3,N2,E3_m_2022,,,1489
E3,N0,E3_m_2029,,,1315
E3,N1,E3_m_2029,44.283200480924286,10.89122892596927,1315
E3,N2,E3_m_2029,,,1315
E3,N0,E3_m_2032,,,1454
E3,N1,E3_m_2032,32.46066984170697,10.901843271837095,1454
E3,N2,E3_m_2032,,,1454
E3,N0,E3_m_204,,,1324
E3,N1,E3_m_204,35.95974473918025,12.065433377838854,1324
E3,N2,E3_m_204,,,1324
E3,N0,E3_m_2050,,,1374
E3,N1,E3_m_2050,32.40639505124889,12.479470845037334,1374
E3,N2,E3_m_2050,,,1374
E3,N0,E3_m_2054,,,1420
E3,N1,E3_m_2054,38.40807798579734,10.69836281852157,1420
E3,N2,E3_m_2054,,,1420
E3,N0,E3_m_206,,,1444
E3,N1,E3_m_206,34.452842183376696,11.23318449929582,1444
E3,N2,E3_m_206,,,1444
E3,N0,E3_m_2067,,,1408
E3,N1,E3_m_2067,41.71179371919541,11.497198766055506,1408
E3,N2,E3_m_2067,,,1408
E3,N0,E3_m_2080,,,1400
E3,N1,E3_m_2080,41.9061356933425,10.540416971242474,1400
E3,N2,E3_m_2080,,,1400
E3,N0,E3_m_2086,,,1399
E3,N1,E3_m_2086,42.55768175354226,11.137967154661332,1399
E3,N2,E3_m_2086,,,1399
E3,N0,E3_m_209,,,1424
E3,N1,E3_m_209,39.64741649475406,10.138374257004521,1424
E3,N2,E3_m_209,,,1424
E3,N0,E3_m_2093,,,1407
E3,N1,E3_m_2093,48.307845307195606,9.168891525531997,1407
E3,N2,E3_m_2093,,,1407
E3,N0,E3_m_2105,,,1368
E3,N1,E3_m_2105,43.081890991445384,10.979863041259154,1368
E3,N2,E3_m_2105,,,1368
E3,N0,E3_m_2112,,,1457
E3,N1,E3_m_2112,4.7252791524777225,0.6420008500909014,1457
E3,N2,E3_m_2112,,,1457
E3,N0,E3_m_2125,,,1383
E3,N1,E3_m_2125,45.20899215792819,10.62444533003572,1383
E3,N2,E3_m_2125,,,1383
E3,N0,E3_m_2141,,,1392
E3,N1,E3_m_2141,30.757930039048226,10.810215924500291,1392
E3,N2,E3_m_2141,,,1392
E3,N0,E3_m_2142,,,1445
E3,N1,E3_m_2142,38.733653229278694,11.71868878754346,1445
E3,N2,E3_m_2142,,,1445
E3,N0,E3_m_215,,,1366
E3,N1,E3_m_215,36.50905548046094,11.838998520218984,1366
E3,N2,E3_m_215,,,1366
E3,N0,E3_m_2171,,,1408
E3,N1,E3_m_2171,39.99577388430457,11.997627543884644,1408
E3,N2,E3_m_2171,,,1408
E3,N0,E3_m_2172,,,1419
E3,N1,E3_m_2172,38.108136929916704,12.429594837571296,1419
E3,N2,E3_m_2172,,,1419
E3,N0,E3_m_22,,,1429
E3,N1,E3_m_22,42.94817750501479,10.786926275581049,1429
E3,N2,E3_m_22,,,1429
E3,N0,E3_m_2225,,,1384
E3,N1,E3_m_2225,42.72235104131969,10.800090940813302,1384
E3,N2,E3_m_2225,,,1384
E3,N0,E3_m_2239,,,1398
E3,N1,E3_m_2239,50.164214337026394,15.660882019319756,1398
E3,N2,E3_m_2239,,,1398
E3,N0,E3_m_225,,,1266
E3,N1,E3_m_225,0.9927331440316949,0.8122103221851033,1266
E3,N2,E3_m_225,,,1266
E3,N0,E3_m_2253,,,1387
E3,N1,E3_m_2253,36.65172734054426,12.292943349539799,1387
E3,N2,E3_m_2253,,,1387
E3,N0,E3_m_2282,,,1452
E3,N1,E3_m_2282,39.53792382971992,11.569810990822827,1452
E3,N2,E3_m_2282,,,1452
E3,N0,E3_m_2285,,,1418
E3,N1,E3_m_2285,32.77563353928328,11.430244407803002,1418
E3,N2,E3_m_2285,,,1418
E3,N0,E3_m_2301,,,1414
E3,N1,E3_m_2301,41.958907987769265,10.880018764902864,1414
E3,N2,E3_m_2301,,,1414
E3,N0,E3_m_2318,,,1441
E3,N1,E3_m_2318,33.298925791608546,11.77499780767235,1441
E3,N2,E3_m_2318,,,1441
E3,N0,E3_m_2319,,,1406
E3,N1,E3_m_2319,46.366486729295225,10.547620855786397,1406
E3,N2,E3_m_2319,,,1406
E3,N0,E3_m_2324,,,1402
E3,N1,E3_m_2324,15.128203446469366,4.960720984673426,1402
E3,N2,E3_m_2324,,,1402
E3,N0,E3_m_2330,,,1459
E3,N1,E3_m_2330,41.4686231576983,10.888022253666488,1459
E3,N2,E3_m_2330,,,1459
E3,N0,E3_m_2346,,,1374
E3,N1,E3_m_2346,41.389849167884854,10.491530527842695,1374
E3,N2,E3_m_2346,,,1374
E3,N0,E3_m_2352,,,1357
E3,N1,E3_m_2352,37.24816883633066,11.054290874331206,1357
E3,N2,E3_m_2352,,,1357
E3,N0,E3_m_2360,,,1402
E3,N1,E3_m_2360,48.413238387589594,10.61519318387039,1402
E3,N2,E3_m_2360,,,1402
E3,N0,E3_m_2362,,,1424
E3,N1,E3_m_2362,39.02593798708163,11.006496505441369,1424
E3,N2,E3_m_2362,,,1424
E3,N0,E3_m_2380,,,1429
E3,N1,E3_m_2380,43.101238343875195,10.769455341613593,1429
E3,N2,E3_m_2380,,,1429
E3,N0,E3_m_2426,,,1417
E3,N1,E3_m_2426,38.78449018988573,12.002971937808965,1417
E3,N2,E3_m_2426,,,1417
E3,N0,E3_m_2439,,,1418
E3,N1,E3_m_2439,32.39693294732221,11.499364258065087,1418
E3,N2,E3_m_2439,,,1418
E3,N0,E3_m_2443,,,1324
E3,N1,E3_m_2443,40.49965436473269,11.289456223632145,1324
E3,N2,E3_m_2443,,,1324
E3,N0,E3_m_2444,,,1415
E3,N1,E3_m_2444,40.25581297089139,12.641495354282272,1415
E3,N2,E3_m_2444,,,1415
E3,N0,E3_m_2446,,,1441
E3,N1,E3_m_2446,40.550684446812944,11.049660608627061,1441
E3,N2,E3_m_2446,,,1441
E3,N0,E3_m_2457,,,1383
E3,N1,E3_m_2457,41.311414456706196,10.576527708582992,1383
E3,N2,E3_m_2457,,,1383
E3,N0,E3_m_2465,,,1399
E3,N1,E3_m_2465,6.057015083885065,0.4929174210970073,1399
E3,N2,E3_m_2465,,,1399
E3,N0,E3_m_2466,,,1355
E3,N1,E3_m_2466,30.840940153524915,12.102317322791473,1355
E3,N2,E3_m_2466,,,1355
E3,N0,E3_m_2469,,,1441
E3,N1,E3_m_2469,40.52950950649997,12.435356549108901,1441
E3,N2,E3_m_2469,,,1441
E3,N0,E3_m_2473,,,1437
E3,N1,E3_m_2473,31.34792907802384,11.293275624766949,1437
E3,N2,E3_m_2473,,,1437
E3,N0,E3_m_2477,,,1438
E3,N1,E3_m_2477,47.66480340153408,9.993838519824429,1438
E3,N2,E3_m_2477,,,1438
E3,N0,E3_m_2481,,,1458
E3,N1,E3_m_2481,36.440337754808674,11.396443574412439,1458
E3,N2,E3_m_2481,,,1458
E3,N0,E3_m_2484,,,1460
E3,N1,E3_m_2484,44.32115205558531,11.738351177061691,1460
E3,N2,E3_m_2484,,,1460
E3,N0,E3_m_2493,,,1322
E3,N1,E3_m_2493,31.66598871781505,11.278950988191012,1322
E3,N2,E3_m_2493,,,1322
E3,N0,E3_m_2494,,,1396
E3,N1,E3_m_2494,42.73764325263154,10.59026767733455,1396
E3,N2,E3_m_2494,,,1396
E3,N0,E3_m_2495,,,1389
E3,N1,E3_m_2495,44.34597629747083,11.22279324064489,1389
E3,N2,E3_m_2495,,,1389
E3,N0,E3_m_2496,,,1400
E3,N1,E3_m_2496,36.206773190294655,11.792990475539186,1400
E3,N2,E3_m_2496,,,1400
E3,N0,E3_m_2497,,,1460
E3,N1,E3_m_2497,37.99220747507769,13.244179655177568,1460
E3,N2,E3_m_2497,,,1460
E3,N0,E3_m_2498,,,1306
E3,N1,E3_m_2498,40.58754667879179,10.86695690855231,1306
E3,N2,E3_m_2498,,,1306
E3,N0,E3_m_2501,,,1433
E3,N1,E3_m_2501,37.94583219891813,11.618133967255357,1433
E3,N2,E3_m_2501,,,1433
E3,N0,E3_m_2503,,,1485
E3,N1,E3_m_2503,44.815604836758745,10.110453939159019,1485
E3,N2,E3_m_2503,,,1485
E3,N0,E3_m_2504,,,1436
E3,N1,E3_m_2504,31.247363059557895,11.384076397901778,1436
E3,N2,E3_m_2504,,,1436
E3,N0,E3_m_2505,,,1398
E3,N1,E3_m_2505,45.076647957268264,9.612708531245461,1398
E3,N2,E3_m_2505,,,1398
E3,N0,E3_m_2509,,,1476
E3,N1,E3_m_2509,40.983190122786084,11.67419132658343,1476
E3,N2,E3_m_2509,,,1476
E3,N0,E3_m_2510,,,1443
E3,N1,E3_m_2510,45.99386931792095,10.084077520255565,1443
E3,N2,E3_m_2510,,,1443
E3,N0,E3_m_2518,,,1418
E3,N1,E3_m_2518,37.531457642031235,11.120206577715104,1418
E3,N2,E3_m_2518,,,1418
E3,N0,E3_m_2519,,,1467
E3,N1,E3_m_2519,45.27535231689506,10.30154528728143,1467
E3,N2,E3_m_2519,,,1467
E3,N0,E3_m_2523,,,1430
E3,N1,E3_m_2523,41.02880470556771,11.049163336552496,1430
E3,N2,E3_m_2523,,,1430
E3,N0,E3_m_2528,,,1414
E3,N1,E3_m_2528,46.114252100396165,9.974810911370085,1414
E3,N2,E3_m_2528,,,1414
E3,N0,E3_m_2531,,,1393
E3,N1,E3_m_2531,32.57541556367699,11.555721838467832,1393
E3,N2,E3_m_2531,,,1393
E3,N0,E3_m_2536,,,1322
E3,N1,E3_m_2536,38.505629895836634,10.887459883922816,1322
E3,N2,E3_m_2536,,,1322
E3,N0,E3_m_2590,,,1320
E3,N1,E3_m_2590,41.975154357032785,10.716179434635036,1320
E3,N2,E3_m_2590,,,1320
E3,N0,E3_m_2595,,,1428
E3,N1,E3_m_2595,34.97900028593,11.75101215445197,1428
E3,N2,E3_m_2595,,,1428
E3,N0,E3_m_2599,,,1371
E3,N1,E3_m_2599,31.457326682325743,11.221235925823875,1371
E3,N2,E3_m_2599,,,1371
E3,N0,E3_m_2609,,,1426
E3,N1,E3_m_2609,38.78832296125161,11.856569047944413,1426
E3,N2,E3_m_2609,,,1426
E3,N0,E3_m_261,,,1418
E3,N1,E3_m_261,42.07253667759752,13.315476989542628,1418
E3,N2,E3_m_261,,,1418
E3,N0,E3_m_2622,,,1309
E3,N1,E3_m_2622,47.980045628361616,9.434636323613194,1309
E3,N2,E3_m_2622,,,1309
E3,N0,E3_m_2628,,,1255
E3,N1,E3_m_2628,41.85533690699884,11.913153943075418,1255
E3,N2,E3_m_2628,,,1255
E3,N0,E3_m_2644,,,1421
E3,N1,E3_m_2644,35.18822770536017,10.645696021765826,1421
E3,N2,E3_m_2644,,,1421
E3,N0,E3_m_2649,,,1419
E3,N1,E3_m_2649,35.36334910429952,10.740546863697746,1419
E3,N2,E3_m_2649,,,1419
E3,N0,E3_m_2653,,,1410
E3,N1,E3_m_2653,38.77634786664902,9.942928609507922,1410
E3,N2,E3_m_2653,,,1410
E3,N0,E3_m_2666,,,1386
E3,N1,E3_m_2666,34.815716953188655,10.374761428893505,1386
E3,N2,E3_m_2666,,,1386
E3,N0,E3_m_2669,,,1450
E3,N1,E3_m_2669,42.02978370670343,10.220344199299998,1450
E3,N2,E3_m_2669,,,1450
E3,N0,E3_m_267,,,1305
E3,N1,E3_m_267,43.92440347901038,10.418436652615089,1305
E3,N2,E3_m_267,,,1305
E3,N0,E3_m_2682,,,1380
E3,N1,E3_m_2682,37.03717265385021,11.340988522303965,1380
E3,N2,E3_m_2682,,,1380
E3,N0,E3_m_2685,,,1420
E3,N1,E3_m_2685,33.45966301656019,11.192121965476264,1420
E3,N2,E3_m_2685,,,1420
E3,N0,E3_m_2693,,,1441
E3,N1,E3_m_2693,37.382964835923104,11.507196364405178,1441
E3,N2,E3_m_2693,,,1441
E3,N0,E3_m_2696,,,1408
E3,N1,E3_m_2696,30.68908535970917,11.481358761445367,1408
E3,N2,E3_m_2696,,,1408
E3,N0,E3_m_2703,,,1423
E3,N1,E3_m_2703,42.00511888904608,10.413614566615994,1423
E3,N2,E3_m_2703,,,1423
E3,N0,E3_m_2709,,,1449
E3,N1,E3_m_2709,45.82139910326339,11.032252403260426,1449
E3,N2,E3_m_2709,,,1449
E3,N0,E3_m_271,,,1449
E3,N1,E3_m_271,44.12079095586818,10.80595296351922,1449
E3,N2,E3_m_271,,,1449
E3,N0,E3_m_2718,,,1452
E3,N1,E3_m_2718,44.846029634805866,10.050908008114073,1452
E3,N2,E3_m_2718,,,1452
E3,N0,E3_m_2725,,,1416
E3,N1,E3_m_2725,31.794507152946725,11.763982125617757,1416
E3,N2,E3_m_2725,,,1416
E3,N0,E3_m_273,,,1465
E3,N1,E3_m_273,30.50690236370216,12.857399272911827,1465
E3,N2,E3_m_273,,,1465
E3,N0,E3_m_2732,,,1421
E3,N1,E3_m_2732,49.05788218476398,9.721193395632335,1421
E3,N2,E3_m_2732,,,1421
E3,N0,E3_m_2740,,,1367
E3,N1,E3_m_2740,38.12315167494392,11.43764983627921,1367
E3,N2,E3_m_2740,,,1367
E3,N0,E3_m_2741,,,1416
E3,N1,E3_m_2741,40.287754213080845,12.030928615047372,1416
E3,N2,E3_m_2741,,,1416
E3,N0,E3_m_2745,,,1385
E3,N1,E3_m_2745,32.00226299763165,11.503909253257746,1385
E3,N2,E3_m_2745,,,1385
E3,N0,E3_m_2749,,,1359
E3,N1,E3_m_2749,43.30991868596391,9.987826555670898,1359
E3,N2,E3_m_2749,,,1359
E3,N0,E3_m_2750,,,1455
E3,N1,E3_m_2750,33.10705922078239,11.345886971602082,1455
E3,N2,E3_m_2750,,,1455
E3,N0,E3_m_2756,,,1369
E3,N1,E3_m_2756,37.83408027478964,11.695493076159096,1369
E3,N2,E3_m_2756,,,1369
E3,N0,E3_m_2763,,,1441
E3,N1,E3_m_2763,20.690621761877143,3.4248154859773186,1441
E3,N2,E3_m_2763,,,1441
E3,N0,E3_m_2771,,,1356
E3,N1,E3_m_2771,43.512002765307315,11.096390631145013,1356
E3,N2,E3_m_2771,,,1356
E3,N0,E3_m_2776,,,1438
E3,N1,E3_m_2776,42.05309896839265,10.2906048122653,1438
E3,N2,E3_m_2776,,,1438
E3,N0,E3_m_2779,,,1410
E3,N1,E3_m_2779,34.05329033602189,13.421823633607751,1410
E3,N2,E3_m_2779,,,1410
E3,N0,E3_m_2783,,,1376
E3,N1,E3_m_2783,28.12749368792133,10.71652236009713,1376
E3,N2,E3_m_2783,,,1376
E3,N0,E3_m_280,,,1419
E3,N1,E3_m_280,45.03710708201586,10.20717253204398,1419
E3,N2,E3_m_280,,,1419
E3,N0,E3_m_2824,,,1373
E3,N1,E3_m_2824,47.10807430430565,10.959010186575277,1373
E3,N2,E3_m_2824,,,1373
E3,N0,E3_m_2847,,,1458
E3,N1,E3_m_2847,41.16859162148571,10.641551942922067,1458
E3,N2,E3_m_2847,,,1458
E3,N0,E3_m_2848,,,904
E3,N1,E3_m_2848,34.91430467748793,9.250536028012615,904
E3,N2,E3_m_2848,,,904
E3,N0,E3_m_2858,,,1385
E3,N1,E3_m_2858,49.90707142137752,9.22620826738189,1385
E3,N2,E3_m_2858,,,1385
E3,N0,E3_m_2862,,,1382
E3,N1,E3_m_2862,45.47224265156428,9.830784256194134,1382
E3,N2,E3_m_2862,,,1382
E3,N0,E3_m_2869,,,1317
E3,N1,E3_m_2869,16.770838678591144,5.570530888570355,1317
E3,N2,E3_m_2869,,,1317
E3,N0,E3_m_2882,,,1412
E3,N1,E3_m_2882,31.445733547339028,12.368037190742985,1412
E3,N2,E3_m_2882,,,1412
E3,N0,E3_m_2887,,,1452
E3,N1,E3_m_2887,43.57898797960322,10.142224257639292,1452
E3,N2,E3_m_2887,,,1452
E3,N0,E3_m_2892,,,1419
E3,N1,E3_m_2892,32.97574305011459,12.707200706276048,1419
E3,N2,E3_m_2892,,,1419
E3,N0,E3_m_2904,,,1354
E3,N1,E3_m_2904,38.00318799435998,11.006530248570364,1354
E3,N2,E3_m_2904,,,1354
E3,N0,E3_m_2907,,,1460
E3,N1,E3_m_2907,42.605635581057115,10.02381737098779,1460
E3,N2,E3_m_2907,,,1460
E3,N0,E3_m_2935,,,1353
E3,N1,E3_m_2935,41.905070708641766,10.476136968129065,1353
E3,N2,E3_m_2935,,,1353
E3,N0,E3_m_2958,,,1417
E3,N1,E3_m_2958,0.0009425774057219803,0.026707349882571983,1417
E3,N2,E3_m_2958,,,1417
E3,N0,E3_m_2965,,,1394
E3,N1,E3_m_2965,41.92627709368729,12.304591782848599,1394
E3,N2,E3_m_2965,,,1394
E3,N0,E3_m_2973,,,1382
E3,N1,E3_m_2973,34.96482350986699,10.945938176069088,1382
E3,N2,E3_m_2973,,,1382
E3,N0,E3_m_2976,,,1406
E3,N1,E3_m_2976,30.970684659317634,11.55465191969748,1406
E3,N2,E3_m_2976,,,1406
E3,N0,E3_m_2988,,,1395
E3,N1,E3_m_2988,41.09267696098103,10.960555985063195,1395
E3,N2,E3_m_2988,,,1395
E3,N0,E3_m_299,,,1381
E3,N1,E3_m_299,30.949615890871012,12.012272607718524,1381
E3,N2,E3_m_299,,,1381
E3,N0,E3_m_2996,,,1372
E3,N1,E3_m_2996,37.97655564692914,10.262000564957576,1372
E3,N2,E3_m_2996,,,1372
E3,N0,E3_m_2999,,,1416
E3,N1,E3_m_2999,42.27167273624609,10.622777652502968,1416
E3,N2,E3_m_2999,,,1416
E3,N0,E3_m_3008,,,1410
E3,N1,E3_m_3008,47.1188030552725,10.009317979333899,1410
E3,N2,E3_m_3008,,,1410
E3,N0,E3_m_3010,,,1411
E3,N1,E3_m_3010,40.24910708075077,11.749913005498687,1411
E3,N2,E3_m_3010,,,1411
E3,N0,E3_m_3019,,,1419
E3,N1,E3_m_3019,37.8120073286765,11.175005143238907,1419
E3,N2,E3_m_3019,,,1419
E3,N0,E3_m_3021,,,1444
E3,N1,E3_m_3021,44.802960664840825,19.74112215218002,1444
E3,N2,E3_m_3021,,,1444
E3,N0,E3_m_3028,,,1450
E3,N1,E3_m_3028,41.814595251308454,10.988145027673971,1450
E3,N2,E3_m_3028,,,1450
E3,N0,E3_m_3088,,,1382
E3,N1,E3_m_3088,45.73073083993993,9.999865942333889,1382
E3,N2,E3_m_3088,,,1382
E3,N0,E3_m_3102,,,1435
E3,N1,E3_m_3102,43.47842656733889,11.11404796884579,1435
E3,N2,E3_m_3102,,,1435
E3,N0,E3_m_3127,,,1435
E3,N1,E3_m_3127,45.18264450559116,11.024161119891417,1435
E3,N2,E3_m_3127,,,1435
E3,N0,E3_m_3134,,,1481
E3,N1,E3_m_3134,32.90914411889182,11.414556577407108,1481
E3,N2,E3_m_3134,,,1481
E3,N0,E3_m_3147,,,1457
E3,N1,E3_m_3147,33.17054815500642,12.881598661377513,1457
E3,N2,E3_m_3147,,,1457
E3,N0,E3_m_3155,,,1450
E3,N1,E3_m_3155,34.43797400949325,11.589877240950017,1450
E3,N2,E3_m_3155,,,1450
E3,N0,E3_m_3159,,,1396
E3,N1,E3_m_3159,36.25188895033886,12.27532326860186,1396
E3,N2,E3_m_3159,,,1396
E3,N0,E3_m_3182,,,1417
E3,N1,E3_m_3182,42.833469256387254,11.598025328940032,1417
E3,N2,E3_m_3182,,,1417
E3,N0,E3_m_3186,,,1397
E3,N1,E3_m_3186,43.35487942784898,10.332965912513531,1397
E3,N2,E3_m_3186,,,1397
E3,N0,E3_m_3203,,,1370
E3,N1,E3_m_3203,39.51548199873448,11.171073077778047,1370
E3,N2,E3_m_3203,,,1370
E3,N0,E3_m_3219,,,1383
E3,N1,E3_m_3219,38.88099887443874,11.128330770461346,1383
E3,N2,E3_m_3219,,,1383
E3,N0,E3_m_322,,,1423
E3,N1,E3_m_322,44.4885131919302,9.642500064683345,1423
E3,N2,E3_m_322,,,1423
E3,N0,E3_m_3221,,,1432
E3,N1,E3_m_3221,47.18210338401809,9.762090783500788,1432
E3,N2,E3_m_3221,,,1432
E3,N0,E3_m_3271,,,1399
E3,N1,E3_m_3271,5.449169148691414,0.7046534117390854,1399
E3,N2,E3_m_3271,,,1399
E3,N0,E3_m_330,,,1421
E3,N1,E3_m_330,32.86924277993104,11.248721070787848,1421
E3,N2,E3_m_330,,,1421
E3,N0,E3_m_3315,,,1388
E3,N1,E3_m_3315,43.478623117232836,11.045888218388411,1388
E3,N2,E3_m_3315,,,1388
E3,N0,E3_m_3316,,,1401
E3,N1,E3_m_3316,37.73934675787197,11.550235441238106,1401
E3,N2,E3_m_3316,,,1401
E3,N0,E3_m_3319,,,1444
E3,N1,E3_m_3319,33.40324996808357,11.733464770861959,1444
E3,N2,E3_m_3319,,,1444
E3,N0,E3_m_3320,,,1345
E3,N1,E3_m_3320,42.45108056278918,9.771485538187457,1345
E3,N2,E3_m_3320,,,1345
E3,N0,E3_m_3329,,,1373
E3,N1,E3_m_3329,31.15974810910061,10.738913591390757,1373
E3,N2,E3_m_3329,,,1373
E3,N0,E3_m_3332,,,1341
E3,N1,E3_m_3332,13.91406491915113,3.952255668890629,1341
E3,N2,E3_m_3332,,,1341
E3,N0,E3_m_3340,,,1359
E3,N1,E3_m_3340,43.3975756944729,10.290825422277061,1359
E3,N2,E3_m_3340,,,1359
E3,N0,E3_m_3342,,,1422
E3,N1,E3_m_3342,45.357481930635345,10.109633456231816,1422
E3,N2,E3_m_3342,,,1422
E3,N0,E3_m_3343,,,1322
E3,N1,E3_m_3343,40.918680478874634,10.628897238100633,1322
E3,N2,E3_m_3343,,,1322
E3,N0,E3_m_3347,,,1456
E3,N1,E3_m_3347,36.43454174646394,11.129522138707156,1456
E3,N2,E3_m_3347,,,1456
E3,N0,E3_m_3349,,,1457
E3,N1,E3_m_3349,38.59940870490916,11.480032575750483,1457
E3,N2,E3_m_3349,,,1457
E3,N0,E3_m_3357,,,1403
E3,N1,E3_m_3357,32.92644211323417,10.95921780652971,1403
E3,N2,E3_m_3357,,,1403
E3,N0,E3_m_337,,,1463
E3,N1,E3_m_337,42.58385068345253,10.886241892234853,1463
E3,N2,E3_m_337,,,1463
E3,N0,E3_m_3378,,,1416
E3,N1,E3_m_3378,33.244578802235594,10.882814265626397,1416
E3,N2,E3_m_3378,,,1416
E3,N0,E3_m_3383,,,1438
E3,N1,E3_m_3383,34.32964484966087,11.3209695058449,1438
E3,N2,E3_m_3383,,,1438
E3,N0,E3_m_3386,,,1454
E3,N1,E3_m_3386,38.893883348106534,11.570576877359953,1454
E3,N2,E3_m_3386,,,1454
E3,N0,E3_m_3394,,,1383
E3,N1,E3_m_3394,28.760561616977082,11.656988256669294,1383
E3,N2,E3_m_3394,,,1383
E3,N0,E3_m_3395,,,1440
E3,N1,E3_m_3395,47.62380891081304,9.890950445852912,1440
E3,N2,E3_m_3395,,,1440
E3,N0,E3_m_3398,,,1447
E3,N1,E3_m_3398,32.94238165643532,11.871131327262942,1447
E3,N2,E3_m_3398,,,1447
E3,N0,E3_m_3402,,,1441
E3,N1,E3_m_3402,43.995136516176714,10.990103804763905,1441
E3,N2,E3_m_3402,,,1441
E3,N0,E3_m_3405,,,1431
E3,N1,E3_m_3405,38.404410486481915,12.085303185086277,1431
E3,N2,E3_m_3405,,,1431
E3,N0,E3_m_3407,,,1313
E3,N1,E3_m_3407,38.138421566480005,11.018365282524107,1313
E3,N2,E3_m_3407,,,1313
E3,N0,E3_m_3409,,,1425
E3,N1,E3_m_3409,3.4873355769839423,0.4550362122709024,1425
E3,N2,E3_m_3409,,,1425
E3,N0,E3_m_341,,,1313
E3,N1,E3_m_341,42.0863340921978,9.563470010705137,1313
E3,N2,E3_m_341,,,1313
E3,N0,E3_m_3419,,,1476
E3,N1,E3_m_3419,46.66585713432918,10.265675602552394,1476
E3,N2,E3_m_3419,,,1476
E3,N0,E3_m_3423,,,1353
E3,N1,E3_m_3423,44.40819723402797,11.328932098440896,1353
E3,N2,E3_m_3423,,,1353
E3,N0,E3_m_3425,,,1285
E3,N1,E3_m_3425,30.01091035842604,10.928855472884527,1285
E3,N2,E3_m_3425,,,1285
E3,N0,E3_m_3431,,,1463
E3,N1,E3_m_3431,43.99699141900853,11.834207127121987,1463
E3,N2,E3_m_3431,,,1463
E3,N0,E3_m_3444,,,1384
E3,N1,E3_m_3444,40.039940767454524,10.993938900446595,1384
E3,N2,E3_m_3444,,,1384
E3,N0,E3_m_3451,,,1434
E3,N1,E3_m_3451,32.446507188223194,12.398686956591343,1434
E3,N2,E3_m_3451,,,1434
E3,N0,E3_m_3453,,,1429
E3,N1,E3_m_3453,45.31531235937984,10.391935980750363,1429
E3,N2,E3_m_3453,,,1429
E3,N0,E3_m_3468,,,1421
E3,N1,E3_m_3468,3.3594542907001297,0.5208051660678263,1421
E3,N2,E3_m_3468,,,1421
E3,N0,E3_m_347,,,1395
E3,N1,E3_m_347,43.025255155397346,10.970128964472876,1395
E3,N2,E3_m_347,,,1395
E3,N0,E3_m_3475,,,1408
E3,N1,E3_m_3475,41.91554334263879,12.18941501667579,1408
E3,N2,E3_m_3475,,,1408
E3,N0,E3_m_3485,,,1412
E3,N1,E3_m_3485,42.11812355554082,10.951445714625708,1412
E3,N2,E3_m_3485,,,1412
E3,N0,E3_m_3508,,,1389
E3,N1,E3_m_3508,39.70906595548575,11.723581301307185,1389
E3,N2,E3_m_3508,,,1389
E3,N0,E3_m_3509,,,1389
E3,N1,E3_m_3509,36.76067297723861,11.936667005271879,1389
E3,N2,E3_m_3509,,,1389
E3,N0,E3_m_3513,,,1337
E3,N1,E3_m_3513,46.1295885152619,10.214606226168799,1337
E3,N2,E3_m_3513,,,1337
E3,N0,E3_m_3514,,,1440
E3,N1,E3_m_3514,45.32959093396407,10.832412082855832,1440
E3,N2,E3_m_3514,,,1440
E3,N0,E3_m_3517,,,1427
E3,N1,E3_m_3517,33.926126906917666,11.75644756798235,1427
E3,N2,E3_m_3517,,,1427
E3,N0,E3_m_3519,,,1376
E3,N1,E3_m_3519,41.32854857025498,11.426947212542752,1376
E3,N2,E3_m_3519,,,1376
E3,N0,E3_m_3522,,,1404
E3,N1,E3_m_3522,35.80479876482655,11.26771306754031,1404
E3,N2,E3_m_3522,,,1404
E3,N0,E3_m_3526,,,1421
E3,N1,E3_m_3526,48.56665483840142,8.954001474354131,1421
E3,N2,E3_m_3526,,,1421
E3,N0,E3_m_3530,,,1442
E3,N1,E3_m_3530,39.11497923299164,10.428830362103167,1442
E3,N2,E3_m_3530,,,1442
E3,N0,E3_m_3532,,,1382
E3,N1,E3_m_3532,0.3683759909799464,1.0124928106681241,1382
E3,N2,E3_m_3532,,,1382
E3,N0,E3_m_3545,,,1415
E3,N1,E3_m_3545,36.71388846009974,11.840312556641656,1415
E3,N2,E3_m_3545,,,1415
E3,N0,E3_m_3558,,,1352
E3,N1,E3_m_3558,39.078596888702464,11.31994022163779,1352
E3,N2,E3_m_3558,,,1352
E3,N0,E3_m_3561,,,1443
E3,N1,E3_m_3561,47.20049335258278,10.214796347186486,1443
E3,N2,E3_m_3561,,,1443
E3,N0,E3_m_3562,,,1454
E3,N1,E3_m_3562,42.922645334813836,10.327481758013509,1454
E3,N2,E3_m_3562,,,1454
E3,N0,E3_m_3577,,,1435
E3,N1,E3_m_3577,39.46588247706837,14.049719546309603,1435
E3,N2,E3_m_3577,,,1435
E3,N0,E3_m_359,,,1472
E3,N1,E3_m_359,39.62309666201309,10.723803928474007,1472
E3,N2,E3_m_359,,,1472
E3,N0,E3_m_3593,,,1316
E3,N1,E3_m_3593,8.706805687467828,2.3048852094254233,1316
E3,N2,E3_m_3593,,,1316
E3,N0,E3_m_3594,,,1384
E3,N1,E3_m_3594,36.85757943963741,12.163995831716356,1384
E3,N2,E3_m_3594,,,1384
E3,N0,E3_m_3595,,,1437
E3,N1,E3_m_3595,33.19906555755717,12.30906355244198,1437
E3,N2,E3_m_3595,,,1437
E3,N0,E3_m_3597,,,1401
E3,N1,E3_m_3597,33.43005558068152,13.90248469513107,1401
E3,N2,E3_m_3597,,,1401
E3,N0,E3_m_3599,,,1417
E3,N1,E3_m_3599,34.26934454017062,15.649440097472029,1417
E3,N2,E3_m_3599,,,1417
E3,N0,E3_m_3610,,,1323
E3,N1,E3_m_3610,29.166298635977455,10.373626518791962,1323
E3,N2,E3_m_3610,,,1323
E3,N0,E3_m_3620,,,1445
E3,N1,E3_m_3620,12.517594834967937,3.461188935088685,1445
E3,N2,E3_m_3620,,,1445
E3,N0,E3_m_3627,,,1460
E3,N1,E3_m_3627,46.25295900088853,9.97091409021298,1460
E3,N2,E3_m_3627,,,1460
E3,N0,E3_m_3642,,,1338
E3,N1,E3_m_3642,41.34244933761851,9.93361285629351,1338
E3,N2,E3_m_3642,,,1338
E3,N0,E3_m_3643,,,1354
E3,N1,E3_m_3643,40.112224916835906,10.46670979117116,1354
E3,N2,E3_m_3643,,,1354
E3,N0,E3_m_3657,,,1388
E3,N1,E3_m_3657,30.612717717696984,11.173243683841186,1388
E3,N2,E3_m_3657,,,1388
E3,N0,E3_m_3677,,,1431
E3,N1,E3_m_3677,37.08100111881683,11.236875311620892,1431
E3,N2,E3_m_3677,,,1431
E3,N0,E3_m_3691,,,1325
E3,N1,E3_m_3691,39.66680527301475,11.38497639796028,1325
E3,N2,E3_m_3691,,,1325
E3,N0,E3_m_3692,,,1390
E3,N1,E3_m_3692,42.01089412312913,10.53184605393249,1390
E3,N2,E3_m_3692,,,1390
E3,N0,E3_m_3699,,,1410
E3,N1,E3_m_3699,39.72073967276636,12.525515996141664,1410
E3,N2,E3_m_3699,,,1410
E3,N0,E3_m_3701,,,1414
E3,N1,E3_m_3701,41.27527770532006,10.567229871949776,1414
E3,N2,E3_m_3701,,,1414
E3,N0,E3_m_3703,,,1432
E3,N1,E3_m_3703,40.56409141422501,10.575337330469063,1432
E3,N2,E3_m_3703,,,1432
E3,N0,E3_m_3704,,,1346
E3,N1,E3_m_3704,41.14479639905475,10.829683505368072,1346
E3,N2,E3_m_3704,,,1346
E3,N0,E3_m_3705,,,1451
E3,N1,E3_m_3705,44.686886262024835,10.508450440400635,1451
E3,N2,E3_m_3705,,,1451
E3,N0,E3_m_3708,,,1483
E3,N1,E3_m_3708,40.16614033142914,10.705363579955831,1483
E3,N2,E3_m_3708,,,1483
E3,N0,E3_m_3712,,,1426
E3,N1,E3_m_3712,43.13492605698434,10.727679259397231,1426
E3,N2,E3_m_3712,,,1426
E3,N0,E3_m_3719,,,1337
E3,N1,E3_m_3719,33.40059705132961,10.736984762530874,1337
E3,N2,E3_m_3719,,,1337
E3,N0,E3_m_3723,,,1423
E3,N1,E3_m_3723,42.02290608987296,12.087529556812303,1423
E3,N2,E3_m_3723,,,1423
E3,N0,E3_m_3728,,,1377
E3,N1,E3_m_3728,40.24080977620143,12.10305138871365,1377
E3,N2,E3_m_3728,,,1377
E3,N0,E3_m_3731,,,1398
E3,N1,E3_m_3731,38.90888228247994,12.351549117580433,1398
E3,N2,E3_m_3731,,,1398
E3,N0,E3_m_3733,,,1409
E3,N1,E3_m_3733,47.69506811553972,10.006003720175023,1409
E3,N2,E3_m_3733,,,1409
E3,N0,E3_m_3736,,,1365
E3,N1,E3_m_3736,41.08288566379105,10.826528842677101,1365
E3,N2,E3_m_3736,,,1365
E3,N0,E3_m_3737,,,1391
E3,N1,E3_m_3737,45.30610854214111,10.13913472678105,1391
E3,N2,E3_m_3737,,,1391
E3,N0,E3_m_3743,,,1344
E3,N1,E3_m_3743,34.286970311194864,12.516600588538882,1344
E3,N2,E3_m_3743,,,1344
E3,N0,E3_m_3744,,,1417
E3,N1,E3_m_3744,33.85433265489865,11.159472908776586,1417
E3,N2,E3_m_3744,,,1417
E3,N0,E3_m_3745,,,1378
E3,N1,E3_m_3745,34.029906357233386,12.937047560489708,1378
E3,N2,E3_m_3745,,,1378
E3,N0,E3_m_3749,,,1396
E3,N1,E3_m_3749,50.21892582783563,9.217907664514138,1396
E3,N2,E3_m_3749,,,1396
E3,N0,E3_m_3750,,,1406
E3,N1,E3_m_3750,45.41999773416548,10.059597271283113,1406
E3,N2,E3_m_3750,,,1406
E3,N0,E3_m_3751,,,1396
E3,N1,E3_m_3751,36.67517827199576,11.517007557549826,1396
E3,N2,E3_m_3751,,,1396
E3,N0,E3_m_3759,,,1391
E3,N1,E3_m_3759,40.074955464590275,11.427922479894908,1391
E3,N2,E3_m_3759,,,1391
E3,N0,E3_m_376,,,1441
E3,N1,E3_m_376,40.821185277318996,10.377162031625954,1441
E3,N2,E3_m_376,,,1441
E3,N0,E3_m_3763,,,1433
E3,N1,E3_m_3763,37.474666436198184,10.877490381549771,1433
E3,N2,E3_m_3763,,,1433
E3,N0,E3_m_3766,,,1392
E3,N1,E3_m_3766,35.533462497888166,11.405727596795446,1392
E3,N2,E3_m_3766,,,1392
E3,N0,E3_m_3779,,,1393
E3,N1,E3_m_3779,33.4656311040382,10.680103833860347,1393
E3,N2,E3_m_3779,,,1393
E3,N0,E3_m_3781,,,1405
E3,N1,E3_m_3781,44.32305514403151,11.74374587664532,1405
E3,N2,E3_m_3781,,,1405
E3,N0,E3_m_3805,,,1397
E3,N1,E3_m_3805,44.12280763356037,11.94595097729302,1397
E3,N2,E3_m_3805,,,1397
E3,N0,E3_m_3807,,,1409
E3,N1,E3_m_3807,41.30758464183065,11.544459347955476,1409
E3,N2,E3_m_3807,,,1409
E3,N0,E3_m_381,,,1488
E3,N1,E3_m_381,31.199218579683244,12.29625133520634,1488
E3,N2,E3_m_381,,,1488
E3,N0,E3_m_3810,,,1354
E3,N1,E3_m_3810,42.34638210469087,11.629645253810166,1354
E3,N2,E3_m_3810,,,1354
E3,N0,E3_m_382,,,1433
E3,N1,E3_m_382,34.97720106232342,12.999572300077098,1433
E3,N2,E3_m_382,,,1433
E3,N0,E3_m_384,,,1365
E3,N1,E3_m_384,47.18647024677781,11.012840461238062,1365
E3,N2,E3_m_384,,,1365
E3,N0,E3_m_3877,,,1310
E3,N1,E3_m_3877,36.75944255171792,11.23528754757069,1310
E3,N2,E3_m_3877,,,1310
E3,N0,E3_m_3894,,,1375
E3,N1,E3_m_3894,39.812657995845996,10.706497553380887,1375
E3,N2,E3_m_3894,,,1375
E3,N0,E3_m_3902,,,1346
E3,N1,E3_m_3902,42.87912793087641,10.144783301065498,1346
E3,N2,E3_m_3902,,,1346
E3,N0,E3_m_3903,,,1479
E3,N1,E3_m_3903,43.770760835088645,11.781210327581883,1479
E3,N2,E3_m_3903,,,1479
E3,N0,E3_m_3905,,,1398
E3,N1,E3_m_3905,28.063700464415653,12.325439742316323,1398
E3,N2,E3_m_3905,,,1398
E3,N0,E3_m_3947,,,1359
E3,N1,E3_m_3947,35.06249146738975,10.507438349637676,1359
E3,N2,E3_m_3947,,,1359
E3,N0,E3_m_3950,,,1324
E3,N1,E3_m_3950,36.06111526508465,12.142045871130815,1324
E3,N2,E3_m_3950,,,1324
E3,N0,E3_m_3956,,,1389
E3,N1,E3_m_3956,36.568083606819314,10.867118389613049,1389
E3,N2,E3_m_3956,,,1389
E3,N0,E3_m_3968,,,1297
E3,N1,E3_m_3968,40.9479999171501,10.477521207819782,1297
E3,N2,E3_m_3968,,,1297
E3,N0,E3_m_3973,,,1367
E3,N1,E3_m_3973,32.309963481860144,11.247126610101796,1367
E3,N2,E3_m_3973,,,1367
E3,N0,E3_m_3976,,,1388
E3,N1,E3_m_3976,33.75351187077981,12.236651174003573,1388
E3,N2,E3_m_3976,,,1388
E3,N0,E3_m_398,,,1305
E3,N1,E3_m_398,44.12614225347063,9.922065708017536,1305
E3,N2,E3_m_398,,,1305
E3,N0,E3_m_3980,,,1301
E3,N1,E3_m_3980,40.75949832229539,11.025931555119795,1301
E3,N2,E3_m_3980,,,1301
E3,N0,E3_m_3984,,,1471
E3,N1,E3_m_3984,42.46468023565066,10.816783236369805,1471
E3,N2,E3_m_3984,,,1471
E3,N0,E3_m_3986,,,1432
E3,N1,E3_m_3986,40.33587871550194,11.355923127034139,1432
E3,N2,E3_m_3986,,,1432
E3,N0,E3_m_3992,,,1338
E3,N1,E3_m_3992,40.85593692352149,11.247543850136605,1338
E3,N2,E3_m_3992,,,1338
E3,N0,E3_m_3995,,,1358
E3,N1,E3_m_3995,34.11803230135268,11.780873130210688,1358
E3,N2,E3_m_3995,,,1358
E3,N0,E3_m_40,,,1414
E3,N1,E3_m_40,34.471569967326936,11.152516056137506,1414
E3,N2,E3_m_40,,,1414
E3,N0,E3_m_4007,,,1402
E3,N1,E3_m_4007,43.84928184675373,10.633003217662838,1402
E3,N2,E3_m_4007,,,1402
E3,N0,E3_m_4009,,,1295
E3,N1,E3_m_4009,41.12311854685055,11.109338259877646,1295
E3,N2,E3_m_4009,,,1295
E3,N0,E3_m_418,,,1367
E3,N1,E3_m_418,50.32665464171226,8.7412999713986,1367
E3,N2,E3_m_418,,,1367
E3,N0,E3_m_421,,,1357
E3,N1,E3_m_421,38.704476741969636,11.279508236018879,1357
E3,N2,E3_m_421,,,1357
E3,N0,E3_m_422,,,1368
E3,N1,E3_m_422,39.76610901840457,11.308453063433529,1368
E3,N2,E3_m_422,,,1368
E3,N0,E3_m_426,,,1407
E3,N1,E3_m_426,47.00934026728756,10.262333074254169,1407
E3,N2,E3_m_426,,,1407
E3,N0,E3_m_478,,,1348
E3,N1,E3_m_478,49.315704909741406,9.86725259764188,1348
E3,N2,E3_m_478,,,1348
E3,N0,E3_m_479,,,1438
E3,N1,E3_m_479,45.84339105179436,9.981539867981407,1438
E3,N2,E3_m_479,,,1438
E3,N0,E3_m_48,,,1432
E3,N1,E3_m_48,37.88684161570839,11.771243118789851,1432
E3,N2,E3_m_48,,,1432
E3,N0,E3_m_514,,,1399
E3,N1,E3_m_514,34.791506281945885,11.045866991442912,1399
E3,N2,E3_m_514,,,1399
E3,N0,E3_m_518,,,1409
E3,N1,E3_m_518,33.44235124077191,11.033791031124904,1409
E3,N2,E3_m_518,,,1409
E3,N0,E3_m_531,,,1446
E3,N1,E3_m_531,41.34846486146838,11.570221419912723,1446
E3,N2,E3_m_531,,,1446
E3,N0,E3_m_537,,,1426
E3,N1,E3_m_537,38.52428378264929,9.626720337674028,1426
E3,N2,E3_m_537,,,1426
E3,N0,E3_m_539,,,1445
E3,N1,E3_m_539,34.00438084963308,12.18748226668837,1445
E3,N2,E3_m_539,,,1445
E3,N0,E3_m_543,,,1416
E3,N1,E3_m_543,3.2277441130207,0.3884836367630556,1416
E3,N2,E3_m_543,,,1416
E3,N0,E3_m_551,,,1360
E3,N1,E3_m_551,43.79678670721093,10.72796510985701,1360
E3,N2,E3_m_551,,,1360
E3,N0,E3_m_552,,,1400
E3,N1,E3_m_552,42.09263509022942,11.586416690149424,1400
E3,N2,E3_m_552,,,1400
E3,N0,E3_m_553,,,1360
E3,N1,E3_m_553,37.599109528818424,11.443663120342881,1360
E3,N2,E3_m_553,,,1360
E3,N0,E3_m_555,,,1362
E3,N1,E3_m_555,40.58035891008999,11.016051446882228,1362
E3,N2,E3_m_555,,,1362
E3,N0,E3_m_566,,,1317
E3,N1,E3_m_566,34.186928981022305,10.740207147353155,1317
E3,N2,E3_m_566,,,1317
E3,N0,E3_m_576,,,1314
E3,N1,E3_m_576,42.511317307783926,9.831647786624666,1314
E3,N2,E3_m_576,,,1314
E3,N0,E3_m_582,,,1456
E3,N1,E3_m_582,40.74477139163282,11.007949046459037,1456
E3,N2,E3_m_582,,,1456
E3,N0,E3_m_585,,,1442
E3,N1,E3_m_585,31.955058394111838,11.85287693412739,1442
E3,N2,E3_m_585,,,1442
E3,N0,E3_m_586,,,1398
E3,N1,E3_m_586,32.631365163821044,10.766563904584336,1398
E3,N2,E3_m_586,,,1398
E3,N0,E3_m_589,,,1375
E3,N1,E3_m_589,36.67659641706073,11.196304848905703,1375
E3,N2,E3_m_589,,,1375
E3,N0,E3_m_60,,,1438
E3,N1,E3_m_60,40.180051512089555,10.78535508204235,1438
E3,N2,E3_m_60,,,1438
E3,N0,E3_m_602,,,1373
E3,N1,E3_m_602,41.84252663646156,10.65842375248231,1373
E3,N2,E3_m_602,,,1373
E3,N0,E3_m_605,,,1376
E3,N1,E3_m_605,4.62820083737389,0.6456480919198198,1376
E3,N2,E3_m_605,,,1376
E3,N0,E3_m_610,,,1353
E3,N1,E3_m_610,39.51128849688674,11.011250562748817,1353
E3,N2,E3_m_610,,,1353
E3,N0,E3_m_618,,,1390
E3,N1,E3_m_618,0.00041015463491275944,0.004098617533713687,1390
E3,N2,E3_m_618,,,1390
E3,N0,E3_m_62,,,1482
E3,N1,E3_m_62,41.69850134870073,10.53233055691633,1482
E3,N2,E3_m_62,,,1482
E3,N0,E3_m_621,,,1349
E3,N1,E3_m_621,45.939871478078324,10.116509863443675,1349
E3,N2,E3_m_621,,,1349
E3,N0,E3_m_622,,,1465
E3,N1,E3_m_622,46.59330510291082,9.536943845819689,1465
E3,N2,E3_m_622,,,1465
E3,N0,E3_m_629,,,1445
E3,N1,E3_m_629,50.63343775265735,8.579774398831171,1445
E3,N2,E3_m_629,,,1445
E3,N0,E3_m_631,,,1293
E3,N1,E3_m_631,40.31236092297671,12.375325373525568,1293
E3,N2,E3_m_631,,,1293
E3,N0,E3_m_640,,,1429
E3,N1,E3_m_640,41.30621856673672,10.284585593245886,1429
E3,N2,E3_m_640,,,1429
E3,N0,E3_m_641,,,1412
E3,N1,E3_m_641,33.31233775019722,12.374267629920002,1412
E3,N2,E3_m_641,,,1412
E3,N0,E3_m_650,,,1400
E3,N1,E3_m_650,33.281606721285065,11.775142978183291,1400
E3,N2,E3_m_650,,,1400
E3,N0,E3_m_660,,,1451
E3,N1,E3_m_660,37.81376806799113,10.880629592821247,1451
E3,N2,E3_m_660,,,1451
E3,N0,E3_m_667,,,1463
E3,N1,E3_m_667,46.86257752654571,10.394607389111705,1463
E3,N2,E3_m_667,,,1463
E3,N0,E3_m_685,,,1365
E3,N1,E3_m_685,47.199822784652376,9.804394835850852,1365
E3,N2,E3_m_685,,,1365
E3,N0,E3_m_704,,,1406
E3,N1,E3_m_704,50.41086577416641,9.247373657270593,1406
E3,N2,E3_m_704,,,1406
E3,N0,E3_m_720,,,1303
E3,N1,E3_m_720,50.45883215252681,10.46607059281925,1303
E3,N2,E3_m_720,,,1303
E3,N0,E3_m_747,,,1382
E3,N1,E3_m_747,35.392327353536785,10.936721177545905,1382
E3,N2,E3_m_747,,,1382
E3,N0,E3_m_75,,,1375
E3,N1,E3_m_75,32.642620207497366,11.780011789475626,1375
E3,N2,E3_m_75,,,1375
E3,N0,E3_m_750,,,1376
E3,N1,E3_m_750,43.83710562812036,10.454569859195201,1376
E3,N2,E3_m_750,,,1376
E3,N0,E3_m_762,,,1428
E3,N1,E3_m_762,33.83576154056993,11.565126174334932,1428
E3,N2,E3_m_762,,,1428
E3,N0,E3_m_771,,,1369
E3,N1,E3_m_771,34.92571817403592,11.011083498465315,1369
E3,N2,E3_m_771,,,1369
E3,N0,E3_m_782,,,1413
E3,N1,E3_m_782,30.66353592332165,11.237218928287074,1413
E3,N2,E3_m_782,,,1413
E3,N0,E3_m_784,,,1356
E3,N1,E3_m_784,0.004566125860373648,0.06878803994654353,1356
E3,N2,E3_m_784,,,1356
E3,N0,E3_m_787,,,1423
E3,N1,E3_m_787,40.61186923264009,10.78988837311982,1423
E3,N2,E3_m_787,,,1423
E3,N0,E3_m_791,,,1385
E3,N1,E3_m_791,42.46731256927165,10.60229768573318,1385
E3,N2,E3_m_791,,,1385
E3,N0,E3_m_799,,,1363
E3,N1,E3_m_799,43.63741025378601,9.504019558922463,1363
E3,N2,E3_m_799,,,1363
E3,N0,E3_m_808,,,1390
E3,N1,E3_m_808,49.169174210527316,9.358780598613293,1390
E3,N2,E3_m_808,,,1390
E3,N0,E3_m_815,,,1425
E3,N1,E3_m_815,39.168912759578134,10.947706848335084,1425
E3,N2,E3_m_815,,,1425
E3,N0,E3_m_816,,,1338
E3,N1,E3_m_816,31.101834548965293,10.811205726886671,1338
E3,N2,E3_m_816,,,1338
E3,N0,E3_m_818,,,1422
E3,N1,E3_m_818,39.459360322197725,10.863406046089983,1422
E3,N2,E3_m_818,,,1422
E3,N0,E3_m_834,,,1406
E3,N1,E3_m_834,40.58317328844336,11.676838817197822,1406
E3,N2,E3_m_834,,,1406
E3,N0,E3_m_841,,,1432
E3,N1,E3_m_841,47.903145232525944,9.607992738147967,1432
E3,N2,E3_m_841,,,1432
E3,N0,E3_m_844,,,1441
E3,N1,E3_m_844,47.0984637897404,9.493060345008518,1441
E3,N2,E3_m_844,,,1441
E3,N0,E3_m_861,,,1422
E3,N1,E3_m_861,46.704848697250014,10.409375271944628,1422
E3,N2,E3_m_861,,,1422
E3,N0,E3_m_873,,,1455
E3,N1,E3_m_873,34.84278966309895,12.769632536894791,1455
E3,N2,E3_m_873,,,1455
E3,N0,E3_m_89,,,1401
E3,N1,E3_m_89,34.58884845623099,10.35688923404937,1401
E3,N2,E3_m_89,,,1401
E3,N0,E3_m_899,,,1474
E3,N1,E3_m_899,41.90734807768778,11.17284156827224,1474
E3,N2,E3_m_899,,,1474
E3,N0,E3_m_915,,,1437
E3,N1,E3_m_915,43.347942242081615,10.375933433287921,1437
E3,N2,E3_m_915,,,1437
E3,N0,E3_m_918,,,1404
E3,N1,E3_m_918,29.39117624272845,12.009516372326633,1404
E3,N2,E3_m_918,,,1404
E3,N0,E3_m_922,,,1415
E3,N1,E3_m_922,39.24655815651253,10.837538198413911,1415
E3,N2,E3_m_922,,,1415
E3,N0,E3_m_924,,,1354
E3,N1,E3_m_924,0.00405438393969109,0.06407792455439416,1354
E3,N2,E3_m_924,,,1354
E3,N0,E3_m_927,,,1346
E3,N1,E3_m_927,34.39096669537259,11.552185391364114,1346
E3,N2,E3_m_927,,,1346
E3,N0,E3_m_933,,,1404
E3,N1,E3_m_933,35.43858450453804,12.744185486642257,1404
E3,N2,E3_m_933,,,1404
E3,N0,E3_m_94,,,1341
E3,N1,E3_m_94,0.00025034622350058596,0.002889954991189808,1341
E3,N2,E3_m_94,,,1341
E3,N0,E3_m_941,,,1341
E3,N1,E3_m_941,39.41244883189173,10.733288451028391,1341
E3,N2,E3_m_941,,,1341
E3,N0,E3_m_947,,,1405
E3,N1,E3_m_947,45.30532626627651,9.530011518954593,1405
E3,N2,E3_m_947,,,1405
E3,N0,E3_m_951,,,1415
E3,N1,E3_m_951,43.38101860136712,10.870790906760181,1415
E3,N2,E3_m_951,,,1415
E3,N0,E3_m_953,,,1394
E3,N1,E3_m_953,40.47527167668402,11.041844690349954,1394
E3,N2,E3_m_953,,,1394
E3,N0,E3_m_954,,,1430
E3,N1,E3_m_954,37.85321891384197,12.039820242455619,1430
E3,N2,E3_m_954,,,1430
E3,N0,E3_m_96,,,1343
E3,N1,E3_m_96,42.76917146954053,15.591127028214228,1343
E3,N2,E3_m_96,,,1343
E3,N0,E3_m_966,,,1405
E3,N1,E3_m_966,44.931621529868146,11.164812566540693,1405
E3,N2,E3_m_966,,,1405
E3,N0,E3_m_971,,,1392
E3,N1,E3_m_971,41.866632892552715,10.8986924320822,1392
E3,N2,E3_m_971,,,1392
E3,N0,E3_m_972,,,1387
E3,N1,E3_m_972,42.07643414502703,11.367792699497507,1387
E3,N2,E3_m_972,,,1387
E3,N0,E3_m_984,,,1394
E3,N1,E3_m_984,41.292735035637804,10.268278779472613,1394
E3,N2,E3_m_984,,,1394
E3,N0,E3_m_985,,,1402
E3,N1,E3_m_985,29.832218976106944,12.448346422360267,1402
E3,N2,E3_m_985,,,1402
E3,N0,E3_m_986,,,1394
E3,N1,E3_m_986,47.00253989445323,10.117137503624024,1394
E3,N2,E3_m_986,,,1394
E3,N0,E3_m_987,,,1397
E3,N1,E3_m_987,44.53901229896052,9.81403385514514,1397
E3,N2,E3_m_987,,,1397
E3,N0,E3_m_988,,,1430
E3,N1,E3_m_988,39.462324876521826,10.695475521335247,1430
E3,N2,E3_m_988,,,1430
E3,N0,E3_m_990,,,1400
E3,N1,E3_m_990,4.465470601888189,0.8155125996928341,1400
E3,N2,E3_m_990,,,1400
