nguon,dich,mode,lich,h,model,metric,p25,p50,p75,iqr,n_chuoi,n_loai,n_dong_test
E1,E1,N1,co,1,lr,mae,0.1082163141447441,0.3893815247574376,4.438227259292602,4.3300109451478574,735,0,254310
E1,E1,N1,co,1,lr,rmse,0.2313009924812942,0.9869514687866136,10.129452115693844,9.89815112321255,735,0,254310
E1,E1,N1,co,1,lr,smape,4.750918483334798,12.957600981097125,48.42604964689694,43.67513116356214,735,0,254310
E1,E1,N1,co,1,lr,mase,0.7615273882416248,1.1169372060145697,1.7784301350416691,1.0169027468000444,735,0,254310
E1,E1,N1,co,1,lr,r2,0.0378020947051753,0.299625125915779,0.6457524963316339,0.6079504016264585,730,5,254310
E1,E2,N1,co,1,lr,mae,0.1488113598016434,0.4293219458335272,2.818945423563679,2.670134063762036,302,0,104492
E1,E2,N1,co,1,lr,rmse,0.2903711384529597,0.993906378057844,5.411946576206328,5.121575437753369,302,0,104492
E1,E2,N1,co,1,lr,smape,5.837279349232878,13.674947940121946,41.47656315559201,35.63928380635913,302,0,104492
E1,E2,N1,co,1,lr,mase,0.7674179891723076,1.0557136670318428,2.142050609301636,1.3746326201293284,302,0,104492
E1,E2,N1,co,1,lr,r2,-0.0628260102002104,0.1879807243232772,0.5570050715540773,0.6198310817542878,302,0,104492
E1,E3,N1,co,1,lr,mae,4.022083642543744,4.2647420611635285,4.553149135218076,0.5310654926743323,497,1,171716
E1,E3,N1,co,1,lr,rmse,5.312613482704724,5.667125257586419,6.275979445072741,0.9633659623680167,497,1,171716
E1,E3,N1,co,1,lr,smape,9.188158081277312,10.548380161022214,12.38122886521352,3.1930707839362054,497,1,171716
E1,E3,N1,co,1,lr,mase,0.9118894871686078,0.9726774454288746,1.0377190290564542,0.1258295418878463,497,1,171716
E1,E3,N1,co,1,lr,r2,0.6582594991444768,0.6943179978105556,0.8235532914123534,0.1652937922678766,497,1,171716
E1,E1,N1,co,1,ridge,mae,0.1082263935113072,0.389656530755852,4.43905442913791,4.3308280356266025,735,0,254310
E1,E1,N1,co,1,ridge,rmse,0.2312987507269079,0.9870448456573688,10.129159473972784,9.897860723245875,735,0,254310
E1,E1,N1,co,1,ridge,smape,4.75104617755956,12.956519925436808,48.42931006850053,43.67826389094097,735,0,254310
E1,E1,N1,co,1,ridge,mase,0.7615445708293309,1.1168978682833668,1.7786849658398671,1.0171403950105362,735,0,254310
E1,E1,N1,co,1,ridge,r2,0.0378053464413373,0.2995614316241701,0.6457741251155902,0.6079687786742528,730,5,254310
E1,E2,N1,co,1,ridge,mae,0.1488206087480797,0.4293651066205797,2.819106422929514,2.670285814181435,302,0,104492
E1,E2,N1,co,1,ridge,rmse,0.2903816403288513,0.9938807198891768,5.41341100299143,5.123029362662579,302,0,104492
E1,E2,N1,co,1,ridge,smape,5.837155086784074,13.676141513255205,41.47700677458588,35.63985168780181,302,0,104492
E1,E2,N1,co,1,ridge,mase,0.7674629459111875,1.0555825744336502,2.1417082091759583,1.3742452632647708,302,0,104492
E1,E2,N1,co,1,ridge,r2,-0.0627179336020973,0.1878901572266462,0.5570198569406098,0.6197377905427073,302,0,104492
E1,E3,N1,co,1,ridge,mae,4.022098816641148,4.264940888807249,4.553281428728346,0.5311826120871981,497,1,171716
E1,E3,N1,co,1,ridge,rmse,5.312607464131414,5.667043497676378,6.275032854030727,0.9624253898993124,497,1,171716
E1,E3,N1,co,1,ridge,smape,9.188144516746757,10.5486993583648,12.382547237550463,3.1944027208037085,497,1,171716
E1,E3,N1,co,1,ridge,mase,0.9119578632200732,0.9727672184370582,1.037766131578287,0.1258082683582133,497,1,171716
E1,E3,N1,co,1,ridge,r2,0.6582674804646036,0.6943123185295725,0.823548551704396,0.1652810712397924,497,1,171716
E1,E1,N1,co,1,rf,mae,0.0992477699778328,0.3484692900938451,3.1042061053907704,3.0049583354129377,735,0,254310
E1,E1,N1,co,1,rf,rmse,0.2178823989728582,0.9509724857658048,7.440026919025729,7.22214452005287,735,0,254310
E1,E1,N1,co,1,rf,smape,4.568994682042253,11.318016016762265,28.880240931451382,24.31124624940913,735,0,254310
E1,E1,N1,co,1,rf,mase,0.7073039350702217,0.931777504033646,1.2559034144037915,0.5485994793335698,735,0,254310
E1,E1,N1,co,1,rf,r2,0.1020049770024925,0.3871229435257185,0.7480207686875702,0.6460157916850776,730,5,254310
E1,E2,N1,co,1,rf,mae,0.1373656039589093,0.3632316252143323,2.199869121671562,2.0625035177126523,302,0,104492
E1,E2,N1,co,1,rf,rmse,0.2764413559442171,0.9391532692114222,4.885728306161207,4.6092869502169895,302,0,104492
E1,E2,N1,co,1,rf,smape,4.98357652282397,12.497505920307066,32.19259128197523,27.209014759151263,302,0,104492
E1,E2,N1,co,1,rf,mase,0.7542130183864169,0.9661438655122792,1.693263380207532,0.9390503618211152,302,0,104492
E1,E2,N1,co,1,rf,r2,-0.0592484490423942,0.2293688709304124,0.6657175582519095,0.7249660072943037,302,0,104492
E1,E3,N1,co,1,rf,mae,4.073449100663284,4.315633500081389,4.512234900906579,0.4387858002432949,497,1,171716
E1,E3,N1,co,1,rf,rmse,5.327718818190713,5.675066787173683,6.058090011156521,0.7303711929658077,497,1,171716
E1,E3,N1,co,1,rf,smape,9.317969395620864,10.6750792269154,12.545421238404067,3.2274518427832053,497,1,171716
E1,E3,N1,co,1,rf,mase,0.9290780488430402,0.9712384455946784,1.022873716599168,0.0937956677561279,497,1,171716
E1,E3,N1,co,1,rf,r2,0.6491406621630296,0.6901006519304453,0.8409494569744245,0.1918087948113949,497,1,171716
E1,E1,N1,co,1,xgb,mae,0.0995362414052199,0.3683383155088675,3.256170743205931,3.156634501800711,735,0,254310
E1,E1,N1,co,1,xgb,rmse,0.2136035399302149,0.96920220106888,7.631321906184754,7.417718366254538,735,0,254310
E1,E1,N1,co,1,xgb,smape,4.535411370267546,12.04958777178648,32.622982412014025,28.08757104174648,735,0,254310
E1,E1,N1,co,1,xgb,mase,0.7205008013093404,0.9317567835491708,1.339736714596007,0.6192359132866667,735,0,254310
E1,E1,N1,co,1,xgb,r2,0.0865267984395447,0.3913645627890559,0.7449853444257473,0.6584585459862026,730,5,254310
E1,E2,N1,co,1,xgb,mae,0.1440425088545906,0.396928767544822,2.138519198361571,1.99447668950698,302,0,104492
E1,E2,N1,co,1,xgb,rmse,0.2870023946308114,0.96798499248059,5.0531651389289465,4.766162744298135,302,0,104492
E1,E2,N1,co,1,xgb,smape,5.414446673885496,13.805095329968257,33.08329003353757,27.66884335965208,302,0,104492
E1,E2,N1,co,1,xgb,mase,0.7678181616969727,1.0018256276085866,1.7230100620126416,0.9551919003156688,302,0,104492
E1,E2,N1,co,1,xgb,r2,-0.0514423415571783,0.1985647185255094,0.6538802407817088,0.7053225823388871,302,0,104492
E1,E3,N1,co,1,xgb,mae,4.080698346407073,4.328471796824449,4.586274334639657,0.5055759882325841,497,1,171716
E1,E3,N1,co,1,xgb,rmse,5.364755744114753,5.705575924091756,6.191343684001588,0.826587939886835,497,1,171716
E1,E3,N1,co,1,xgb,smape,9.28725922195912,10.648515658415295,12.620693619373064,3.333434397413944,497,1,171716
E1,E3,N1,co,1,xgb,mase,0.9285030855114362,0.9765418871299628,1.03598023378785,0.1074771482764136,497,1,171716
E1,E3,N1,co,1,xgb,r2,0.6477021143662773,0.6918507562288413,0.8375495291444964,0.1898474147782191,497,1,171716
E1,E1,N1,co,1,svr,mae,0.1035598879199782,0.3855395792138887,4.075990780765046,3.972430892845068,735,0,254310
E1,E1,N1,co,1,svr,rmse,0.2386477960986422,1.0400799885674925,9.45023791351512,9.21159011741648,735,0,254310
E1,E1,N1,co,1,svr,smape,4.851230567667684,12.644767358387012,46.75520238310151,41.90397181543382,735,0,254310
E1,E1,N1,co,1,svr,mase,0.7565591091340658,1.081146950264054,1.6547652081482689,0.8982060990142029,735,0,254310
E1,E1,N1,co,1,svr,r2,0.0028413219317831,0.2210107538621843,0.5988126201733822,0.595971298241599,730,5,254310
E1,E2,N1,co,1,svr,mae,0.1401871314040418,0.3786442200393343,2.676238081265811,2.536050949861769,302,0,104492
E1,E2,N1,co,1,svr,rmse,0.2829310890373869,0.983867570864232,6.180444944783942,5.897513855746555,302,0,104492
E1,E2,N1,co,1,svr,smape,5.411263145488487,13.122805912779809,38.52273704252745,33.11147389703896,302,0,104492
E1,E2,N1,co,1,svr,mase,0.739680188955813,1.0260128038592298,1.9637261347454933,1.2240459457896806,302,0,104492
E1,E2,N1,co,1,svr,r2,-0.0736447700251738,0.1599828997718738,0.4272353935503047,0.5008801635754787,302,0,104492
E1,E3,N1,co,1,svr,mae,4.21194130346643,4.446870124979962,4.83092840479318,0.6189871013267503,497,1,171716
E1,E3,N1,co,1,svr,rmse,5.652216890921649,6.012508725315084,6.668442670636243,1.0162257797145946,497,1,171716
E1,E3,N1,co,1,svr,smape,9.6044500361522,11.088925714439917,13.14203145895235,3.53758142280015,497,1,171716
E1,E3,N1,co,1,svr,mase,0.957050383932696,1.0137903216320776,1.098248044102358,0.1411976601696619,497,1,171716
E1,E3,N1,co,1,svr,r2,0.6107845130141569,0.6564347835692683,0.7451547027172729,0.1343701897031159,497,1,171716
E1,E1,N1,co,6,lr,mae,0.1156474463256306,0.4208347847530655,6.801409786542072,6.685762340216441,735,0,250635
E1,E1,N1,co,6,lr,rmse,0.2321180461113623,1.04471525496712,15.185782417577736,14.953664371466376,735,0,250635
E1,E1,N1,co,6,lr,smape,5.835439411882815,14.518696404341023,60.67881202554547,54.84337261366265,735,0,250635
E1,E1,N1,co,6,lr,mase,0.8374837093004115,1.2828582185650328,2.787618689348858,1.9501349800484469,735,0,250635
E1,E1,N1,co,6,lr,r2,-0.045648518939596,0.0944617972050249,0.402572619005608,0.4482211379452041,730,5,250635
E1,E2,N1,co,6,lr,mae,0.1552366712218375,0.4759592033749552,4.0342245394967575,3.87898786827492,302,0,102982
E1,E2,N1,co,6,lr,rmse,0.2999368593054462,1.0698065215914263,8.307718549400226,8.00778169009478,302,0,102982
E1,E2,N1,co,6,lr,smape,6.302242211465934,14.903144801402696,56.97576910099136,50.67352688952542,302,0,102982
E1,E2,N1,co,6,lr,mase,0.824187268773014,1.2695350583756446,3.096946754918304,2.27275948614529,302,0,102982
E1,E2,N1,co,6,lr,r2,-0.0693826884294246,0.0091793157430855,0.2056747752804635,0.2750574637098882,302,0,102982
E1,E3,N1,co,6,lr,mae,5.257783272293709,5.650936809630739,6.494301431763229,1.2365181594695196,497,1,169209
E1,E3,N1,co,6,lr,rmse,6.9715532521005485,7.528096739256592,9.22746184586736,2.2559085937668115,497,1,169209
E1,E3,N1,co,6,lr,smape,12.232102713436978,14.012624856157696,16.64458020196665,4.412477488529673,497,1,169209
E1,E3,N1,co,6,lr,mase,1.198731790553912,1.3001308707025672,1.5014451903435362,0.3027133997896241,497,1,169209
E1,E3,N1,co,6,lr,r2,0.4022611851392266,0.473694324636303,0.5751718041091296,0.172910618969903,497,1,169209
E1,E1,N1,co,6,ridge,mae,0.1156474462537699,0.4208347832109662,6.801409750633656,6.685762304379886,735,0,250635
E1,E1,N1,co,6,ridge,rmse,0.2321180460361803,1.0447152557892412,15.185782275915304,14.953664229879124,735,0,250635
E1,E1,N1,co,6,ridge,smape,5.835439521171553,14.518697185495158,60.678812684206456,54.8433731630349,735,0,250635
E1,E1,N1,co,6,ridge,mase,0.837483712199806,1.2828582234289705,2.787618694488628,1.950134982288822,735,0,250635
E1,E1,N1,co,6,ridge,r2,-0.0456485214263398,0.0944618024323801,0.4025726152346733,0.4482211366610132,730,5,250635
E1,E2,N1,co,6,ridge,mae,0.1552366669786182,0.4759592012647567,4.034224538281675,3.878987871303057,302,0,102982
E1,E2,N1,co,6,ridge,rmse,0.2999368586213213,1.0698065150655438,8.307718438482198,8.007781579860877,302,0,102982
E1,E2,N1,co,6,ridge,smape,6.302242262125492,14.903144720870507,56.97576999034852,50.67352772822303,302,0,102982
E1,E2,N1,co,6,ridge,mase,0.8241873204995609,1.269535060121739,3.096946790734905,2.272759470235344,302,0,102982
E1,E2,N1,co,6,ridge,r2,-0.0693826884925709,0.0091793131191479,0.2056747680136302,0.2750574565062012,302,0,102982
E1,E3,N1,co,6,ridge,mae,5.257783280477402,5.650936787962865,6.494301407386647,1.2365181269092451,497,1,169209
E1,E3,N1,co,6,ridge,rmse,6.971553221754556,7.528096702296586,9.22746190019316,2.255908678438603,497,1,169209
E1,E3,N1,co,6,ridge,smape,12.23210271660568,14.012624933337674,16.644580020950606,4.412477304344927,497,1,169209
E1,E3,N1,co,6,ridge,mase,1.1987317943928664,1.3001308709613542,1.5014451801462392,0.3027133857533728,497,1,169209
E1,E3,N1,co,6,ridge,r2,0.4022611911611878,0.4736943221728432,0.5751718000430803,0.1729106088818924,497,1,169209
E1,E1,N1,co,6,rf,mae,0.0980412418418458,0.4142226452423854,5.593540507711486,5.495499265869641,735,0,250635
E1,E1,N1,co,6,rf,rmse,0.2298907164640203,1.0345034186735038,13.773329223657107,13.543438507193088,735,0,250635
E1,E1,N1,co,6,rf,smape,5.316215311583369,13.004762844726615,51.87723486562904,46.561019554045664,735,0,250635
E1,E1,N1,co,6,rf,mase,0.7423649833158195,1.2041690744085785,2.514165075476094,1.7718000921602746,735,0,250635
E1,E1,N1,co,6,rf,r2,-0.0229318582396436,0.1774287763236903,0.4750961048643586,0.4980279631040022,730,5,250635
E1,E2,N1,co,6,rf,mae,0.1417747321220644,0.4134226984362142,3.392249318539874,3.250474586417809,302,0,102982
E1,E2,N1,co,6,rf,rmse,0.293688883268259,1.0230325013248864,8.361607886344075,8.067919003075815,302,0,102982
E1,E2,N1,co,6,rf,smape,5.851370219425952,14.712523971192384,45.887296461281885,40.03592624185593,302,0,102982
E1,E2,N1,co,6,rf,mase,0.7859155602286174,1.1848275905086454,2.622168643106958,1.8362530828783408,302,0,102982
E1,E2,N1,co,6,rf,r2,-0.0477856332748607,0.0355674765409729,0.2936202954251703,0.341405928700031,302,0,102982
E1,E3,N1,co,6,rf,mae,5.342556754814964,5.7747380046910655,6.975440838170803,1.6328840833558391,497,1,169209
E1,E3,N1,co,6,rf,rmse,7.139248969762402,7.680040721878411,9.924489122860695,2.785240153098295,497,1,169209
E1,E3,N1,co,6,rf,smape,12.65346091171916,14.695091759058746,17.39658406920574,4.743123157486579,497,1,169209
E1,E3,N1,co,6,rf,mase,1.218461625712915,1.323006299978427,1.639028575324533,0.420566949611618,497,1,169209
E1,E3,N1,co,6,rf,r2,0.3820807170962587,0.4491436979561293,0.5336733406137335,0.1515926235174748,497,1,169209
E1,E1,N1,co,6,xgb,mae,0.1058749820912751,0.4198516214973843,5.609892920379533,5.504017938288258,735,0,250635
E1,E1,N1,co,6,xgb,rmse,0.2254500277283991,1.0420413471369163,13.45204348640472,13.22659345867632,735,0,250635
E1,E1,N1,co,6,xgb,smape,5.387449680682181,13.101284467394256,51.56799644429891,46.18054676361673,735,0,250635
E1,E1,N1,co,6,xgb,mase,0.7539234394230825,1.233786917496085,2.492880054239884,1.7389566148168016,735,0,250635
E1,E1,N1,co,6,xgb,r2,-0.0426274003128474,0.1761235270944007,0.4751205164200427,0.5177479167328902,730,5,250635
E1,E2,N1,co,6,xgb,mae,0.1468246916568779,0.4508225816365823,3.4160585633160045,3.2692338716591265,302,0,102982
E1,E2,N1,co,6,xgb,rmse,0.3047358658846542,1.022454357459094,8.209811488882199,7.905075622997544,302,0,102982
E1,E2,N1,co,6,xgb,smape,5.939494801647336,15.954141564444411,44.6782452765368,38.73875047488946,302,0,102982
E1,E2,N1,co,6,xgb,mase,0.7882932437943775,1.2061477036356545,2.7383776511901456,1.950084407395768,302,0,102982
E1,E2,N1,co,6,xgb,r2,-0.0681800158734778,0.0273990042385983,0.3107426053283132,0.378922621201791,302,0,102982
E1,E3,N1,co,6,xgb,mae,5.395380905324665,5.786186384422823,7.069222433376639,1.6738415280519732,497,1,169209
E1,E3,N1,co,6,xgb,rmse,7.226711922530431,7.711568930134495,9.924326018221624,2.6976140956911934,497,1,169209
E1,E3,N1,co,6,xgb,smape,12.60008237935002,14.897490303004348,18.44291985374374,5.842837474393718,497,1,169209
E1,E3,N1,co,6,xgb,mase,1.2238587754233938,1.333890828151285,1.705143460296617,0.481284684873223,497,1,169209
E1,E3,N1,co,6,xgb,r2,0.3628870450920672,0.4240348280308407,0.4910305389592809,0.1281434938672137,497,1,169209
E1,E1,N1,co,6,svr,mae,0.1059714998933284,0.4345310568500359,6.529221900901812,6.423250401008483,735,0,250635
E1,E1,N1,co,6,svr,rmse,0.2324718811570891,1.0344584863526982,15.864393970839998,15.63192208968291,735,0,250635
E1,E1,N1,co,6,svr,smape,5.482801151516816,12.9439954939339,55.61530869668844,50.13250754517162,735,0,250635
E1,E1,N1,co,6,svr,mase,0.7735472516647531,1.2241363365580684,2.659518627687714,1.8859713760229608,735,0,250635
E1,E1,N1,co,6,svr,r2,-0.0750485851294545,0.0676789685090382,0.4306359787796444,0.505684563909099,730,5,250635
E1,E2,N1,co,6,svr,mae,0.1441166126620131,0.4034223374032716,3.3920910199530194,3.2479744072910064,302,0,102982
E1,E2,N1,co,6,svr,rmse,0.3018047123261377,1.030792413979582,8.676540756311582,8.374736043985443,302,0,102982
E1,E2,N1,co,6,svr,smape,5.733675099901641,14.847964142326996,47.39297554004435,41.65930044014271,302,0,102982
E1,E2,N1,co,6,svr,mase,0.7875696021014439,1.1978175731527494,2.5303037231800323,1.7427341210785885,302,0,102982
E1,E2,N1,co,6,svr,r2,-0.1468259341440145,-0.0007140434449142,0.2209795302576013,0.3678054644016159,302,0,102982
E1,E3,N1,co,6,svr,mae,5.69510593286699,6.176816506115809,7.120431409086202,1.4253254762192125,497,1,169209
E1,E3,N1,co,6,svr,rmse,7.647389711782437,8.185235242542415,9.835133524129867,2.1877438123474304,497,1,169209
E1,E3,N1,co,6,svr,smape,13.488700333169824,15.44660499376673,18.50235546612669,5.013655132956874,497,1,169209
E1,E3,N1,co,6,svr,mase,1.2967103644026323,1.4145128242654046,1.6806779842987862,0.3839676198961539,497,1,169209
E1,E3,N1,co,6,svr,r2,0.2900725690318416,0.3708464330418649,0.483586623346104,0.1935140543142623,497,1,169209
E1,E1,N1,co,12,lr,mae,0.115188124659574,0.4374033419898388,8.156443344317466,8.041255219657893,735,0,246225
E1,E1,N1,co,12,lr,rmse,0.2439226125849418,1.058908220668044,16.304975167531666,16.061052554946723,735,0,246225
E1,E1,N1,co,12,lr,smape,6.343729798052227,14.65726665916679,64.85846908347176,58.51473928541954,735,0,246225
E1,E1,N1,co,12,lr,mase,0.8475529203905295,1.3430183388880343,3.1668429245619523,2.319290004171423,735,0,246225
E1,E1,N1,co,12,lr,r2,-0.067047095936187,0.0691507183851096,0.3028546904202593,0.3699017863564464,730,5,246225
E1,E2,N1,co,12,lr,mae,0.1547940649352564,0.4862025340465726,4.715216727487522,4.5604226625522655,302,0,101170
E1,E2,N1,co,12,lr,rmse,0.2994653861074889,1.08720700021752,8.836464567165972,8.536999181058484,302,0,101170
E1,E2,N1,co,12,lr,smape,6.643711508226944,15.662131948736944,59.94655097695305,53.302839468726106,302,0,101170
E1,E2,N1,co,12,lr,mase,0.8183303909938767,1.306879366355926,3.449478704250907,2.63114831325703,302,0,101170
E1,E2,N1,co,12,lr,r2,-0.1116775347253362,-0.025088122772871,0.1626022069648768,0.2742797416902131,302,0,101170
E1,E3,N1,co,12,lr,mae,5.964774527252836,6.403857745562341,7.867031128841127,1.902256601588291,497,1,166203
E1,E3,N1,co,12,lr,rmse,7.863497804983039,8.407917707535244,10.972363014299964,3.1088652093169262,497,1,166203
E1,E3,N1,co,12,lr,smape,13.842543056279128,16.037993447915447,19.32415393308445,5.4816108768053216,497,1,166203
E1,E3,N1,co,12,lr,mase,1.352969470508173,1.468649629387193,1.8761325970373823,0.5231631265292096,497,1,166203
E1,E3,N1,co,12,lr,r2,0.2635382204991147,0.3334137906662474,0.3943780743912943,0.1308398538921796,497,1,166203
E1,E1,N1,co,12,ridge,mae,0.1151881249096286,0.4374033447766695,8.156443377297531,8.041255252387902,735,0,246225
E1,E1,N1,co,12,ridge,rmse,0.2439226140176077,1.05890821712615,16.30497513483961,16.061052520822003,735,0,246225
E1,E1,N1,co,12,ridge,smape,6.343729782107094,14.657266566581592,64.8584696262384,58.514739844131306,735,0,246225
E1,E1,N1,co,12,ridge,mase,0.8475529280424963,1.343018340521731,3.1668429445116244,2.319290016469128,735,0,246225
E1,E1,N1,co,12,ridge,r2,-0.0670470787850128,0.0691507207413918,0.3028546892391491,0.369901768024162,730,5,246225
E1,E2,N1,co,12,ridge,mae,0.1547940616428534,0.4862025364842942,4.715216741945546,4.560422680302692,302,0,101170
E1,E2,N1,co,12,ridge,rmse,0.2994653862494704,1.0872070024837537,8.836464534106602,8.53699914785713,302,0,101170
E1,E2,N1,co,12,ridge,smape,6.643711553174352,15.662132019497658,59.94655140147813,53.302839848303776,302,0,101170
E1,E2,N1,co,12,ridge,mase,0.818330384945102,1.3068793649895114,3.449478712295912,2.6311483273508096,302,0,101170
E1,E2,N1,co,12,ridge,r2,-0.1116775251896544,-0.0250881164768069,0.1626022028143624,0.2742797280040168,302,0,101170
E1,E3,N1,co,12,ridge,mae,5.964774547890122,6.403857755144736,7.86703114607485,1.902256598184728,497,1,166203
E1,E3,N1,co,12,ridge,rmse,7.863497772612543,8.407917711066718,10.972363048445288,3.1088652758327457,497,1,166203
E1,E3,N1,co,12,ridge,smape,13.84254305581095,16.037993444393823,19.324153991278127,5.481610935467177,497,1,166203
E1,E3,N1,co,12,ridge,mase,1.3529694651645554,1.4686496228668784,1.8761325964622635,0.5231631312977081,497,1,166203
E1,E3,N1,co,12,ridge,r2,0.2635382214077291,0.3334137899373021,0.3943780713300329,0.1308398499223038,497,1,166203
E1,E1,N1,co,12,rf,mae,0.1069744487319379,0.4196084687107759,7.769377351200232,7.662402902468294,735,0,246225
E1,E1,N1,co,12,rf,rmse,0.2302201030054954,1.0687193586316064,15.59156356971953,15.361343466714034,735,0,246225
E1,E1,N1,co,12,rf,smape,5.634498618956108,13.894224655918167,59.85494252609877,54.22044390714266,735,0,246225
E1,E1,N1,co,12,rf,mase,0.781567976230665,1.273966589768593,2.883615124471211,2.102047148240546,735,0,246225
E1,E1,N1,co,12,rf,r2,-0.0478776052240182,0.1053506394287278,0.3646981227349837,0.4125757279590019,730,5,246225
E1,E2,N1,co,12,rf,mae,0.1488129009083212,0.4445957003140759,3.811040925067627,3.662228024159306,302,0,101170
E1,E2,N1,co,12,rf,rmse,0.2958790984925374,1.0989501362313794,8.965950847808537,8.670071749316,302,0,101170
E1,E2,N1,co,12,rf,smape,6.416181448510029,15.326932223519997,53.2077901113844,46.79160866287437,302,0,101170
E1,E2,N1,co,12,rf,mase,0.7879688222832769,1.2384816279101434,3.0958117332479387,2.307842910964662,302,0,101170
E1,E2,N1,co,12,rf,r2,-0.1056161798897676,-0.0023386691048318,0.2233451918494632,0.3289613717392308,302,0,101170
E1,E3,N1,co,12,rf,mae,5.979220711707515,6.40909707372797,8.114196075871288,2.1349753641637728,497,1,166203
E1,E3,N1,co,12,rf,rmse,7.859294886482935,8.456106754891731,11.231286632855443,3.37199174637251,497,1,166203
E1,E3,N1,co,12,rf,smape,13.91902654048621,16.706191536039277,20.74312156038397,6.82409501989776,497,1,166203
E1,E3,N1,co,12,rf,mase,1.367341452985557,1.4736781014996243,1.983738053823511,0.616396600837954,497,1,166203
E1,E3,N1,co,12,rf,r2,0.2363979479709932,0.297548139997342,0.3552582785731852,0.118860330602192,497,1,166203
E1,E1,N1,co,12,xgb,mae,0.1091015091381609,0.4357076152396135,7.506074211487728,7.396972702349567,735,0,246225
E1,E1,N1,co,12,xgb,rmse,0.2344137387684526,1.1082970976273674,14.776266350972527,14.541852612204076,735,0,246225
E1,E1,N1,co,12,xgb,smape,5.784401133698887,13.902674733063376,60.8622923799915,55.077891246292616,735,0,246225
E1,E1,N1,co,12,xgb,mase,0.8052444923607474,1.2926767811558597,2.876458924228125,2.071214431867378,735,0,246225
E1,E1,N1,co,12,xgb,r2,-0.0559596605070809,0.1107091551450455,0.3841187516906424,0.4400784121977233,730,5,246225
E1,E2,N1,co,12,xgb,mae,0.149551020042115,0.4641669009741829,3.8591573539063218,3.709606333864208,302,0,101170
E1,E2,N1,co,12,xgb,rmse,0.3052936752980189,1.10998166612019,8.867834496001437,8.562540820703418,302,0,101170
E1,E2,N1,co,12,xgb,smape,6.62371939275497,15.928382457844906,57.05264119062223,50.42892179786726,302,0,101170
E1,E2,N1,co,12,xgb,mase,0.805163704274707,1.285563872017205,3.235168345011217,2.4300046407365103,302,0,101170
E1,E2,N1,co,12,xgb,r2,-0.1196857020460154,-0.0010434848101733,0.2128922831864925,0.332577985232508,302,0,101170
E1,E3,N1,co,12,xgb,mae,6.072250593431543,6.574602603897183,8.534464435542239,2.462213842110695,497,1,166203
E1,E3,N1,co,12,xgb,rmse,7.974199336586461,8.581823251640818,12.420911540041798,4.446712203455337,497,1,166203
E1,E3,N1,co,12,xgb,smape,14.160217728381394,17.075356543423638,21.668461495203413,7.508243766822019,497,1,166203
E1,E3,N1,co,12,xgb,mase,1.3874524062545994,1.5011826784450977,2.1062594283995697,0.7188070221449703,497,1,166203
E1,E3,N1,co,12,xgb,r2,0.1726411763013419,0.2564472222388182,0.3227637476585494,0.1501225713572075,497,1,166203
E1,E1,N1,co,12,svr,mae,0.1046489137832912,0.4197784480841725,7.675351859473976,7.570702945690685,735,0,246225
E1,E1,N1,co,12,svr,rmse,0.242776020059428,1.0597172903198566,16.485871752569132,16.243095732509705,735,0,246225
E1,E1,N1,co,12,svr,smape,5.459747204569112,13.0203487852075,59.6497179178972,54.18997071332809,735,0,246225
E1,E1,N1,co,12,svr,mase,0.7825538805973714,1.243883619534745,2.8564747911131807,2.073920910515809,735,0,246225
E1,E1,N1,co,12,svr,r2,-0.0835626089835505,0.0199016410533359,0.3149243789436677,0.3984869879272183,730,5,246225
E1,E2,N1,co,12,svr,mae,0.1417665750330883,0.4016482132370276,3.753350580149152,3.611584005116064,302,0,101170
E1,E2,N1,co,12,svr,rmse,0.2891292106469455,1.101230891629284,8.841736852954286,8.55260764230734,302,0,101170
E1,E2,N1,co,12,svr,smape,6.046011847936386,14.79532721997474,51.545447320013416,45.49943547207703,302,0,101170
E1,E2,N1,co,12,svr,mase,0.7588757340472515,1.2317518336495463,2.913475416430124,2.154599682382872,302,0,101170
E1,E2,N1,co,12,svr,r2,-0.1698454354251016,-0.0410699592900958,0.1577401960323883,0.32758563145749,302,0,101170
E1,E3,N1,co,12,svr,mae,6.097451453503266,6.607389306776772,8.118118906375521,2.020667452872256,497,1,166203
E1,E3,N1,co,12,svr,rmse,8.203912613667782,8.821241328559934,11.697987580084826,3.494074966417044,497,1,166203
E1,E3,N1,co,12,svr,smape,14.438865782363791,17.12203457089419,20.855855372134105,6.4169895897703135,497,1,166203
E1,E3,N1,co,12,svr,mase,1.404292261850485,1.521766645486959,1.9741021878818097,0.5698099260313247,497,1,166203
E1,E3,N1,co,12,svr,r2,0.1575079028959878,0.2415308439102899,0.3214902759111245,0.1639823730151367,497,1,166203
E1a,E1a,N1,co,1,lr,mae,0.1245947437127495,0.4743353596992418,5.650153018610623,5.5255582748978735,368,0,127328
E1a,E1a,N1,co,1,lr,rmse,0.2542640160821037,1.1203489526625368,10.43841631755186,10.184152301469757,368,0,127328
E1a,E1a,N1,co,1,lr,smape,5.464320607836248,14.236097776727387,49.413799500847375,43.949478893011126,368,0,127328
E1a,E1a,N1,co,1,lr,mase,0.7663097216834514,1.133701463403873,1.8700751625665293,1.1037654408830784,368,0,127328
E1a,E1a,N1,co,1,lr,r2,0.0519904888681793,0.3184415499631188,0.7491683323388466,0.6971778434706672,365,3,127328
E1a,E1g,N1,co,1,lr,mae,0.9875771920083392,2.013370089723914,4.394993319445354,3.407416127437015,73,0,25258
E1a,E1g,N1,co,1,lr,rmse,2.215033968554337,3.3242989446797937,6.171432181800391,3.956398213246054,73,0,25258
E1a,E1g,N1,co,1,lr,smape,16.233913163436878,23.023387976965857,31.52111635957263,15.287203196135753,73,0,25258
E1a,E1g,N1,co,1,lr,mase,1.2185652397971882,1.6031961412785949,1.919451085495494,0.7008858456983058,73,0,25258
E1a,E1g,N1,co,1,lr,r2,0.4173000003126622,0.6767777854133648,0.8818819909386,0.4645819906259377,73,0,25258
E1a,E1a,N1,co,1,ridge,mae,0.1246130670522862,0.4744368912368372,5.650899265054719,5.526286198002433,368,0,127328
E1a,E1a,N1,co,1,ridge,rmse,0.2542459071752411,1.1203662807777608,10.43955201546452,10.18530610828928,368,0,127328
E1a,E1a,N1,co,1,ridge,smape,5.464537481986985,14.237695776572348,49.41936713342886,43.95482965144187,368,0,127328
E1a,E1a,N1,co,1,ridge,mase,0.7663398399169468,1.1338674671526272,1.8707798780137403,1.1044400380967936,368,0,127328
E1a,E1a,N1,co,1,ridge,r2,0.0520887786017926,0.3184616341195559,0.7491394592826017,0.6970506806808091,365,3,127328
E1a,E1g,N1,co,1,ridge,mae,0.9876837759785556,2.0137656050606267,4.397212005040753,3.409528229062197,73,0,25258
E1a,E1g,N1,co,1,ridge,rmse,2.2149816585406934,3.324504217851444,6.174700340599164,3.95971868205847,73,0,25258
E1a,E1g,N1,co,1,ridge,smape,16.243059603992197,23.029424614171266,31.534722632442147,15.29166302844995,73,0,25258
E1a,E1g,N1,co,1,ridge,mase,1.2189767372622196,1.6037315292709664,1.9198856931442103,0.7009089558819908,73,0,25258
E1a,E1g,N1,co,1,ridge,r2,0.416691798233578,0.6767714200417563,0.8818251771803395,0.4651333789467614,73,0,25258
E1a,E1a,N1,co,1,rf,mae,0.1126114140020244,0.4403706979019574,3.217164681143226,3.1045532671412017,368,0,127328
E1a,E1a,N1,co,1,rf,rmse,0.2325260160883213,1.0646125514432725,8.303999678413286,8.071473662324964,368,0,127328
E1a,E1a,N1,co,1,rf,smape,4.539925054146215,12.169922799277211,28.320588943625623,23.780663889479406,368,0,127328
E1a,E1a,N1,co,1,rf,mase,0.7119952477594209,0.9294857584600608,1.2628271568756584,0.5508319091162375,368,0,127328
E1a,E1a,N1,co,1,rf,r2,0.0989385018418076,0.3942054680416698,0.793980668952003,0.6950421671101954,365,3,127328
E1a,E1g,N1,co,1,rf,mae,0.8825634029519508,1.5163830130938838,3.507082151757804,2.624518748805853,73,0,25258
E1a,E1g,N1,co,1,rf,rmse,1.7649530365038035,2.960219280489546,4.908629840002153,3.143676803498349,73,0,25258
E1a,E1g,N1,co,1,rf,smape,12.651252235199475,17.38443442167612,22.45510210796312,9.80384987276364,73,0,25258
E1a,E1g,N1,co,1,rf,mase,0.9437620772826374,1.2512722383749937,1.5429821762261904,0.599220098943553,73,0,25258
E1a,E1g,N1,co,1,rf,r2,0.5836116252852579,0.7361235966239406,0.9147156972158752,0.3311040719306172,73,0,25258
E1a,E1a,N1,co,1,xgb,mae,0.1156493091549351,0.4454996249708202,3.409370166273733,3.2937208571187973,368,0,127328
E1a,E1a,N1,co,1,xgb,rmse,0.2441848090671208,1.108289921164249,7.973165186759526,7.728980377692405,368,0,127328
E1a,E1a,N1,co,1,xgb,smape,4.725622200511939,13.253064504918315,32.499648720234255,27.77402651972232,368,0,127328
E1a,E1a,N1,co,1,xgb,mase,0.7214488675232364,0.9728053560926346,1.3882465228197756,0.6667976552965391,368,0,127328
E1a,E1a,N1,co,1,xgb,r2,0.0737054954380819,0.428377459102404,0.7833682511081728,0.7096627556700909,365,3,127328
E1a,E1g,N1,co,1,xgb,mae,0.8790101275238835,1.5452058178030526,3.4257988177753607,2.546788690251477,73,0,25258
E1a,E1g,N1,co,1,xgb,rmse,1.7750883261072643,2.839540117324959,5.116646022583876,3.341557696476612,73,0,25258
E1a,E1g,N1,co,1,xgb,smape,12.441463673459817,17.47861453677721,22.480791120442625,10.03932744698281,73,0,25258
E1a,E1g,N1,co,1,xgb,mase,0.9399740337713084,1.2518661693172912,1.544042017021831,0.6040679832505227,73,0,25258
E1a,E1g,N1,co,1,xgb,r2,0.533555188940235,0.7334882639277321,0.9193184396901004,0.3857632507498655,73,0,25258
E1a,E1a,N1,co,1,svr,mae,0.1155143699621246,0.4544675083355793,4.861091150735503,4.745576780773378,368,0,127328
E1a,E1a,N1,co,1,svr,rmse,0.2623956994100653,1.152085625411157,9.513834988678532,9.251439289268466,368,0,127328
E1a,E1a,N1,co,1,svr,smape,5.003698522688345,13.511113552104923,47.95738514945251,42.95368662676417,368,0,127328
E1a,E1a,N1,co,1,svr,mase,0.7600219733928559,1.0121667055411336,1.6192409496152047,0.8592189762223488,368,0,127328
E1a,E1a,N1,co,1,svr,r2,0.0198914114308542,0.2687171387047362,0.7114758162060887,0.6915844047752344,365,3,127328
E1a,E1g,N1,co,1,svr,mae,0.9491713608154092,1.736094927974276,3.751675025816905,2.802503665001496,73,0,25258
E1a,E1g,N1,co,1,svr,rmse,1.9138310995224008,3.273637675710957,5.513448002639621,3.5996169031172207,73,0,25258
E1a,E1g,N1,co,1,svr,smape,13.75392731431788,20.15106707358509,28.05728105521312,14.303353740895234,73,0,25258
E1a,E1g,N1,co,1,svr,mase,1.0940677066075122,1.3881765958917738,1.6856901724314974,0.5916224658239853,73,0,25258
E1a,E1g,N1,co,1,svr,r2,0.4544320991190721,0.6874981352099325,0.9056286792431212,0.451196580124049,73,0,25258
E1a,E1a,N1,co,6,lr,mae,0.1371352585349604,0.6245675008499262,10.809755256004802,10.67261999746984,368,0,125488
E1a,E1a,N1,co,6,lr,rmse,0.2686777253272363,1.2606786774614869,17.87076275285944,17.602085027532205,368,0,125488
E1a,E1a,N1,co,6,lr,smape,6.27074131667476,15.999144952284842,63.929188919179055,57.658447602504296,368,0,125488
E1a,E1a,N1,co,6,lr,mase,0.8448930071911819,1.3710049501749884,3.0519449112091444,2.2070519040179626,368,0,125488
E1a,E1a,N1,co,6,lr,r2,-0.0506057942079489,0.1121819028796744,0.4658625017990897,0.5164682960070387,365,3,125488
E1a,E1g,N1,co,6,lr,mae,1.450213995788885,3.7838889527017288,7.29955535755558,5.849341361766695,73,0,24893
E1a,E1g,N1,co,6,lr,rmse,3.4955147566855,5.7446195029189004,9.234669768312294,5.739155011626794,73,0,24893
E1a,E1g,N1,co,6,lr,smape,24.234706276760967,35.719229241868625,47.90719405645177,23.672487779690805,73,0,24893
E1a,E1g,N1,co,6,lr,mase,1.846613460789983,2.6200682794272687,3.583944150058652,1.737330689268669,73,0,24893
E1a,E1g,N1,co,6,lr,r2,-0.0589964300101459,0.3500250168987661,0.6326188659093146,0.6916152959194606,73,0,24893
E1a,E1a,N1,co,6,ridge,mae,0.1371352550003531,0.6245675029969342,10.809755347443668,10.672620092443314,368,0,125488
E1a,E1a,N1,co,6,ridge,rmse,0.2686777251326856,1.2606786762754374,17.870762683560812,17.602084958428126,368,0,125488
E1a,E1a,N1,co,6,ridge,smape,6.270741425255068,15.999145383768887,63.92918824267845,57.65844681742338,368,0,125488
E1a,E1a,N1,co,6,ridge,mase,0.8448930201840679,1.3710049601869,3.051944825209845,2.207051805025777,368,0,125488
E1a,E1a,N1,co,6,ridge,r2,-0.0506058003905285,0.1121818863702178,0.4658625038708552,0.5164683042613838,365,3,125488
E1a,E1g,N1,co,6,ridge,mae,1.4502140222536912,3.78388893777163,7.299555363544788,5.849341341291097,73,0,24893
E1a,E1g,N1,co,6,ridge,rmse,3.49551473783676,5.744619547291581,9.23466947067674,5.739154732839978,73,0,24893
E1a,E1g,N1,co,6,ridge,smape,24.234706594847847,35.71922915554477,47.90719424355024,23.67248764870239,73,0,24893
E1a,E1g,N1,co,6,ridge,mase,1.8466134356815973,2.620068281100631,3.5839441634805667,1.7373307277989694,73,0,24893
E1a,E1g,N1,co,6,ridge,r2,-0.058996448154607,0.3500250025984253,0.632618874265357,0.691615322419964,73,0,24893
E1a,E1a,N1,co,6,rf,mae,0.1218643451803625,0.521578289935936,8.432794684797205,8.310930339616842,368,0,125488
E1a,E1a,N1,co,6,rf,rmse,0.253120218930532,1.1184863067095447,15.367007207332987,15.113886988402458,368,0,125488
E1a,E1a,N1,co,6,rf,smape,5.778645679075418,15.506383425105824,50.91392596688586,45.135280287810446,368,0,125488
E1a,E1a,N1,co,6,rf,mase,0.7675454436896458,1.2381935041248449,2.570633222925442,1.803087779235796,368,0,125488
E1a,E1a,N1,co,6,rf,r2,-0.0246296922844635,0.1752685080817629,0.5369671979543491,0.5615968902388127,365,3,125488
E1a,E1g,N1,co,6,rf,mae,1.3501634197602257,3.3707939138378573,7.164863678260006,5.81470025849978,73,0,24893
E1a,E1g,N1,co,6,rf,rmse,3.4379110516745417,5.411353353144349,9.301948150358204,5.864037098683662,73,0,24893
E1a,E1g,N1,co,6,rf,smape,20.25281407707886,32.24335359438979,39.31025942727053,19.05744535019167,73,0,24893
E1a,E1g,N1,co,6,rf,mase,1.6536520134991897,2.479776687955167,3.18702097328644,1.5333689597872502,73,0,24893
E1a,E1g,N1,co,6,rf,r2,-0.0287013506975966,0.3429516783730271,0.6712777628532427,0.6999791135508393,73,0,24893
E1a,E1a,N1,co,6,xgb,mae,0.1275215462340738,0.5565559699467056,7.95152222683853,7.824000680604456,368,0,125488
E1a,E1a,N1,co,6,xgb,rmse,0.2614367658478243,1.165328020712188,15.075368937284026,14.813932171436202,368,0,125488
E1a,E1a,N1,co,6,xgb,smape,5.840320342238321,15.9585711637282,54.3287422496364,48.48842190739808,368,0,125488
E1a,E1a,N1,co,6,xgb,mase,0.7744635791297263,1.3030967291156188,2.63760128176619,1.863137702636464,368,0,125488
E1a,E1a,N1,co,6,xgb,r2,-0.0593401267947175,0.1641299786908306,0.5462981662143664,0.605638293009084,365,3,125488
E1a,E1g,N1,co,6,xgb,mae,1.3513208046567646,3.387006165601642,6.96847837075103,5.617157566094265,73,0,24893
E1a,E1g,N1,co,6,xgb,rmse,3.0538912403027503,5.309977669334152,9.011191905088554,5.957300664785803,73,0,24893
E1a,E1g,N1,co,6,xgb,smape,21.35498049530388,31.671645116196025,40.644385943224506,19.289405447920632,73,0,24893
E1a,E1g,N1,co,6,xgb,mase,1.6092077713684767,2.4544352592826666,3.2580514473897235,1.6488436760212468,73,0,24893
E1a,E1g,N1,co,6,xgb,r2,-0.0197121773091049,0.3168010253193631,0.6793894666817805,0.6991016439908854,73,0,24893
E1a,E1a,N1,co,6,svr,mae,0.128841443235565,0.5357188305279759,8.751937348248834,8.623095905013269,368,0,125488
E1a,E1a,N1,co,6,svr,rmse,0.2718699516837698,1.277605962642289,16.856538563938734,16.584668612254966,368,0,125488
E1a,E1a,N1,co,6,svr,smape,5.864085169003118,14.849590199521646,56.620336707512834,50.75625153850972,368,0,125488
E1a,E1a,N1,co,6,svr,mase,0.79400214049546,1.2893477191817393,2.7635932566046173,1.9695911161091573,368,0,125488
E1a,E1a,N1,co,6,svr,r2,-0.073220716321392,0.0724752213227295,0.4393198579142175,0.5125405742356096,365,3,125488
E1a,E1g,N1,co,6,svr,mae,1.2693804794149357,3.220817481026401,7.277879875763372,6.008499396348435,73,0,24893
E1a,E1g,N1,co,6,svr,rmse,3.3437993224176568,5.573128165409509,9.629446142859946,6.285646820442289,73,0,24893
E1a,E1g,N1,co,6,svr,smape,20.780450060407272,31.437241734714394,38.76789060936886,17.98744054896159,73,0,24893
E1a,E1g,N1,co,6,svr,mase,1.6610163590962137,2.5106097939040555,3.223301224353078,1.5622848652568646,73,0,24893
E1a,E1g,N1,co,6,svr,r2,-0.069792513151095,0.2746605253779746,0.6564895997486602,0.7262821128997552,73,0,24893
E1a,E1a,N1,co,12,lr,mae,0.1443187332470163,0.6358084441136966,14.136502131959428,13.99218339871241,368,0,123280
E1a,E1a,N1,co,12,lr,rmse,0.2780342669446396,1.3412366622311818,20.84763340515863,20.569599138213988,368,0,123280
E1a,E1a,N1,co,12,lr,smape,7.053033124565098,16.352661433383837,67.7327416869432,60.6797085623781,368,0,123280
E1a,E1a,N1,co,12,lr,mase,0.8672001057518992,1.442863926766325,3.600557154157473,2.7333570484055736,368,0,123280
E1a,E1a,N1,co,12,lr,r2,-0.0761500798516043,0.0606678531558803,0.344919652452995,0.4210697323045994,365,3,123280
E1a,E1g,N1,co,12,lr,mae,1.820303501084414,5.262202319211945,7.887392217403305,6.067088716318891,73,0,24455
E1a,E1g,N1,co,12,lr,rmse,3.128924654191592,7.128471623165077,9.72825250511409,6.599327850922498,73,0,24455
E1a,E1g,N1,co,12,lr,smape,29.289045147885258,41.25840825810267,53.08424513304163,23.79519998515637,73,0,24455
E1a,E1g,N1,co,12,lr,mase,2.036138789494637,2.786105056387288,4.94774720346374,2.9116084139691027,73,0,24455
E1a,E1g,N1,co,12,lr,r2,-0.081926362334922,0.1994065307258137,0.409541174887823,0.491467537222745,73,0,24455
E1a,E1a,N1,co,12,ridge,mae,0.1443187319608247,0.6358084431654029,14.136502271566023,13.9921835396052,368,0,123280
E1a,E1a,N1,co,12,ridge,rmse,0.2780342673026986,1.3412366554643584,20.84763335722722,20.569599089924523,368,0,123280
E1a,E1a,N1,co,12,ridge,smape,7.053033115611364,16.352661424026934,67.73274189199918,60.67970877638782,368,0,123280
E1a,E1a,N1,co,12,ridge,mase,0.8672001111646972,1.4428639408505186,3.6005571624706603,2.733357051305963,368,0,123280
E1a,E1a,N1,co,12,ridge,r2,-0.076150073491513,0.0606678506747232,0.3449196464523991,0.4210697199439122,365,3,123280
E1a,E1g,N1,co,12,ridge,mae,1.820303525479872,5.262202365649689,7.887392320378132,6.06708879489826,73,0,24455
E1a,E1g,N1,co,12,ridge,rmse,3.1289246637535983,7.128471645211537,9.728252494735838,6.599327830982239,73,0,24455
E1a,E1g,N1,co,12,ridge,smape,29.289044904851337,41.258408676591976,53.08424526430837,23.795200359457034,73,0,24455
E1a,E1g,N1,co,12,ridge,mase,2.036138790691985,2.786105134966909,4.947747221960303,2.9116084312683177,73,0,24455
E1a,E1g,N1,co,12,ridge,r2,-0.0819263414153608,0.1994065181515729,0.4095411719743932,0.491467513389754,73,0,24455
E1a,E1a,N1,co,12,rf,mae,0.1225650866866999,0.5393648937704798,9.83906268064088,9.71649759395418,368,0,123280
E1a,E1a,N1,co,12,rf,rmse,0.2647231752852592,1.2479648019379073,18.6533669726873,18.388643797402043,368,0,123280
E1a,E1a,N1,co,12,rf,smape,6.132283553657869,16.427910280556496,60.4469187089278,54.314635155269926,368,0,123280
E1a,E1a,N1,co,12,rf,mase,0.8073285654933969,1.285578825054217,3.047682813460737,2.24035424796734,368,0,123280
E1a,E1a,N1,co,12,rf,r2,-0.0663725086876001,0.0916565847531928,0.3836950626798205,0.4500675713674207,365,3,123280
E1a,E1g,N1,co,12,rf,mae,1.5782325907225871,4.716662605257826,7.954884978055376,6.376652387332789,73,0,24455
E1a,E1g,N1,co,12,rf,rmse,3.5191550989824765,6.85095900238364,10.10822655102984,6.589071452047364,73,0,24455
E1a,E1g,N1,co,12,rf,smape,24.95023328119912,37.38722926384519,46.453342997575696,21.50310971637657,73,0,24455
E1a,E1g,N1,co,12,rf,mase,1.933329987234551,2.704339518745601,4.415663614910848,2.482333627676297,73,0,24455
E1a,E1g,N1,co,12,rf,r2,-0.1274076915818591,0.2004589299917483,0.4517064257611973,0.5791141173430565,73,0,24455
E1a,E1a,N1,co,12,xgb,mae,0.1283611345576294,0.6041574582988795,9.929781130303889,9.80141999574626,368,0,123280
E1a,E1a,N1,co,12,xgb,rmse,0.2730858549361926,1.3795637444071178,16.54897516482882,16.27588930989263,368,0,123280
E1a,E1a,N1,co,12,xgb,smape,6.207295717914445,18.117427674977684,59.99158621789104,53.78429049997659,368,0,123280
E1a,E1a,N1,co,12,xgb,mase,0.84434552971355,1.3875903527422389,3.0177844657102755,2.173438935996725,368,0,123280
E1a,E1a,N1,co,12,xgb,r2,-0.0963367948870614,0.1046948907171482,0.420403761216368,0.5167405561034295,365,3,123280
E1a,E1g,N1,co,12,xgb,mae,1.5357481587650794,4.620245206626104,7.650894870329233,6.115146711564154,73,0,24455
E1a,E1g,N1,co,12,xgb,rmse,3.1444357766378173,6.581184131292723,9.569473169971742,6.425037393333925,73,0,24455
E1a,E1g,N1,co,12,xgb,smape,26.51238674539108,37.55828074424313,47.83495138404443,21.32256463865336,73,0,24455
E1a,E1g,N1,co,12,xgb,mase,1.939355579236143,2.7527009272578087,4.250639916058842,2.3112843368226987,73,0,24455
E1a,E1g,N1,co,12,xgb,r2,-0.0728478062696389,0.1937616837354735,0.4994818085143994,0.5723296147840383,73,0,24455
E1a,E1a,N1,co,12,svr,mae,0.1299695022174657,0.5599160909001927,11.561745155937428,11.431775653719962,368,0,123280
E1a,E1a,N1,co,12,svr,rmse,0.2758790121997085,1.3658822234673091,20.491491772834404,20.21561276063469,368,0,123280
E1a,E1a,N1,co,12,svr,smape,6.170302206724925,16.90246596394723,60.95727699163184,54.78697478490692,368,0,123280
E1a,E1a,N1,co,12,svr,mase,0.8171721050569354,1.2846185898978837,3.1702027192538926,2.353030614196957,368,0,123280
E1a,E1a,N1,co,12,svr,r2,-0.1365879944513621,0.011423733250237,0.3447447657339896,0.4813327601853517,365,3,123280
E1a,E1g,N1,co,12,svr,mae,1.5145521458783595,4.373916253430226,7.328042405272306,5.813490259393946,73,0,24455
E1a,E1g,N1,co,12,svr,rmse,3.034596757152191,6.894964543929663,10.5569053214955,7.5223085643433105,73,0,24455
E1a,E1g,N1,co,12,svr,smape,24.02768418657656,38.11684730025849,46.6630116796217,22.63532749304514,73,0,24455
E1a,E1g,N1,co,12,svr,mase,1.938452581776226,2.775216141049042,4.129686316383631,2.1912337346074047,73,0,24455
E1a,E1g,N1,co,12,svr,r2,-0.1829274991101277,0.1158015355740734,0.4557704901433176,0.6386979892534453,73,0,24455
E1g,E1g,N1,co,1,lr,mae,0.9260789791645518,1.5609688145320897,3.140331240826335,2.214252261661783,73,0,25258
E1g,E1g,N1,co,1,lr,rmse,1.6596737608793832,2.869631471074141,4.798170688541508,3.138496927662125,73,0,25258
E1g,E1g,N1,co,1,lr,smape,13.037750579057205,17.210643134020962,23.062232022497724,10.02448144344052,73,0,25258
E1g,E1g,N1,co,1,lr,mase,0.9742500954171038,1.1940036482137228,1.4664239356285858,0.4921738402114819,73,0,25258
E1g,E1g,N1,co,1,lr,r2,0.6332282580650554,0.7904005194165592,0.926008001191352,0.2927797431262966,73,0,25258
E1g,E1a,N1,co,1,lr,mae,0.1397434409683374,0.506171532836253,4.455747317465994,4.316003876497656,368,0,127328
E1g,E1a,N1,co,1,lr,rmse,0.2996628856181823,1.30205756131489,8.055112734558762,7.75544984894058,368,0,127328
E1g,E1a,N1,co,1,lr,smape,5.596049861060221,14.313387534670648,42.77796879790186,37.18191893684164,368,0,127328
E1g,E1a,N1,co,1,lr,mase,0.863821451366442,1.0929102433415077,1.488533376091801,0.624711924725359,368,0,127328
E1g,E1a,N1,co,1,lr,r2,-0.2929792304514713,0.2440123863310946,0.7914598807452532,1.0844391111967244,365,3,127328
E1g,E1g,N1,co,1,ridge,mae,0.926326060803342,1.5645130263148417,3.147338035465879,2.221011974662537,73,0,25258
E1g,E1g,N1,co,1,ridge,rmse,1.661866275932406,2.8717083935780523,4.802228236059041,3.1403619601266355,73,0,25258
E1g,E1g,N1,co,1,ridge,smape,13.04939102021771,17.252005683694637,23.1324474705094,10.083056450291684,73,0,25258
E1g,E1g,N1,co,1,ridge,mase,0.9753960051576788,1.1959286043839576,1.4700354146704226,0.4946394095127439,73,0,25258
E1g,E1g,N1,co,1,ridge,r2,0.6329740037206216,0.7904619861485308,0.9258828063982272,0.2929088026776055,73,0,25258
E1g,E1a,N1,co,1,ridge,mae,0.1397593534466685,0.506446661687337,4.471631356215972,4.331872002769304,368,0,127328
E1g,E1a,N1,co,1,ridge,rmse,0.2995376609348831,1.3017274232999343,8.062647780873261,7.763110119938378,368,0,127328
E1g,E1a,N1,co,1,ridge,smape,5.598012467581746,14.33471030488423,42.83092266873904,37.23291020115729,368,0,127328
E1g,E1a,N1,co,1,ridge,mase,0.8644342170733128,1.094033157317038,1.490704746764007,0.6262705296906943,368,0,127328
E1g,E1a,N1,co,1,ridge,r2,-0.2931357593958945,0.2448857648179471,0.7906229269380691,1.0837586863339637,365,3,127328
E1g,E1g,N1,co,1,rf,mae,0.8360372254685664,1.2757210324285082,3.1065257736795666,2.2704885482110004,73,0,25258
E1g,E1g,N1,co,1,rf,rmse,1.692420289463353,2.6519730006487907,4.694107975547436,3.001687686084084,73,0,25258
E1g,E1g,N1,co,1,rf,smape,10.353370060913106,14.5605978114505,19.19530710744828,8.841937046535174,73,0,25258
E1g,E1g,N1,co,1,rf,mase,0.8873572715085678,1.0810924521273502,1.3498420803003015,0.4624848087917339,73,0,25258
E1g,E1g,N1,co,1,rf,r2,0.6408426412246564,0.7899221365446717,0.930347604216427,0.2895049629917706,73,0,25258
E1g,E1a,N1,co,1,rf,mae,0.1294913696467237,0.491427359780934,3.5471595302140124,3.4176681605672887,368,0,127328
E1g,E1a,N1,co,1,rf,rmse,0.267718057587576,1.314721927809822,7.7210803522482685,7.453362294660691,368,0,127328
E1g,E1a,N1,co,1,rf,smape,6.059654922204118,13.30139952118229,34.78800263239659,28.72834771019248,368,0,127328
E1g,E1a,N1,co,1,rf,mase,0.8569146618775186,1.0342751567708404,1.4522019673366755,0.5952873054591569,368,0,127328
E1g,E1a,N1,co,1,rf,r2,-0.1615935012691354,0.279337851657737,0.7826328921181933,0.9442263933873288,365,3,127328
E1g,E1g,N1,co,1,xgb,mae,0.921765432294307,1.6324109686450197,3.4742420120874025,2.552476579793096,73,0,25258
E1g,E1g,N1,co,1,xgb,rmse,1.6455455448231826,2.885790082213201,5.172248739721714,3.5267031948985315,73,0,25258
E1g,E1g,N1,co,1,xgb,smape,11.5408004791442,18.59111746139424,25.41879972500758,13.877999245863382,73,0,25258
E1g,E1g,N1,co,1,xgb,mase,0.926730068312385,1.2501398009221698,1.567339978812725,0.6406099105003399,73,0,25258
E1g,E1g,N1,co,1,xgb,r2,0.6088586280059087,0.771791184881451,0.9183227345400482,0.3094641065341394,73,0,25258
E1g,E1a,N1,co,1,xgb,mae,0.1450654970717829,0.5505346586482756,3.961620535790482,3.816555038718699,368,0,127328
E1g,E1a,N1,co,1,xgb,rmse,0.2807801815062279,1.2514128879965454,8.399052417789981,8.118272236283753,368,0,127328
E1g,E1a,N1,co,1,xgb,smape,6.64280922695068,15.585845133314354,41.78072415832854,35.13791493137786,368,0,127328
E1g,E1a,N1,co,1,xgb,mase,0.9117631113216298,1.1512627491828584,1.5478723689514,0.6361092576297702,368,0,127328
E1g,E1a,N1,co,1,xgb,r2,-0.1882215300319742,0.2531196136827881,0.7463322155394314,0.9345537455714056,365,3,127328
E1g,E1g,N1,co,1,svr,mae,0.9416212934527964,1.8332353315213044,3.726628983992208,2.785007690539412,73,0,25258
E1g,E1g,N1,co,1,svr,rmse,1.9219283591466017,3.2555538890768707,5.377116085487677,3.455187726341076,73,0,25258
E1g,E1g,N1,co,1,svr,smape,13.362987231101698,18.88523955887956,26.40751551755608,13.04452828645438,73,0,25258
E1g,E1g,N1,co,1,svr,mase,0.9977756952001472,1.370507308813769,1.6845711700525354,0.6867954748523883,73,0,25258
E1g,E1g,N1,co,1,svr,r2,0.4803886561595604,0.7504637299257484,0.9097169264748074,0.429328270315247,73,0,25258
E1g,E1a,N1,co,1,svr,mae,0.1365417173189582,0.5090393899972039,5.110056944944137,4.973515227625179,368,0,127328
E1g,E1a,N1,co,1,svr,rmse,0.2672895245391778,1.153974083670677,9.337093128909224,9.069803604370046,368,0,127328
E1g,E1a,N1,co,1,svr,smape,5.987780269450304,14.506711691636813,44.81462349563165,38.82684322618135,368,0,127328
E1g,E1a,N1,co,1,svr,mase,0.8645127785521937,1.101801298492585,1.6770491841017992,0.8125364055496055,368,0,127328
E1g,E1a,N1,co,1,svr,r2,-0.0303906802452671,0.2347209090300758,0.7357290592711239,0.766119739516391,365,3,127328
E1g,E1g,N1,co,6,lr,mae,1.445414424318133,3.6655647610400113,7.081401574945085,5.635987150626952,73,0,24893
E1g,E1g,N1,co,6,lr,rmse,3.459820214323828,5.594692316511262,9.283888951325237,5.824068737001407,73,0,24893
E1g,E1g,N1,co,6,lr,smape,23.511764579056766,35.17139085349749,46.58261361058232,23.070849031525555,73,0,24893
E1g,E1g,N1,co,6,lr,mase,1.7761637969052977,2.6050932658939616,3.502605851820255,1.7264420549149575,73,0,24893
E1g,E1g,N1,co,6,lr,r2,-0.0555571334052547,0.3610750694955034,0.6453348880707561,0.7008920214760108,73,0,24893
E1g,E1a,N1,co,6,lr,mae,0.1421764043042478,0.6324526922333501,10.618894335209744,10.476717930905496,368,0,125488
E1g,E1a,N1,co,6,lr,rmse,0.2774181187545395,1.2528448631387563,17.624147969833576,17.346729851079036,368,0,125488
E1g,E1a,N1,co,6,lr,smape,6.310227804620483,16.206587341773236,62.31267729973303,56.00244949511255,368,0,125488
E1g,E1a,N1,co,6,lr,mase,0.8658793268103097,1.4024373717467231,3.062539913918804,2.1966605871084943,368,0,125488
E1g,E1a,N1,co,6,lr,r2,-0.0735468312233553,0.0800553359833415,0.4791665923862995,0.5527134236096549,365,3,125488
E1g,E1g,N1,co,6,ridge,mae,1.4454145051058238,3.6655648444358793,7.081401092426887,5.635986587321064,73,0,24893
E1g,E1g,N1,co,6,ridge,rmse,3.4598201812311875,5.594692448652508,9.283889134621456,5.82406895339027,73,0,24893
E1g,E1g,N1,co,6,ridge,smape,23.51176820720336,35.17139077610139,46.582615158703405,23.070846951500044,73,0,24893
E1g,E1g,N1,co,6,ridge,mase,1.7761639198629813,2.6050931803778177,3.5026058390641657,1.7264419192011844,73,0,24893
E1g,E1g,N1,co,6,ridge,r2,-0.055557351280727,0.3610750650396671,0.6453349287214457,0.7008922800021727,73,0,24893
E1g,E1a,N1,co,6,ridge,mae,0.1421764080094895,0.6324526922187412,10.618895127339844,10.476718719330352,368,0,125488
E1g,E1a,N1,co,6,ridge,rmse,0.2774180782649103,1.2528450631812644,17.624148194266702,17.34673011600179,368,0,125488
E1g,E1a,N1,co,6,ridge,smape,6.310228079919963,16.20658958508043,62.31268019704688,56.00245211712692,368,0,125488
E1g,E1a,N1,co,6,ridge,mase,0.8658793244050192,1.4024374036599303,3.0625397792442364,2.196660454839217,368,0,125488
E1g,E1a,N1,co,6,ridge,r2,-0.0735467123082351,0.0800553730062458,0.4791666290082007,0.5527133413164359,365,3,125488
E1g,E1g,N1,co,6,rf,mae,1.3885830517460778,3.977654528813448,7.214345016505158,5.82576196475908,73,0,24893
E1g,E1g,N1,co,6,rf,rmse,2.753856020260159,5.848626933642702,8.911384204358312,6.157528184098153,73,0,24893
E1g,E1g,N1,co,6,rf,smape,23.140687488507027,34.521838783699344,44.72380591621467,21.58311842770765,73,0,24893
E1g,E1g,N1,co,6,rf,mase,1.571224562872895,2.5895562850443707,3.4126175417036686,1.8413929788307737,73,0,24893
E1g,E1g,N1,co,6,rf,r2,-0.0115629081203172,0.3830899785484186,0.6376405395987422,0.6492034477190595,73,0,24893
E1g,E1a,N1,co,6,rf,mae,0.1526689510684626,0.6977898082653627,11.65317958378561,11.500510632717146,368,0,125488
E1g,E1a,N1,co,6,rf,rmse,0.2799313235779997,1.359969301151112,18.33843214590447,18.05850082232647,368,0,125488
E1g,E1a,N1,co,6,rf,smape,7.216940500600794,18.37535062693069,60.824819706616005,53.60787920601521,368,0,125488
E1g,E1a,N1,co,6,rf,mase,0.9239095262295516,1.4602506691473165,3.3234116299122403,2.3995021036826887,368,0,125488
E1g,E1a,N1,co,6,rf,r2,-0.1301355860673436,0.0299845634222964,0.3373746282731911,0.4675102143405347,365,3,125488
E1g,E1g,N1,co,6,xgb,mae,1.5367422942184663,4.39450702323784,7.036213326277952,5.4994710320594855,73,0,24893
E1g,E1g,N1,co,6,xgb,rmse,2.953529215489613,6.077454029928828,9.144564030202153,6.191034814712538,73,0,24893
E1g,E1g,N1,co,6,xgb,smape,22.757864953996144,36.108338041426514,49.97796922061391,27.220104266617763,73,0,24893
E1g,E1g,N1,co,6,xgb,mase,1.5959085215438384,2.663154071799946,3.791006205749008,2.19509768420517,73,0,24893
E1g,E1g,N1,co,6,xgb,r2,-0.0614463173714878,0.385804822133392,0.6293988214271978,0.6908451387986857,73,0,24893
E1g,E1a,N1,co,6,xgb,mae,0.1619844428353594,0.8472975424381841,13.961562857415768,13.799578414580408,368,0,125488
E1g,E1a,N1,co,6,xgb,rmse,0.2938994629714099,1.5676306953173214,20.91712407676913,20.62322461379772,368,0,125488
E1g,E1a,N1,co,6,xgb,smape,7.487556367652441,19.72415815074406,63.12283551972123,55.63527915206879,368,0,125488
E1g,E1a,N1,co,6,xgb,mase,0.9949325170160904,1.6030696730082357,3.567284442257,2.572351925240909,368,0,125488
E1g,E1a,N1,co,6,xgb,r2,-0.2017937640421396,-0.0028881308146009,0.3168550208887454,0.5186487849308851,365,3,125488
E1g,E1g,N1,co,6,svr,mae,1.2663387560885335,3.3193562908085745,7.056020984053811,5.789682227965278,73,0,24893
E1g,E1g,N1,co,6,svr,rmse,2.701004210139696,5.615224445698134,9.4561048931303,6.755100682990604,73,0,24893
E1g,E1g,N1,co,6,svr,smape,21.057811950999973,32.814678988161006,40.20207729378912,19.14426534278915,73,0,24893
E1g,E1g,N1,co,6,svr,mase,1.5515005040039025,2.557792889240276,3.2807838538676983,1.729283349863796,73,0,24893
E1g,E1g,N1,co,6,svr,r2,-0.1067281953965177,0.3425984871697904,0.6743564928630696,0.7810846882595874,73,0,24893
E1g,E1a,N1,co,6,svr,mae,0.1489238877429348,0.6093249187054945,9.300167454372502,9.151243566629567,368,0,125488
E1g,E1a,N1,co,6,svr,rmse,0.2905467054121347,1.3271685031698146,16.99005219097145,16.699505485559317,368,0,125488
E1g,E1a,N1,co,6,svr,smape,6.809185416929555,17.43979512054981,56.656013979851096,49.84682856292154,368,0,125488
E1g,E1a,N1,co,6,svr,mase,0.9339426360419713,1.4674906562678984,2.8609439728332147,1.9270013367912435,368,0,125488
E1g,E1a,N1,co,6,svr,r2,-0.2378910306691188,-0.0150197309943407,0.3770132422849217,0.6149042729540406,365,3,125488
E1g,E1g,N1,co,12,lr,mae,1.7993338962329564,5.10733753380657,7.800311709402895,6.000977813169939,73,0,24455
E1g,E1g,N1,co,12,lr,rmse,3.1400193823195246,6.980399038023433,9.671546563698673,6.531527181379149,73,0,24455
E1g,E1g,N1,co,12,lr,smape,27.719588857976905,40.17206150257035,52.51224129731585,24.79265243933895,73,0,24455
E1g,E1g,N1,co,12,lr,mase,2.023806358869401,2.743847630547751,4.789320817356001,2.7655144584866,73,0,24455
E1g,E1g,N1,co,12,lr,r2,-0.1093090919818027,0.2146611630855818,0.4379086120636433,0.547217704045446,73,0,24455
E1g,E1a,N1,co,12,lr,mae,0.1495222467385361,0.6375399264535999,14.348094046950042,14.198571800211504,368,0,123280
E1g,E1a,N1,co,12,lr,rmse,0.282116653178327,1.3052091865714337,21.036980478796604,20.75486382561828,368,0,123280
E1g,E1a,N1,co,12,lr,smape,7.036007508480536,15.57620806905174,67.0716776622555,60.03567015377496,368,0,123280
E1g,E1a,N1,co,12,lr,mase,0.8622416855417723,1.4355820169323958,3.5053845889002417,2.643142903358469,368,0,123280
E1g,E1a,N1,co,12,lr,r2,-0.1262446033368005,0.0612422796023326,0.3507088088265397,0.4769534121633403,365,3,123280
E1g,E1g,N1,co,12,ridge,mae,1.7993340372200914,5.107337830733012,7.800311750886648,6.000977713666556,73,0,24455
E1g,E1g,N1,co,12,ridge,rmse,3.140019515859948,6.980399177263053,9.671546550874734,6.531527035014786,73,0,24455
E1g,E1g,N1,co,12,ridge,smape,27.719590809210327,40.17206377945614,52.51224390292101,24.79265309371068,73,0,24455
E1g,E1g,N1,co,12,ridge,mase,2.023806440655034,2.743847982395192,4.789320971664528,2.7655145310094937,73,0,24455
E1g,E1g,N1,co,12,ridge,r2,-0.1093089954973685,0.2146611542851509,0.4379086015195835,0.547217597016952,73,0,24455
E1g,E1a,N1,co,12,ridge,mae,0.1495222381720452,0.6375399026695143,14.348094962129885,14.19857272395784,368,0,123280
E1g,E1a,N1,co,12,ridge,rmse,0.2821166645660202,1.3052091683433389,21.03698012995713,20.754863465391104,368,0,123280
E1g,E1a,N1,co,12,ridge,smape,7.036007886865604,15.5762088990287,67.07167902803616,60.03567114117055,368,0,123280
E1g,E1a,N1,co,12,ridge,mase,0.8622417224345872,1.4355821341548611,3.505384574228169,2.643142851793581,368,0,123280
E1g,E1a,N1,co,12,ridge,r2,-0.1262445552813023,0.0612423743555744,0.3507088703704912,0.4769534256517935,365,3,123280
E1g,E1g,N1,co,12,rf,mae,1.4759800665549416,4.838005461966255,7.9382430554555485,6.462262988900607,73,0,24455
E1g,E1g,N1,co,12,rf,rmse,3.0075149764146616,7.092677597129122,10.127168045680046,7.119653069265384,73,0,24455
E1g,E1g,N1,co,12,rf,smape,28.15458146111493,38.48760186161516,49.54911519107827,21.394533729963342,73,0,24455
E1g,E1g,N1,co,12,rf,mase,1.998171867760675,2.765234628627422,4.945311820665131,2.947139952904456,73,0,24455
E1g,E1g,N1,co,12,rf,r2,-0.0426433893589599,0.1591215764414432,0.4250566434330396,0.4677000327919995,73,0,24455
E1g,E1a,N1,co,12,rf,mae,0.1583166179678888,0.7086349670324822,18.59202899850225,18.433712380534363,368,0,123280
E1g,E1a,N1,co,12,rf,rmse,0.294288153934155,1.479783551561534,25.5839590704963,25.289670916562144,368,0,123280
E1g,E1a,N1,co,12,rf,smape,7.483305039673299,19.82824316754292,66.34323287489458,58.859927835221285,368,0,123280
E1g,E1a,N1,co,12,rf,mase,0.960747161988624,1.560241076960853,3.866483798443528,2.9057366364549027,368,0,123280
E1g,E1a,N1,co,12,rf,r2,-0.1375185327173458,-0.0190777972839777,0.2271540585984159,0.3646725913157618,365,3,123280
E1g,E1g,N1,co,12,xgb,mae,1.5161524108910431,5.943033256086384,7.794347888297001,6.278195477405959,73,0,24455
E1g,E1g,N1,co,12,xgb,rmse,2.933451130488092,7.600604821420126,9.892629397289287,6.959178266801198,73,0,24455
E1g,E1g,N1,co,12,xgb,smape,28.686227959833733,39.10870084861352,54.57534674247617,25.88911878264244,73,0,24455
E1g,E1g,N1,co,12,xgb,mase,2.0441087159599665,2.8046013442907194,5.221054288470206,3.176945572510239,73,0,24455
E1g,E1g,N1,co,12,xgb,r2,-0.0577380637835709,0.1761608350867447,0.3717931302898447,0.4295311940734156,73,0,24455
E1g,E1a,N1,co,12,xgb,mae,0.1758298067568116,0.8148667542677644,18.97430350251596,18.798473695759142,368,0,123280
E1g,E1a,N1,co,12,xgb,rmse,0.3072563495245919,1.564312367934214,25.82597007976772,25.51871373024312,368,0,123280
E1g,E1a,N1,co,12,xgb,smape,8.393937583160243,21.52630686875505,65.65841756850776,57.26447998534751,368,0,123280
E1g,E1a,N1,co,12,xgb,mase,1.0525022625613194,1.7570574984059872,4.5839102700694445,3.531408007508125,368,0,123280
E1g,E1a,N1,co,12,xgb,r2,-0.2063028585033823,-0.0432893342066915,0.1237287120120997,0.3300315705154821,365,3,123280
E1g,E1g,N1,co,12,svr,mae,1.5979758452919848,4.556830749724684,7.824059018240191,6.226083172948206,73,0,24455
E1g,E1g,N1,co,12,svr,rmse,2.92747858451483,6.696857555633827,10.186384324962402,7.258905740447572,73,0,24455
E1g,E1g,N1,co,12,svr,smape,24.897768007118728,37.53006485621454,48.73576610709166,23.837998099972936,73,0,24455
E1g,E1g,N1,co,12,svr,mase,1.982215713118948,2.8767100061688744,4.2842491151983735,2.302033402079425,73,0,24455
E1g,E1g,N1,co,12,svr,r2,-0.1601368402965326,0.0984434317045812,0.4798514710897192,0.6399883113862519,73,0,24455
E1g,E1a,N1,co,12,svr,mae,0.1577184953547699,0.5936532548045812,11.219132499643676,11.061414004288906,368,0,123280
E1g,E1a,N1,co,12,svr,rmse,0.2876361420938063,1.3678549460231166,20.103726500177466,19.81609035808366,368,0,123280
E1g,E1a,N1,co,12,svr,smape,7.5102685211875855,17.814743924215264,62.73700665926504,55.22673813807745,368,0,123280
E1g,E1a,N1,co,12,svr,mase,0.939185210398088,1.4307569748058446,3.205102483151285,2.265917272753197,368,0,123280
E1g,E1a,N1,co,12,svr,r2,-0.2352450917593642,-0.0345750490738365,0.2691721974773126,0.5044172892366768,365,3,123280
E2,E2,N1,co,1,lr,mae,0.1512668787004948,0.441708732535366,2.9347281584895217,2.783461279789027,302,0,104492
E2,E2,N1,co,1,lr,rmse,0.2929755261559609,0.999062950229772,5.275081493049854,4.982105966893894,302,0,104492
E2,E2,N1,co,1,lr,smape,5.983460394579506,13.802578938373737,44.86416791634403,38.88070752176452,302,0,104492
E2,E2,N1,co,1,lr,mase,0.7994211058657841,1.076469505441644,2.1374142559232,1.3379931500574156,302,0,104492
E2,E2,N1,co,1,lr,r2,-0.071484119699933,0.1617609722302921,0.5764356237295902,0.6479197434295233,302,0,104492
E2,E1,N1,co,1,lr,mae,0.1107591244021901,0.420276660134384,4.624005922274846,4.5132467978726565,735,0,254310
E2,E1,N1,co,1,lr,rmse,0.234248613850898,1.0030188364624166,9.793840014507936,9.559591400657036,735,0,254310
E2,E1,N1,co,1,lr,smape,5.002243801619743,13.450562081359344,49.93401960827141,44.93177580665167,735,0,254310
E2,E1,N1,co,1,lr,mase,0.7893668953947326,1.139170444370471,1.8192280372798848,1.0298611418851529,735,0,254310
E2,E1,N1,co,1,lr,r2,0.0264880519993308,0.2928828270853498,0.6466830533150216,0.6201950013156907,730,5,254310
E2,E3,N1,co,1,lr,mae,4.076098532547875,4.312204412175243,4.638367843847897,0.5622693113000219,497,1,171716
E2,E3,N1,co,1,lr,rmse,5.31402788399473,5.663582978297566,6.260342926155156,0.9463150421604256,497,1,171716
E2,E3,N1,co,1,lr,smape,9.327187156842625,10.697321162915133,12.621667524083854,3.294480367241229,497,1,171716
E2,E3,N1,co,1,lr,mase,0.9245664910296646,0.9851664885270648,1.053295492626534,0.1287290015968695,497,1,171716
E2,E3,N1,co,1,lr,r2,0.6604921141090898,0.6953764131938267,0.82555773611492,0.1650656220058302,497,1,171716
E2,E2,N1,co,1,ridge,mae,0.1512668804617391,0.4417087418807228,2.9347282070412155,2.7834613265794763,302,0,104492
E2,E2,N1,co,1,ridge,rmse,0.2929755378467166,0.9990629465729618,5.275081616142357,4.98210607829564,302,0,104492
E2,E2,N1,co,1,ridge,smape,5.983460394100262,13.802579327513463,44.86416933596929,38.880708941869024,302,0,104492
E2,E2,N1,co,1,ridge,mase,0.7994211102002495,1.076469532422209,2.1374142295321725,1.337993119331923,302,0,104492
E2,E2,N1,co,1,ridge,r2,-0.0714841213565959,0.1617609455239829,0.5764356273742915,0.6479197487308875,302,0,104492
E2,E1,N1,co,1,ridge,mae,0.1107591250023564,0.4202766605807271,4.624005998366525,4.513246873364168,735,0,254310
E2,E1,N1,co,1,ridge,rmse,0.2342486132344073,1.0030188294969231,9.793839994603408,9.559591381369,735,0,254310
E2,E1,N1,co,1,ridge,smape,5.002243842735857,13.45056190089308,49.93402130148502,44.93177745874916,735,0,254310
E2,E1,N1,co,1,ridge,mase,0.7893668921888906,1.1391704771820976,1.819228055785928,1.0298611635970374,735,0,254310
E2,E1,N1,co,1,ridge,r2,0.0264880531467811,0.2928828000736379,0.6466830539378177,0.6201950007910365,730,5,254310
E2,E3,N1,co,1,ridge,mae,4.076098559217772,4.312204439095331,4.638367929264961,0.562269370047189,497,1,171716
E2,E3,N1,co,1,ridge,rmse,5.31402792406443,5.663583043286055,6.260342930079345,0.946315006014915,497,1,171716
E2,E3,N1,co,1,ridge,smape,9.327187360409487,10.69732124649494,12.621667609050894,3.294480248641406,497,1,171716
E2,E3,N1,co,1,ridge,mase,0.9245665021854672,0.9851665057961788,1.0532955014835983,0.1287289992981309,497,1,171716
E2,E3,N1,co,1,ridge,r2,0.6604921074854317,0.6953764140710219,0.8255577315998492,0.1650656241144175,497,1,171716
E2,E2,N1,co,1,rf,mae,0.1380435541356788,0.3545441153430057,1.732241374303588,1.5941978201679092,302,0,104492
E2,E2,N1,co,1,rf,rmse,0.2653052996497238,0.9333349350921216,4.772787683140736,4.507482383491013,302,0,104492
E2,E2,N1,co,1,rf,smape,5.00114462399403,12.439881701683529,30.338751465232104,25.33760684123808,302,0,104492
E2,E2,N1,co,1,rf,mase,0.714460063076213,0.952161952602656,1.525876448197747,0.8114163851215339,302,0,104492
E2,E2,N1,co,1,rf,r2,0.0165463304120238,0.2804702732543523,0.700639977918706,0.6840936475066821,302,0,104492
E2,E1,N1,co,1,rf,mae,0.1067043758857686,0.3769633423619926,3.371737244490552,3.265032868604784,735,0,254310
E2,E1,N1,co,1,rf,rmse,0.2315916938132015,0.9749179715309672,7.805011504945147,7.573419811131946,735,0,254310
E2,E1,N1,co,1,rf,smape,4.894678960953682,12.171754045927075,37.071663075099785,32.1769841141461,735,0,254310
E2,E1,N1,co,1,rf,mase,0.7538054920772989,1.0002323507131436,1.385938551188357,0.6321330591110582,735,0,254310
E2,E1,N1,co,1,rf,r2,0.0429387153720546,0.3401151451730378,0.7056578753763486,0.6627191600042939,730,5,254310
E2,E3,N1,co,1,rf,mae,4.131670281663264,4.365410519944949,4.608749705323398,0.4770794236601343,497,1,171716
E2,E3,N1,co,1,rf,rmse,5.392123784628149,5.716249531575545,6.110436212310357,0.7183124276822079,497,1,171716
E2,E3,N1,co,1,rf,smape,9.463359449755142,10.873159424665884,12.881915470246788,3.4185560204916463,497,1,171716
E2,E3,N1,co,1,rf,mase,0.9357587653283896,0.9880570383353894,1.0440664369672126,0.108307671638823,497,1,171716
E2,E3,N1,co,1,rf,r2,0.6432208642905701,0.6858916035857916,0.8438400656529468,0.2006192013623766,497,1,171716
E2,E2,N1,co,1,xgb,mae,0.1425239104676089,0.3372955815164306,1.9177954005854307,1.7752714901178217,302,0,104492
E2,E2,N1,co,1,xgb,rmse,0.2782390210837506,0.9329728707309192,4.767018303449056,4.488779282365305,302,0,104492
E2,E2,N1,co,1,xgb,smape,5.223854837258278,12.643495761263004,29.569819667871297,24.34596483061302,302,0,104492
E2,E2,N1,co,1,xgb,mase,0.7262296395173262,0.952782099782415,1.5464094333801066,0.8201797938627804,302,0,104492
E2,E2,N1,co,1,xgb,r2,0.0083928200488424,0.2626312938447486,0.6877426190213802,0.6793497989725378,302,0,104492
E2,E1,N1,co,1,xgb,mae,0.1093781535770357,0.3742693968882075,3.544775764864024,3.435397611286988,735,0,254310
E2,E1,N1,co,1,xgb,rmse,0.233198052207149,1.0058318214137545,8.084280634294817,7.851082582087669,735,0,254310
E2,E1,N1,co,1,xgb,smape,4.850092352737934,12.465439321406992,36.72540738812235,31.87531503538441,735,0,254310
E2,E1,N1,co,1,xgb,mase,0.7674325923602263,1.0191127345937194,1.3783595360606695,0.6109269437004434,735,0,254310
E2,E1,N1,co,1,xgb,r2,0.0482593612240689,0.3432762818280904,0.705677664712798,0.6574183034887291,730,5,254310
E2,E3,N1,co,1,xgb,mae,4.147253950035645,4.372776499019371,4.635766520833467,0.4885125707978224,497,1,171716
E2,E3,N1,co,1,xgb,rmse,5.381778126348158,5.718265268157944,6.138268875719877,0.7564907493717188,497,1,171716
E2,E3,N1,co,1,xgb,smape,9.45821340074752,10.897944261730554,12.848554640800804,3.390341240053284,497,1,171716
E2,E3,N1,co,1,xgb,mase,0.9408268764352552,0.9900753519439134,1.0475906294924775,0.1067637530572225,497,1,171716
E2,E3,N1,co,1,xgb,r2,0.6437886534533519,0.686738589709273,0.8336505014486033,0.1898618479952514,497,1,171716
E2,E2,N1,co,1,svr,mae,0.1408061449867339,0.3788190623727601,2.6099199382350475,2.4691137932483134,302,0,104492
E2,E2,N1,co,1,svr,rmse,0.2863140435852366,0.9727902214681972,5.9716310680423215,5.685317024457085,302,0,104492
E2,E2,N1,co,1,svr,smape,5.536296487954543,12.955798213394653,40.15727889943759,34.62098241148305,302,0,104492
E2,E2,N1,co,1,svr,mase,0.7568918722204585,1.0376332969978022,1.925027816046707,1.1681359438262484,302,0,104492
E2,E2,N1,co,1,svr,r2,-0.0862979001766318,0.1427395753971743,0.4221473136837686,0.5084452138604004,302,0,104492
E2,E1,N1,co,1,svr,mae,0.1078582640240034,0.3760273120571739,4.331205648940733,4.223347384916729,735,0,254310
E2,E1,N1,co,1,svr,rmse,0.232395362327796,0.9954228165867516,10.375422399639817,10.14302703731202,735,0,254310
E2,E1,N1,co,1,svr,smape,4.946819506371613,12.186611762961135,45.050278261220896,40.103458754849285,735,0,254310
E2,E1,N1,co,1,svr,mase,0.7627613339932853,1.0682577511197353,1.6040544437097046,0.8412931097164194,735,0,254310
E2,E1,N1,co,1,svr,r2,0.0017618756033154,0.242586831460767,0.5898013827101296,0.5880395071068142,730,5,254310
E2,E3,N1,co,1,svr,mae,4.289060314416531,4.58279487970583,4.928790975286812,0.6397306608702804,497,1,171716
E2,E3,N1,co,1,svr,rmse,5.6592436725484605,6.076435995575942,6.717648409515175,1.0584047369667149,497,1,171716
E2,E3,N1,co,1,svr,smape,9.744904718178496,11.329173767438215,13.40788708503389,3.6629823668553936,497,1,171716
E2,E3,N1,co,1,svr,mase,0.9802645571902784,1.0382747656753686,1.124243014806638,0.1439784576163597,497,1,171716
E2,E3,N1,co,1,svr,r2,0.6046165241996804,0.6488837600028667,0.7774910465484534,0.1728745223487729,497,1,171716
E2,E2,N1,co,6,lr,mae,0.1609651853372574,0.5050739195748146,4.432234253692656,4.271269068355398,302,0,102982
E2,E2,N1,co,6,lr,rmse,0.3009482882419834,1.0669421870068456,8.282519439592738,7.981571151350755,302,0,102982
E2,E2,N1,co,6,lr,smape,7.083306138670912,16.25960601283883,62.82260409990506,55.73929796123415,302,0,102982
E2,E2,N1,co,6,lr,mase,0.9005467730361004,1.3675906443947858,3.3570767393711503,2.45652996633505,302,0,102982
E2,E2,N1,co,6,lr,r2,-0.070138562740509,-0.0054388699190019,0.1804282574919979,0.250566820232507,302,0,102982
E2,E1,N1,co,6,lr,mae,0.1240587272445443,0.4617260542747939,7.1489225830010605,7.024863855756516,735,0,250635
E2,E1,N1,co,6,lr,rmse,0.2420372168978327,1.0453970630666114,14.577253895088903,14.33521667819107,735,0,250635
E2,E1,N1,co,6,lr,smape,6.509167969541712,15.267847054105758,64.23174772057398,57.72257975103226,735,0,250635
E2,E1,N1,co,6,lr,mase,0.8917105346980401,1.3672140435323594,2.974858589421592,2.0831480547235515,735,0,250635
E2,E1,N1,co,6,lr,r2,-0.0489288489602348,0.0867451127079581,0.3695373858263,0.4184662347865349,730,5,250635
E2,E3,N1,co,6,lr,mae,5.3697160986338925,5.750980329974215,6.773301643959842,1.4035855453259494,497,1,169209
E2,E3,N1,co,6,lr,rmse,7.077302310863761,7.595561717735044,9.501831937137707,2.424529626273946,497,1,169209
E2,E3,N1,co,6,lr,smape,12.50309862003594,14.424270901690925,17.043441060793597,4.540342440757657,497,1,169209
E2,E3,N1,co,6,lr,mase,1.2177336977060218,1.3228757625307663,1.5951196223137574,0.3773859246077355,497,1,169209
E2,E3,N1,co,6,lr,r2,0.3939027447661364,0.4601268038343657,0.549914575593033,0.1560118308268966,497,1,169209
E2,E2,N1,co,6,ridge,mae,0.1609651831281827,0.5050739222388736,4.432234337749692,4.27126915462151,302,0,102982
E2,E2,N1,co,6,ridge,rmse,0.3009482867782672,1.0669421737437537,8.282519432015873,7.981571145237606,302,0,102982
E2,E2,N1,co,6,ridge,smape,7.083306218698995,16.259605964231216,62.82260428111119,55.7392980624122,302,0,102982
E2,E2,N1,co,6,ridge,mase,0.9005467920096631,1.3675906596271723,3.3570768048438246,2.4565300128341616,302,0,102982
E2,E2,N1,co,6,ridge,r2,-0.0701385782138363,-0.005438861985319,0.1804282606423986,0.250566838856235,302,0,102982
E2,E1,N1,co,6,ridge,mae,0.1240587304973419,0.4617260524478793,7.148922737663982,7.024864007166641,735,0,250635
E2,E1,N1,co,6,ridge,rmse,0.2420372182942064,1.0453970651358384,14.577253781186933,14.335216562892729,735,0,250635
E2,E1,N1,co,6,ridge,smape,6.50916795413732,15.267847388115968,64.23174804867188,57.72258009453456,735,0,250635
E2,E1,N1,co,6,ridge,mase,0.891710530393439,1.3672140784870035,2.97485864791955,2.083148117526111,735,0,250635
E2,E1,N1,co,6,ridge,r2,-0.0489288518715925,0.0867451227554497,0.3695373858760322,0.4184662377476248,730,5,250635
E2,E3,N1,co,6,ridge,mae,5.369716112360947,5.750980288831882,6.773301710920991,1.4035855985600447,497,1,169209
E2,E3,N1,co,6,ridge,rmse,7.077302310537628,7.595561809921846,9.501831945348998,2.4245296348113703,497,1,169209
E2,E3,N1,co,6,ridge,smape,12.503098656374137,14.424270832105776,17.043441007604372,4.540342351230235,497,1,169209
E2,E3,N1,co,6,ridge,mase,1.2177336903358589,1.3228757505110278,1.5951196305473945,0.3773859402115354,497,1,169209
E2,E3,N1,co,6,ridge,r2,0.3939027478268165,0.460126807609211,0.5499145710706526,0.156011823243836,497,1,169209
E2,E2,N1,co,6,rf,mae,0.1395596481102963,0.4152620803746508,3.320261876281191,3.1807022281708948,302,0,102982
E2,E2,N1,co,6,rf,rmse,0.2945038314705746,1.019151682776129,7.765401949785829,7.4708981183152545,302,0,102982
E2,E2,N1,co,6,rf,smape,5.738949609219445,14.960750494316745,46.63149285213734,40.892543242917895,302,0,102982
E2,E2,N1,co,6,rf,mase,0.7522699483796134,1.1838287350566792,2.6160473465512872,1.8637773981716736,302,0,102982
E2,E2,N1,co,6,rf,r2,-0.0345375343643318,0.0746647846513847,0.3678621533350352,0.402399687699367,302,0,102982
E2,E1,N1,co,6,rf,mae,0.1181922813539198,0.4613199323652749,6.854411766883169,6.736219485529249,735,0,250635
E2,E1,N1,co,6,rf,rmse,0.2419348605579755,1.0908895253481148,14.91513364900852,14.673198788450543,735,0,250635
E2,E1,N1,co,6,rf,smape,6.045656321078523,14.643571938329684,61.54072033682178,55.49506401574325,735,0,250635
E2,E1,N1,co,6,rf,mase,0.8140348771419907,1.321453822333126,3.00547947737647,2.19144460023448,735,0,250635
E2,E1,N1,co,6,rf,r2,-0.0402910131745192,0.1093494472120445,0.3822864927750706,0.4225775059495898,730,5,250635
E2,E3,N1,co,6,rf,mae,5.481686513507537,5.916698562368964,6.626329026992959,1.1446425134854223,497,1,169209
E2,E3,N1,co,6,rf,rmse,7.288925391370837,7.813196577479149,9.269360340892137,1.9804349495212976,497,1,169209
E2,E3,N1,co,6,rf,smape,12.756489446550164,14.642662788269,17.424951028475245,4.668461581925081,497,1,169209
E2,E3,N1,co,6,rf,mase,1.2494690760993936,1.3607437503589643,1.55056509611173,0.3010960200123365,497,1,169209
E2,E3,N1,co,6,rf,r2,0.3516926424974796,0.4292969533888738,0.5281845369876662,0.1764918944901865,497,1,169209
E2,E2,N1,co,6,xgb,mae,0.1414886681418161,0.4383375205312453,3.253531908398028,3.112043240256212,302,0,102982
E2,E2,N1,co,6,xgb,rmse,0.3043007217569705,1.0141191463276709,8.068943031871463,7.764642310114493,302,0,102982
E2,E2,N1,co,6,xgb,smape,5.7645948139681895,14.768689454129206,46.30598392961555,40.54138911564736,302,0,102982
E2,E2,N1,co,6,xgb,mase,0.7728845682283941,1.2008001097806054,2.720579692628672,1.9476951244002776,302,0,102982
E2,E2,N1,co,6,xgb,r2,-0.0632794587886883,0.0683705913461457,0.368288741253195,0.4315682000418833,302,0,102982
E2,E1,N1,co,6,xgb,mae,0.1189974692339143,0.4571363057152151,7.5432651085884945,7.42426763935458,735,0,250635
E2,E1,N1,co,6,xgb,rmse,0.2413064222019626,1.0535730734039803,14.461780866206585,14.220474444004624,735,0,250635
E2,E1,N1,co,6,xgb,smape,5.864821251695476,14.839895065416448,61.76563419774068,55.90081294604521,735,0,250635
E2,E1,N1,co,6,xgb,mase,0.8199779476849773,1.36275459966097,3.035918794871515,2.2159408471865376,735,0,250635
E2,E1,N1,co,6,xgb,r2,-0.0586494001611241,0.1114559464120822,0.3734365449752131,0.4320859451363373,730,5,250635
E2,E3,N1,co,6,xgb,mae,5.482625579966764,5.8900150302145216,6.779708988638597,1.297083408671833,497,1,169209
E2,E3,N1,co,6,xgb,rmse,7.271667467489941,7.7902308661039905,9.357398254557642,2.085730787067701,497,1,169209
E2,E3,N1,co,6,xgb,smape,12.780430375639302,14.694116296362765,17.41827647842222,4.63784610278292,497,1,169209
E2,E3,N1,co,6,xgb,mase,1.243114462175706,1.3475461478410429,1.5716049013816338,0.3284904392059278,497,1,169209
E2,E3,N1,co,6,xgb,r2,0.3648519307497501,0.4325637446589864,0.5251665086082038,0.1603145778584537,497,1,169209
E2,E2,N1,co,6,svr,mae,0.1421520972934559,0.41343952877486,3.472283675279537,3.3301315779860814,302,0,102982
E2,E2,N1,co,6,svr,rmse,0.295564005826439,1.0849733007655196,8.51352990388061,8.217965898054171,302,0,102982
E2,E2,N1,co,6,svr,smape,5.715984165590506,14.62764197643656,48.11315847254115,42.397174306950646,302,0,102982
E2,E2,N1,co,6,svr,mase,0.7646533695998685,1.1732926779772397,2.5934413924434585,1.82878802284359,302,0,102982
E2,E2,N1,co,6,svr,r2,-0.144889544871422,-0.0058659797729661,0.2008787335041977,0.3457682783756198,302,0,102982
E2,E1,N1,co,6,svr,mae,0.1055181011767082,0.4468406286157325,6.662860639619943,6.557342538443235,735,0,250635
E2,E1,N1,co,6,svr,rmse,0.2405208964779747,1.0737283711158945,16.414263843927145,16.17374294744917,735,0,250635
E2,E1,N1,co,6,svr,smape,5.625203063477678,13.23878291544793,58.00453645925352,52.37933339577584,735,0,250635
E2,E1,N1,co,6,svr,mase,0.7886734695979414,1.2582777259628242,2.734536084513969,1.945862614916028,735,0,250635
E2,E1,N1,co,6,svr,r2,-0.122723319856479,0.0494684503592742,0.395561115961526,0.5182844358180051,730,5,250635
E2,E3,N1,co,6,svr,mae,5.574962523047103,6.0396810180366245,7.1865250974541,1.6115625744069968,497,1,169209
E2,E3,N1,co,6,svr,rmse,7.614210690497838,8.219798968427087,10.014206446232462,2.399995755734624,497,1,169209
E2,E3,N1,co,6,svr,smape,13.079549029707286,15.3509215090938,18.84741907643461,5.767870046727323,497,1,169209
E2,E3,N1,co,6,svr,mase,1.2743904377401492,1.3901819723656024,1.677886445721779,0.4034960079816299,497,1,169209
E2,E3,N1,co,6,svr,r2,0.2732008194603271,0.3472604105119472,0.428042904511374,0.1548420850510469,497,1,169209
E2,E2,N1,co,12,lr,mae,0.1646879468086924,0.5081538937865375,4.995814840020644,4.831126893211951,302,0,101170
E2,E2,N1,co,12,lr,rmse,0.3041361091042588,1.1119765008325433,8.804570577881645,8.500434468777385,302,0,101170
E2,E2,N1,co,12,lr,smape,7.313960978659057,16.703648714093482,66.56841779471632,59.25445681605727,302,0,101170
E2,E2,N1,co,12,lr,mase,0.8984061434576452,1.4666291797034052,3.742626913389159,2.8442207699315136,302,0,101170
E2,E2,N1,co,12,lr,r2,-0.1013490677369081,-0.0225174047229027,0.1484355829366882,0.2497846506735963,302,0,101170
E2,E1,N1,co,12,lr,mae,0.1251766735420866,0.4813377286880731,8.559651922188248,8.434475248646162,735,0,246225
E2,E1,N1,co,12,lr,rmse,0.2508585458620581,1.0774382066640262,16.05266638748679,15.801807841624733,735,0,246225
E2,E1,N1,co,12,lr,smape,6.8446435425903465,16.21731216327622,68.05426853510124,61.209624992510896,735,0,246225
E2,E1,N1,co,12,lr,mase,0.9304252883617868,1.463782533362047,3.3234232492949407,2.3929979609331538,735,0,246225
E2,E1,N1,co,12,lr,r2,-0.065813575639145,0.0555818008818404,0.2762955254473889,0.342109101086534,730,5,246225
E2,E3,N1,co,12,lr,mae,6.063001208372807,6.524815275901711,8.066008267993384,2.003007059620577,497,1,166203
E2,E3,N1,co,12,lr,rmse,7.976658725445489,8.505761148509944,11.012209687164322,3.035550961718833,497,1,166203
E2,E3,N1,co,12,lr,smape,14.06135285977658,16.469297152891233,19.863753785266105,5.802400925489522,497,1,166203
E2,E3,N1,co,12,lr,mase,1.381091518809221,1.4955385586113406,1.947993443460905,0.566901924651684,497,1,166203
E2,E3,N1,co,12,lr,r2,0.2457156159590953,0.3115107966581605,0.366776589582944,0.1210609736238487,497,1,166203
E2,E2,N1,co,12,ridge,mae,0.1646879515145807,0.5081538991091005,4.995814985535043,4.831127034020462,302,0,101170
E2,E2,N1,co,12,ridge,rmse,0.3041361083342917,1.1119764993726875,8.804570536561595,8.500434428227303,302,0,101170
E2,E2,N1,co,12,ridge,smape,7.313960948909557,16.70364872334492,66.56841868191256,59.25445773300301,302,0,101170
E2,E2,N1,co,12,ridge,mase,0.898406147359714,1.4666292045434055,3.742626929701529,2.844220782341816,302,0,101170
E2,E2,N1,co,12,ridge,r2,-0.101349057751613,-0.022517394125642,0.1484355942221055,0.2497846519737186,302,0,101170
E2,E1,N1,co,12,ridge,mae,0.1251766731414897,0.4813377414798534,8.559651994747668,8.434475321606179,735,0,246225
E2,E1,N1,co,12,ridge,rmse,0.2508585455463207,1.0774382092988417,16.052666476983042,15.801807931436722,735,0,246225
E2,E1,N1,co,12,ridge,smape,6.844643585590652,16.21731226023804,68.05426851561725,61.2096249300266,735,0,246225
E2,E1,N1,co,12,ridge,mase,0.930425306525694,1.4637825220091216,3.323423287977826,2.3929979814521323,735,0,246225
E2,E1,N1,co,12,ridge,r2,-0.0658135623536411,0.0555818133125161,0.2762955215496786,0.3421090839033197,730,5,246225
E2,E3,N1,co,12,ridge,mae,6.063001152726252,6.52481524501743,8.066008315234429,2.003007162508177,497,1,166203
E2,E3,N1,co,12,ridge,rmse,7.976658752769317,8.505761158523423,11.012209729661564,3.0355509768922486,497,1,166203
E2,E3,N1,co,12,ridge,smape,14.061352832782736,16.469297258622653,19.86375376904544,5.802400936262705,497,1,166203
E2,E3,N1,co,12,ridge,mase,1.3810915068164245,1.4955385530370957,1.947993435679425,0.5669019288630006,497,1,166203
E2,E3,N1,co,12,ridge,r2,0.2457156088861815,0.3115107929715622,0.3667765917040303,0.1210609828178488,497,1,166203
E2,E2,N1,co,12,rf,mae,0.146738123570523,0.4426049420886506,3.68215543270281,3.5354173091322867,302,0,101170
E2,E2,N1,co,12,rf,rmse,0.2884411138644212,1.1151356307632765,7.863882470774687,7.575441356910265,302,0,101170
E2,E2,N1,co,12,rf,smape,6.171520381680033,15.49656699475953,50.1159986333384,43.94447825165837,302,0,101170
E2,E2,N1,co,12,rf,mase,0.7915510042240139,1.2446812044318962,3.13861289529118,2.347061891067166,302,0,101170
E2,E2,N1,co,12,rf,r2,-0.0735856861349711,0.0184849527580652,0.2724921563146112,0.3460778424495823,302,0,101170
E2,E1,N1,co,12,rf,mae,0.1204196352290507,0.5002738815552247,9.147053613676828,9.026633978447776,735,0,246225
E2,E1,N1,co,12,rf,rmse,0.259435502525704,1.0653192147357655,16.48944951404907,16.230014011523366,735,0,246225
E2,E1,N1,co,12,rf,smape,6.60062588914784,15.878590058792987,65.63728650767155,59.036660618523705,735,0,246225
E2,E1,N1,co,12,rf,mase,0.8436434454441748,1.3599137603836855,3.326413093854588,2.4827696484104136,735,0,246225
E2,E1,N1,co,12,rf,r2,-0.0600654345252317,0.0454529614608874,0.2639183560674882,0.32398379059272,730,5,246225
E2,E3,N1,co,12,rf,mae,6.119217357292889,6.579243957526525,7.9374516083923154,1.818234251099426,497,1,166203
E2,E3,N1,co,12,rf,rmse,7.99374063337239,8.611782404840524,11.095836508992669,3.1020958756202788,497,1,166203
E2,E3,N1,co,12,rf,smape,14.123268427966895,16.511399323487495,20.15663483418865,6.033366406221759,497,1,166203
E2,E3,N1,co,12,rf,mase,1.3913503872156718,1.505678247106608,1.8853714053114068,0.4940210180957349,497,1,166203
E2,E3,N1,co,12,rf,r2,0.2215994136394414,0.2910173930436122,0.3510863548819156,0.1294869412424741,497,1,166203
E2,E2,N1,co,12,xgb,mae,0.153283275656872,0.4612006729347381,3.755048748819497,3.6017654731626245,302,0,101170
E2,E2,N1,co,12,xgb,rmse,0.2966361238058698,1.1350168085518395,7.419563942508374,7.122927818702504,302,0,101170
E2,E2,N1,co,12,xgb,smape,6.475532646627546,16.559358568492684,56.36279651028404,49.8872638636565,302,0,101170
E2,E2,N1,co,12,xgb,mase,0.8191058823535938,1.3182862749752875,3.038349819681541,2.219243937327948,302,0,101170
E2,E2,N1,co,12,xgb,r2,-0.0973619425532983,0.0092731660691316,0.2963001839055296,0.393662126458828,302,0,101170
E2,E1,N1,co,12,xgb,mae,0.1229658533534448,0.5104514427935137,8.464723267069946,8.3417574137165,735,0,246225
E2,E1,N1,co,12,xgb,rmse,0.262489757302612,1.1217222710170665,15.912431914328224,15.649942157025611,735,0,246225
E2,E1,N1,co,12,xgb,smape,6.513826969217169,16.16456712785669,65.37718131942704,58.86335435020987,735,0,246225
E2,E1,N1,co,12,xgb,mase,0.858898960095948,1.4308661697216762,3.3781258843771464,2.5192269242811984,735,0,246225
E2,E1,N1,co,12,xgb,r2,-0.0980712515925985,0.0364770253394793,0.2470286548137015,0.3450999064063,730,5,246225
E2,E3,N1,co,12,xgb,mae,6.222623676401078,6.682351785517357,8.014131044944332,1.791507368543254,497,1,166203
E2,E3,N1,co,12,xgb,rmse,8.117279383910113,8.730972740722162,11.189997716090286,3.072718332180173,497,1,166203
E2,E3,N1,co,12,xgb,smape,14.353466932293642,16.616946486046157,20.20966866455496,5.856201732261315,497,1,166203
E2,E3,N1,co,12,xgb,mase,1.4116204409656514,1.5323083735050271,1.8731023335027783,0.4614818925371271,497,1,166203
E2,E3,N1,co,12,xgb,r2,0.204572131729448,0.2847571786102083,0.3555268996309412,0.1509547679014932,497,1,166203
E2,E2,N1,co,12,svr,mae,0.1384659875766974,0.371970482499715,3.762643253867019,3.6241772662903218,302,0,101170
E2,E2,N1,co,12,svr,rmse,0.2776602090741619,1.0637618325931752,9.1076468475376,8.829986638463438,302,0,101170
E2,E2,N1,co,12,svr,smape,5.910939570294776,13.387036214070294,48.311468609373335,42.40052903907856,302,0,101170
E2,E2,N1,co,12,svr,mase,0.7291097770426425,1.1421976346855185,3.082849255312797,2.353739478270155,302,0,101170
E2,E2,N1,co,12,svr,r2,-0.1879181051109403,-0.0277648000067347,0.1395802826714886,0.327498387782429,302,0,101170
E2,E1,N1,co,12,svr,mae,0.1066614345594876,0.4146542459826636,8.08953236348955,7.982870928930062,735,0,246225
E2,E1,N1,co,12,svr,rmse,0.2423237521509439,1.0457809022973366,16.990233895218864,16.74791014306792,735,0,246225
E2,E1,N1,co,12,svr,smape,5.524116018746994,13.417981831650849,62.62189107503767,57.09777505629067,735,0,246225
E2,E1,N1,co,12,svr,mase,0.792126822753224,1.2367457032141504,3.0597015187502614,2.267574695997037,735,0,246225
E2,E1,N1,co,12,svr,r2,-0.0696382151763332,0.0215931531453953,0.287252881246633,0.3568910964229663,730,5,246225
E2,E3,N1,co,12,svr,mae,6.208460178038761,6.766544711315116,8.379884466920574,2.1714242888818127,497,1,166203
E2,E3,N1,co,12,svr,rmse,8.296889419580477,9.035258689380283,11.576590821788187,3.27970140220771,497,1,166203
E2,E3,N1,co,12,svr,smape,14.443243466582484,17.475842243133222,21.5826296512842,7.13938618470171,497,1,166203
E2,E3,N1,co,12,svr,mase,1.42713707262418,1.5384022640028443,2.0307768948038056,0.6036398221796255,497,1,166203
E2,E3,N1,co,12,svr,r2,0.1265693159091415,0.2126752355229199,0.2828828046982955,0.1563134887891539,497,1,166203
E3,E3,N1,co,1,lr,mae,3.8865624096111113,4.123485349446755,4.529891799803882,0.6433293901927706,497,1,171716
E3,E3,N1,co,1,lr,rmse,5.07438106675455,5.401798380954232,6.0242628295741385,0.9498817628195884,497,1,171716
E3,E3,N1,co,1,lr,smape,8.92999130116829,10.229026270158844,12.109631947919638,3.1796406467513485,497,1,171716
E3,E3,N1,co,1,lr,mase,0.8846011388367518,0.940822604549716,1.0318502870445627,0.1472491482078108,497,1,171716
E3,E3,N1,co,1,lr,r2,0.6898483490959295,0.7250179820123304,0.84740521401361,0.1575568649176805,497,1,171716
E3,E1,N1,co,1,lr,mae,0.1259067719186077,0.4171390742126921,4.358691998850851,4.232785226932244,735,0,254310
E3,E1,N1,co,1,lr,rmse,0.254294580733217,1.060969108733553,8.235439349242847,7.981144768509631,735,0,254310
E3,E1,N1,co,1,lr,smape,5.492797762505242,14.100331206082492,46.592869762254274,41.10007199974904,735,0,254310
E3,E1,N1,co,1,lr,mase,0.8580989979785358,1.1441960050011133,1.7137038678179866,0.8556048698394507,735,0,254310
E3,E1,N1,co,1,lr,r2,-0.1423433619764768,0.2613468755951778,0.7017898362821147,0.8441331982585915,730,5,254310
E3,E2,N1,co,1,lr,mae,0.154452828440976,0.4562684120467565,2.467463050682487,2.313010222241511,302,0,104492
E3,E2,N1,co,1,lr,rmse,0.3147667412839406,1.020411905003578,4.860362371098996,4.545595629815056,302,0,104492
E3,E2,N1,co,1,lr,smape,5.856667827889802,14.374733594469811,41.60997587408706,35.75330804619726,302,0,104492
E3,E2,N1,co,1,lr,mase,0.8288441324177345,1.075224607241628,2.105783988576212,1.2769398561584775,302,0,104492
E3,E2,N1,co,1,lr,r2,-0.3118186264575105,0.151308410416201,0.6187437631647293,0.93056238962224,302,0,104492
E3,E3,N1,co,1,ridge,mae,3.8866476057328345,4.123536352696605,4.531049297519769,0.6444016917869346,497,1,171716
E3,E3,N1,co,1,ridge,rmse,5.074506780083025,5.402547920467619,6.025442608534832,0.950935828451807,497,1,171716
E3,E3,N1,co,1,ridge,smape,8.930415974506184,10.229244506349056,12.110545914342245,3.1801299398360605,497,1,171716
E3,E3,N1,co,1,ridge,mase,0.8845579610977589,0.9408433952311308,1.031978568390732,0.147420607292973,497,1,171716
E3,E3,N1,co,1,ridge,r2,0.6898539528557345,0.7250266857281604,0.8473759318614961,0.1575219790057616,497,1,171716
E3,E1,N1,co,1,ridge,mae,0.1259489943528737,0.4174499757818356,4.36004838586124,4.234099391508366,735,0,254310
E3,E1,N1,co,1,ridge,rmse,0.25426659975113,1.06076992528792,8.236060072972421,7.981793473221291,735,0,254310
E3,E1,N1,co,1,ridge,smape,5.493005412548543,14.10508692617371,46.62590986220336,41.132904449654816,735,0,254310
E3,E1,N1,co,1,ridge,mase,0.858732735251471,1.1448613826285043,1.7147738025176444,0.8560410672661735,735,0,254310
E3,E1,N1,co,1,ridge,r2,-0.1419855119377434,0.2615457632210886,0.7018350975489169,0.8438206094866603,730,5,254310
E3,E2,N1,co,1,ridge,mae,0.1544358415964259,0.4564770986816112,2.46765196599317,2.313216124396744,302,0,104492
E3,E2,N1,co,1,ridge,rmse,0.3147273377895258,1.02031229873365,4.860400848737579,4.5456735109480535,302,0,104492
E3,E2,N1,co,1,ridge,smape,5.862308100679127,14.371947819870682,41.58131635471917,35.71900825404004,302,0,104492
E3,E2,N1,co,1,ridge,mase,0.8292032347329461,1.0755510741120036,2.104716952495451,1.275513717762505,302,0,104492
E3,E2,N1,co,1,ridge,r2,-0.3114254903503589,0.1513509341848037,0.6188022335587907,0.9302277239091497,302,0,104492
E3,E3,N1,co,1,rf,mae,3.843070991135933,4.074258309236794,4.3448448692380754,0.5017738781021426,497,1,171716
E3,E3,N1,co,1,rf,rmse,5.075724429092904,5.402774876533899,5.964437011210501,0.8887125821175976,497,1,171716
E3,E3,N1,co,1,rf,smape,8.797823150642897,10.08122197480281,11.87136260201064,3.0735394513677434,497,1,171716
E3,E3,N1,co,1,rf,mase,0.8719201299768251,0.9209428942538314,0.9926004992017968,0.1206803692249718,497,1,171716
E3,E3,N1,co,1,rf,r2,0.6849939144377319,0.722571892634889,0.8351592348024465,0.1501653203647145,497,1,171716
E3,E1,N1,co,1,rf,mae,0.1111181699540816,0.3648304351645449,3.942071317181697,3.830953147227616,735,0,254310
E3,E1,N1,co,1,rf,rmse,0.2393096546616557,0.989548418659574,8.663906704732579,8.424597050070924,735,0,254310
E3,E1,N1,co,1,rf,smape,5.062432201474033,12.52196060543682,37.99557443322979,32.93314223175576,735,0,254310
E3,E1,N1,co,1,rf,mase,0.7904923052057893,0.9968026042368228,1.5146586311751702,0.7241663259693809,735,0,254310
E3,E1,N1,co,1,rf,r2,0.0129127000016373,0.2803891457044485,0.6582385615225752,0.6453258615209378,730,5,254310
E3,E2,N1,co,1,rf,mae,0.1408727925491529,0.3636268897850849,2.4008436411804586,2.2599708486313057,302,0,104492
E3,E2,N1,co,1,rf,rmse,0.2958192615613902,0.9519066918357084,5.666349232872601,5.3705299713112105,302,0,104492
E3,E2,N1,co,1,rf,smape,5.758602196315053,12.929109284583252,35.6333289103929,29.874726714077845,302,0,104492
E3,E2,N1,co,1,rf,mase,0.7801033143703637,1.007367035191874,1.8685596391443573,1.088456324773994,302,0,104492
E3,E2,N1,co,1,rf,r2,-0.0826144120474481,0.140612887705125,0.556891614711013,0.6395060267584611,302,0,104492
E3,E3,N1,co,1,xgb,mae,3.81937010566344,4.067760980017522,4.876342072355577,1.0569719666921369,497,1,171716
E3,E3,N1,co,1,xgb,rmse,4.987498542676172,5.370902813252791,7.160289698265455,2.172791155589283,497,1,171716
E3,E3,N1,co,1,xgb,smape,8.946241820216239,10.396104504055838,12.109473150255562,3.163231330039324,497,1,171716
E3,E3,N1,co,1,xgb,mase,0.8678229239594959,0.9214924464571994,1.1147214536191332,0.2468985296596373,497,1,171716
E3,E3,N1,co,1,xgb,r2,0.6925908300486561,0.7249868353009461,0.7646964619874492,0.0721056319387931,497,1,171716
E3,E1,N1,co,1,xgb,mae,0.1232477330968502,0.4216164956528864,4.396917034323961,4.273669301227111,735,0,254310
E3,E1,N1,co,1,xgb,rmse,0.2500772856122441,1.021016476134108,8.787365653421903,8.537288367809658,735,0,254310
E3,E1,N1,co,1,xgb,smape,5.4850466963464,14.441701804679273,44.809119800641874,39.32407310429547,735,0,254310
E3,E1,N1,co,1,xgb,mase,0.8471629160714315,1.132004734741264,1.6263767653269865,0.7792138492555548,735,0,254310
E3,E1,N1,co,1,xgb,r2,-0.0477848225573308,0.2586978151986422,0.6371514944118275,0.6849363169691582,730,5,254310
E3,E2,N1,co,1,xgb,mae,0.146098708773069,0.4167716493828506,2.6923953225242774,2.5462966137512084,302,0,104492
E3,E2,N1,co,1,xgb,rmse,0.3010161719477207,0.9786189785933408,6.30820370870993,6.007187536762209,302,0,104492
E3,E2,N1,co,1,xgb,smape,5.897281674171967,13.773485196350112,38.84344536756526,32.946163693393295,302,0,104492
E3,E2,N1,co,1,xgb,mase,0.8122334891145225,1.0529550724829868,1.9685982558131567,1.1563647666986347,302,0,104492
E3,E2,N1,co,1,xgb,r2,-0.1372621471430886,0.1678205704334887,0.4671872673213794,0.604449414464468,302,0,104492
E3,E3,N1,co,1,svr,mae,4.401376281802008,4.710770520214233,6.417996436401932,2.0166201545999245,497,1,171716
E3,E3,N1,co,1,svr,rmse,5.630295509421166,6.037516033112648,9.534666711858824,3.904371202437658,497,1,171716
E3,E3,N1,co,1,svr,smape,10.47474063003437,12.771748757062824,16.32614768815202,5.851407058117649,497,1,171716
E3,E3,N1,co,1,svr,mase,1.0047830193406817,1.0679695312840571,1.65839159707271,0.6536085777320284,497,1,171716
E3,E3,N1,co,1,svr,r2,0.5014900568257803,0.6182740031508835,0.6620161107604006,0.1605260539346202,497,1,171716
E3,E1,N1,co,1,svr,mae,0.1389967609274944,0.4781247320296756,5.36188842298095,5.222891662053456,735,0,254310
E3,E1,N1,co,1,svr,rmse,0.2506257298461559,1.0383018870232232,11.314018562458187,11.063392832612031,735,0,254310
E3,E1,N1,co,1,svr,smape,6.370497254216135,17.356445933460357,53.97342032175989,47.60292306754376,735,0,254310
E3,E1,N1,co,1,svr,mase,0.9346911894951612,1.286191911218649,2.0039664876039653,1.0692752981088045,735,0,254310
E3,E1,N1,co,1,svr,r2,-0.0859869476463107,0.1289187174755198,0.5073031816821226,0.5932901293284334,730,5,254310
E3,E2,N1,co,1,svr,mae,0.1938322338296526,0.5693343220657265,4.72023947875995,4.526407244930297,302,0,104492
E3,E2,N1,co,1,svr,rmse,0.3272620894895776,1.1798467289453505,7.792198217815661,7.464936128326083,302,0,104492
E3,E2,N1,co,1,svr,smape,8.26926946898218,20.526504819767432,87.30720691188822,79.03793744290604,302,0,104492
E3,E2,N1,co,1,svr,mase,1.022249023560164,1.5278168331931798,2.980603845831728,1.958354822271564,302,0,104492
E3,E2,N1,co,1,svr,r2,-0.2809984349474836,-0.0016339115885641,0.1914338430568763,0.47243227800436,302,0,104492
E3,E3,N1,co,6,lr,mae,5.189983527538798,5.573091317178596,6.968246606597978,1.7782630790591796,497,1,169209
E3,E3,N1,co,6,lr,rmse,6.798401763305971,7.303798814332492,10.070582218623734,3.272180455317764,497,1,169209
E3,E3,N1,co,6,lr,smape,12.51962023877373,14.583671744392388,17.29666558350386,4.77704534473013,497,1,169209
E3,E3,N1,co,6,lr,mase,1.1772774201137184,1.28647483112717,1.70661736390361,0.5293399437898916,497,1,169209
E3,E3,N1,co,6,lr,r2,0.4267435096005919,0.4968596285682091,0.54586855475423,0.119125045153638,497,1,169209
E3,E1,N1,co,6,lr,mae,0.159905566770856,0.6544497946628254,8.541063946373297,8.381158379602441,735,0,250635
E3,E1,N1,co,6,lr,rmse,0.2721900825652571,1.1453439426653185,15.810751787961458,15.5385617053962,735,0,250635
E3,E1,N1,co,6,lr,smape,8.142223428008386,20.02898159507492,71.96132036691466,63.81909693890628,735,0,250635
E3,E1,N1,co,6,lr,mase,1.1252088886493257,1.7168134984921806,3.55149114528447,2.4262822566351447,735,0,250635
E3,E1,N1,co,6,lr,r2,-0.195862245151169,-0.0544784585817889,0.2884928045453088,0.4843550496964778,730,5,250635
E3,E2,N1,co,6,lr,mae,0.2050215283764477,0.6441257157320792,5.035077361727623,4.830055833351175,302,0,102982
E3,E2,N1,co,6,lr,rmse,0.3360300737915616,1.2600922609718233,8.792396145406471,8.456366071614909,302,0,102982
E3,E2,N1,co,6,lr,smape,9.559530083258233,22.889004066346985,81.19633393566471,71.63680385240647,302,0,102982
E3,E2,N1,co,6,lr,mase,1.0601039449591785,1.72928310180218,3.764139425132573,2.704035480173395,302,0,102982
E3,E2,N1,co,6,lr,r2,-0.2817621611594448,-0.1287212318219399,0.1267085575295847,0.4084707186890295,302,0,102982
E3,E3,N1,co,6,ridge,mae,5.190347985215348,5.573210813377036,6.9686307802394944,1.7782827950241469,497,1,169209
E3,E3,N1,co,6,ridge,rmse,6.798485593389632,7.303946679081915,10.070538666303346,3.272053072913714,497,1,169209
E3,E3,N1,co,6,ridge,smape,12.520025451454403,14.583776097424206,17.296241234734104,4.776215783279699,497,1,169209
E3,E3,N1,co,6,ridge,mase,1.1773162702942226,1.2864557881279457,1.7065386049689586,0.529222334674736,497,1,169209
E3,E3,N1,co,6,ridge,r2,0.4267302980124948,0.4969354563339149,0.5459084608485818,0.1191781628360869,497,1,169209
E3,E1,N1,co,6,ridge,mae,0.1599506812059803,0.6545053248826188,8.541515134869604,8.381564453663623,735,0,250635
E3,E1,N1,co,6,ridge,rmse,0.2721983122711593,1.1453632587558042,15.809891200428297,15.537692888157135,735,0,250635
E3,E1,N1,co,6,ridge,smape,8.143287067430968,20.031416639638355,71.96013868856761,63.81685162113664,735,0,250635
E3,E1,N1,co,6,ridge,mase,1.1254279176913171,1.7168125019998932,3.55179355117315,2.426365633481833,735,0,250635
E3,E1,N1,co,6,ridge,r2,-0.1957029388045649,-0.0542888808462072,0.2885854314153149,0.4842883702198798,730,5,250635
E3,E2,N1,co,6,ridge,mae,0.2050463270302688,0.6442294540406077,5.035377546823554,4.830331219793285,302,0,102982
E3,E2,N1,co,6,ridge,rmse,0.3360270785185683,1.2598976845945151,8.791259857791182,8.455232779272613,302,0,102982
E3,E2,N1,co,6,ridge,smape,9.561571935669225,22.890075623712377,81.1686862031205,71.60711426745128,302,0,102982
E3,E2,N1,co,6,ridge,mase,1.0604333602736404,1.729855491953157,3.764213605557504,2.703780245283864,302,0,102982
E3,E2,N1,co,6,ridge,r2,-0.2817029727194455,-0.1286028982113735,0.1265729742265262,0.4082759469459717,302,0,102982
E3,E3,N1,co,6,rf,mae,5.177579057740736,5.601505065772504,6.890525629722027,1.7129465719812904,497,1,169209
E3,E3,N1,co,6,rf,rmse,6.626803341703765,7.183536606210457,9.8133936319548,3.1865902902510364,497,1,169209
E3,E3,N1,co,6,rf,smape,12.249962733033689,14.430611822196248,17.311830641991747,5.0618679089580585,497,1,169209
E3,E3,N1,co,6,rf,mase,1.1806057735122053,1.287774239862596,1.6432858326001516,0.4626800590879463,497,1,169209
E3,E3,N1,co,6,rf,r2,0.4616992149433114,0.5060498257343975,0.5612240156004678,0.0995248006571563,497,1,169209
E3,E1,N1,co,6,rf,mae,0.1853434588779061,0.6952803191705279,8.921810433027034,8.736466974149128,735,0,250635
E3,E1,N1,co,6,rf,rmse,0.2980312191379174,1.1840505550030826,16.130365621847062,15.832334402709144,735,0,250635
E3,E1,N1,co,6,rf,smape,8.558509578225276,22.04397374540201,70.43303244014952,61.87452286192424,735,0,250635
E3,E1,N1,co,6,rf,mase,1.234824416973988,1.833738660321254,3.485751405885458,2.2509269889114703,735,0,250635
E3,E1,N1,co,6,rf,r2,-0.3845025808703556,-0.1327049876538332,0.1032312822795055,0.4877338631498611,730,5,250635
E3,E2,N1,co,6,rf,mae,0.2016684025739941,0.564265984955582,4.509260301518085,4.307591898944091,302,0,102982
E3,E2,N1,co,6,rf,rmse,0.3481861983895949,1.2360323395457744,9.229504550210862,8.881318351821267,302,0,102982
E3,E2,N1,co,6,rf,smape,8.87159204322093,21.49814420576397,63.60336921741007,54.73177717418914,302,0,102982
E3,E2,N1,co,6,rf,mase,1.066945852672942,1.6583543308100837,3.5262964228155544,2.4593505701426124,302,0,102982
E3,E2,N1,co,6,rf,r2,-0.4301848155608692,-0.1866979424331371,0.0179566105158401,0.4481414260767094,302,0,102982
E3,E3,N1,co,6,xgb,mae,5.069694912446007,5.480163327326824,6.649455256778214,1.5797603443322077,497,1,169209
E3,E3,N1,co,6,xgb,rmse,6.598560827094803,7.128507858311432,9.698705637802206,3.1001448107074028,497,1,169209
E3,E3,N1,co,6,xgb,smape,11.987901605862358,14.066671020757118,16.872813529462096,4.884911923599738,497,1,169209
E3,E3,N1,co,6,xgb,mase,1.1515165339386386,1.2549963519195098,1.6113421288733216,0.459825594934683,497,1,169209
E3,E3,N1,co,6,xgb,r2,0.4530666576515827,0.5128307847612258,0.5649663851365516,0.1118997274849689,497,1,169209
E3,E1,N1,co,6,xgb,mae,0.1660384549697525,0.5774867266018655,8.35616593828929,8.190127483319538,735,0,250635
E3,E1,N1,co,6,xgb,rmse,0.2824567796155064,1.12926631146847,15.742275512108987,15.45981873249348,735,0,250635
E3,E1,N1,co,6,xgb,smape,8.056065073741792,19.902548255720543,71.40388348255195,63.34781840881016,735,0,250635
E3,E1,N1,co,6,xgb,mase,1.129130051072567,1.6288660540276805,3.273971489034624,2.144841437962057,735,0,250635
E3,E1,N1,co,6,xgb,r2,-0.2571019392515548,-0.0473798490977536,0.172985056240536,0.4300869954920908,730,5,250635
E3,E2,N1,co,6,xgb,mae,0.1865736124120111,0.532633949178051,4.085081886247442,3.8985082738354313,302,0,102982
E3,E2,N1,co,6,xgb,rmse,0.3306820219123827,1.1635584925481708,8.64476517419948,8.314083152287097,302,0,102982
E3,E2,N1,co,6,xgb,smape,8.546232543769126,19.804619927481887,70.66031404632349,62.11408150255437,302,0,102982
E3,E2,N1,co,6,xgb,mase,1.0027464082422888,1.4938389791642417,3.333064297643623,2.330317889401334,302,0,102982
E3,E2,N1,co,6,xgb,r2,-0.3512142385854157,-0.1016410415056304,0.0417737719464378,0.3929880105318535,302,0,102982
E3,E3,N1,co,6,svr,mae,5.07131733662059,5.479970962118502,8.194909492090362,3.1235921554697725,497,1,169209
E3,E3,N1,co,6,svr,rmse,6.621812998338264,7.177239631914799,12.47194361770158,5.850130619363316,497,1,169209
E3,E3,N1,co,6,svr,smape,12.260181137915309,14.743057234848944,19.123370440752925,6.863189302837618,497,1,169209
E3,E3,N1,co,6,svr,mase,1.1558876345541704,1.2609914982279276,2.056723751420098,0.9008361168659276,497,1,169209
E3,E3,N1,co,6,svr,r2,0.1396567874646688,0.4531599116514018,0.5318136762039338,0.392156888739265,497,1,169209
E3,E1,N1,co,6,svr,mae,0.143783710051305,0.5179075499696032,8.263156519650185,8.119372809598879,735,0,250635
E3,E1,N1,co,6,svr,rmse,0.2638979118748307,1.098963011721359,16.42103353475961,16.157135622884777,735,0,250635
E3,E1,N1,co,6,svr,smape,7.262409902119672,17.66537992121692,64.89391267555732,57.631502773437646,735,0,250635
E3,E1,N1,co,6,svr,mase,0.9990085995729177,1.434765929764348,2.996792641675209,1.997784042102292,735,0,250635
E3,E1,N1,co,6,svr,r2,-0.1603377739953142,-0.0230973965237331,0.1968608722400123,0.3571986462353266,730,5,250635
E3,E2,N1,co,6,svr,mae,0.1732585269968106,0.4638012189634145,3.748619874903583,3.5753613479067723,302,0,102982
E3,E2,N1,co,6,svr,rmse,0.3184499687854809,1.088905516621017,8.567184819493727,8.248734850708246,302,0,102982
E3,E2,N1,co,6,svr,smape,7.178760624993222,16.37459425181591,63.49064810485312,56.31188747985989,302,0,102982
E3,E2,N1,co,6,svr,mase,0.9251514219370444,1.3386099049739344,2.8962484062702947,1.9710969843332504,302,0,102982
E3,E2,N1,co,6,svr,r2,-0.2761694406206868,-0.0764192361771398,0.0173492460322921,0.293518686652979,302,0,102982
E3,E3,N1,co,12,lr,mae,5.740105687562326,6.192862841843074,8.440942836166082,2.700837148603756,497,1,166203
E3,E3,N1,co,12,lr,rmse,7.457089159777372,7.994807429403769,12.428960861043977,4.971871701266606,497,1,166203
E3,E3,N1,co,12,lr,smape,13.973532065980333,16.39718386198254,20.16603705877554,6.192504992795207,497,1,166203
E3,E3,N1,co,12,lr,mase,1.30668757507048,1.4316592056484685,2.0995687287545066,0.7928811536840266,497,1,166203
E3,E3,N1,co,12,lr,r2,0.2390648519347628,0.3297989191141104,0.4033986153053537,0.1643337633705909,497,1,166203
E3,E1,N1,co,12,lr,mae,0.1867261249045857,0.7797665655640406,11.35723001764891,11.170503892744323,735,0,246225
E3,E1,N1,co,12,lr,rmse,0.2912734137438699,1.2362790964601227,16.72604477250316,16.43477135875929,735,0,246225
E3,E1,N1,co,12,lr,smape,9.51563103844874,24.995414961826285,80.877196138501,71.36156510005226,735,0,246225
E3,E1,N1,co,12,lr,mase,1.3038924048863727,2.0034292974514836,4.481642096604121,3.1777496917177483,735,0,246225
E3,E1,N1,co,12,lr,r2,-0.34103041386172944,-0.13385397601459947,0.08831140563617179,0.42934181949790123,730,5,246225
E3,E2,N1,co,12,lr,mae,0.23307842285841526,0.8002539725024668,5.841041607738183,5.607963184879768,302,0,101170
E3,E2,N1,co,12,lr,rmse,0.35027508096182214,1.3198621599758362,9.737968879510042,9.38769379854822,302,0,101170
E3,E2,N1,co,12,lr,smape,11.195664909034424,28.05684396564393,99.43019108233285,88.23452617329843,302,0,101170
E3,E2,N1,co,12,lr,mase,1.2131897755523922,2.141561189317789,4.6348522747915135,3.4216624992391216,302,0,101170
E3,E2,N1,co,12,lr,r2,-0.4880899182272107,-0.21184516956904786,-0.043649690588267676,0.44444022763894303,302,0,101170
E3,E3,N1,co,12,ridge,mae,5.7405431878931585,6.192868507284412,8.441173501009795,2.700630313116636,497,1,166203
E3,E3,N1,co,12,ridge,rmse,7.457204397389325,7.994894300875922,12.430031358249108,4.972826960859783,497,1,166203
E3,E3,N1,co,12,ridge,smape,13.97252133556962,16.396780417469007,20.16640410271409,6.193882767144469,497,1,166203
E3,E3,N1,co,12,ridge,mase,1.3065914604716335,1.431528543931381,2.0995615142894297,0.7929700538177962,497,1,166203
E3,E3,N1,co,12,ridge,r2,0.23912103813465124,0.32991616666963,0.40344503323769554,0.1643239951030443,497,1,166203
E3,E1,N1,co,12,ridge,mae,0.18670215053383724,0.77971947814687,11.358636990840795,11.171934840306958,735,0,246225
E3,E1,N1,co,12,ridge,rmse,0.2912347048327359,1.2358878164839464,16.727750703836087,16.43651599900335,735,0,246225
E3,E1,N1,co,12,ridge,smape,9.517444255631851,24.984405963172172,80.88726251754258,71.36981826191072,735,0,246225
E3,E1,N1,co,12,ridge,mase,1.3038887356635793,2.002461337474563,4.481944819571881,3.1780560839083014,735,0,246225
E3,E1,N1,co,12,ridge,r2,-0.3407259549971509,-0.1339710618916361,0.08859814147511327,0.4293240964722642,730,5,246225
E3,E2,N1,co,12,ridge,mae,0.2330668807109091,0.7998829937812469,5.838158323614344,5.605091442903435,302,0,101170
E3,E2,N1,co,12,ridge,rmse,0.3501843432613029,1.3195980227401156,9.739118599904081,9.388934256642779,302,0,101170
E3,E2,N1,co,12,ridge,smape,11.18924117466405,28.04641471441247,99.3783935804358,88.18915240577175,302,0,101170
E3,E2,N1,co,12,ridge,mase,1.2126894982296699,2.1410658232043867,4.6352859171007985,3.4225964188711284,302,0,101170
E3,E2,N1,co,12,ridge,r2,-0.4879649261777106,-0.2107675466565092,-0.043546061617997234,0.44441886455971336,302,0,101170
E3,E3,N1,co,12,rf,mae,5.331459515724557,5.781667169417177,7.939246802369809,2.6077872866452516,497,1,166203
E3,E3,N1,co,12,rf,rmse,6.915119497979211,7.466041425206569,11.60816521183106,4.693045713851849,497,1,166203
E3,E3,N1,co,12,rf,smape,12.787371334073521,15.009944393295862,18.53125285522737,5.743881521153847,497,1,166203
E3,E3,N1,co,12,rf,mase,1.2044762217884435,1.3310992482075452,1.9415563483908753,0.7370801266024318,497,1,166203
E3,E3,N1,co,12,rf,r2,0.30536469146214273,0.42597366322332175,0.4978752016966722,0.19251051023452947,497,1,166203
E3,E1,N1,co,12,rf,mae,0.21897590322545077,0.7966816876523773,11.24972790494484,11.03075200171939,735,0,246225
E3,E1,N1,co,12,rf,rmse,0.3295185269408152,1.2721163950080263,17.485158351500715,17.1556398245599,735,0,246225
E3,E1,N1,co,12,rf,smape,10.136104802419826,25.792263654750307,81.46358466411431,71.32747986169448,735,0,246225
E3,E1,N1,co,12,rf,mase,1.4384905705047695,2.1209218801743663,4.213125337968247,2.7746347674634775,735,0,246225
E3,E1,N1,co,12,rf,r2,-0.6113473547003908,-0.31440849103877877,-0.04938044710575845,0.5619669075946323,730,5,246225
E3,E2,N1,co,12,rf,mae,0.2297870516530332,0.6719080446082604,5.839971430490355,5.610184378837322,302,0,101170
E3,E2,N1,co,12,rf,rmse,0.36425980672156927,1.3269597572126293,10.071045285440078,9.706785478718508,302,0,101170
E3,E2,N1,co,12,rf,smape,10.414392610523475,24.777214832851477,87.5361264675363,77.12173385701283,302,0,101170
E3,E2,N1,co,12,rf,mase,1.2175713823843188,1.8849288007628036,4.386376857202333,3.1688054748180146,302,0,101170
E3,E2,N1,co,12,rf,r2,-0.7019475725864532,-0.31836910716026856,-0.09442059804407554,0.6075269745423777,302,0,101170
E3,E3,N1,co,12,xgb,mae,5.576776946035544,6.025881900556685,7.630181099653713,2.0534041536181693,497,1,166203
E3,E3,N1,co,12,xgb,rmse,7.395670640243102,7.914525855413772,11.072926671200593,3.6772560309574907,497,1,166203
E3,E3,N1,co,12,xgb,smape,13.327534281089083,15.893055479546057,18.75782925384481,5.430294972755728,497,1,166203
E3,E3,N1,co,12,xgb,mase,1.2678636460386097,1.3914690823893645,1.845614533191994,0.5777508871533843,497,1,166203
E3,E3,N1,co,12,xgb,r2,0.3183257285492581,0.37570933852379873,0.44405961717235964,0.12573388862310153,497,1,166203
E3,E1,N1,co,12,xgb,mae,0.1941395990553083,0.7157411815959783,11.253618116250333,11.059478517195025,735,0,246225
E3,E1,N1,co,12,xgb,rmse,0.3070822283129625,1.2363538448558689,17.555588364475877,17.248506136162916,735,0,246225
E3,E1,N1,co,12,xgb,smape,9.624093120124979,23.92584809937209,82.57116961208214,72.94707649195716,735,0,246225
E3,E1,N1,co,12,xgb,mase,1.345774243994048,1.956898800896947,4.018848179608474,2.673073935614426,735,0,246225
E3,E1,N1,co,12,xgb,r2,-0.4850330502535646,-0.21869050451730399,-0.028170439788024748,0.45686261046553983,730,5,246225
E3,E2,N1,co,12,xgb,mae,0.2189220327773576,0.6194712522231469,5.033950085408402,4.815028052631044,302,0,101170
E3,E2,N1,co,12,xgb,rmse,0.361888467954194,1.2818358108319876,9.923854560177134,9.56196609222294,302,0,101170
E3,E2,N1,co,12,xgb,smape,9.493513869289085,23.549542646115192,82.17231323536245,72.67879936607336,302,0,101170
E3,E2,N1,co,12,xgb,mase,1.1377727507315623,1.7445631907960986,3.9572761009195268,2.8195033501879645,302,0,101170
E3,E2,N1,co,12,xgb,r2,-0.5446993963128379,-0.20103173640402028,-0.044438444570255975,0.500260951742582,302,0,101170
E3,E3,N1,co,12,svr,mae,5.414406159587632,5.886062065041644,8.975382767120076,3.560976607532444,497,1,166203
E3,E3,N1,co,12,svr,rmse,7.059009003338807,7.68469255901933,14.053094079046843,6.994085075708036,497,1,166203
E3,E3,N1,co,12,svr,smape,13.004275913891503,15.542777355290601,20.204340745482856,7.200064831591353,497,1,166203
E3,E3,N1,co,12,svr,mase,1.2350199077040511,1.3583116989719888,2.240908362137243,1.0058884544331919,497,1,166203
E3,E3,N1,co,12,svr,r2,0.009895061781305281,0.3717243916683044,0.45881058693245336,0.4489155251511481,497,1,166203
E3,E1,N1,co,12,svr,mae,0.18622610087659314,0.630420020198064,10.31660855281608,10.130382451939486,735,0,246225
E3,E1,N1,co,12,svr,rmse,0.2916023599308024,1.1466252536536197,18.339055176613726,18.047452816682924,735,0,246225
E3,E1,N1,co,12,svr,smape,8.812961331168474,21.243261287125407,72.21540961718215,63.40244828601367,735,0,246225
E3,E1,N1,co,12,svr,mase,1.2019610051627052,1.717490142713079,3.4817462355456574,2.279785230382952,735,0,246225
E3,E1,N1,co,12,svr,r2,-0.38525679128941936,-0.13291605536014017,0.019190662884661036,0.4044474541740804,730,5,246225
E3,E2,N1,co,12,svr,mae,0.19979150481165647,0.5468948540409515,4.550064455282458,4.350272950470801,302,0,101170
E3,E2,N1,co,12,svr,rmse,0.3560285770498921,1.1763010240331442,9.257312110537745,8.901283533487852,302,0,101170
E3,E2,N1,co,12,svr,smape,8.588951594656805,19.672426010583294,77.55590501546536,68.96695342080855,302,0,101170
E3,E2,N1,co,12,svr,mase,1.0934522186442932,1.5802093605253285,3.660711611790043,2.5672593931457497,302,0,101170
E3,E2,N1,co,12,svr,r2,-0.5170582215069048,-0.15566076134136486,-0.028732318356175346,0.4883259031507295,302,0,101170
