nguon,dich,mode,lich,h,model,metric,p25,p50,p75,iqr,n_chuoi,n_loai,n_dong_test
E1a,E1a,N0,co,1,lr,mae,0.1969725380953081,0.5937429217862439,3.605521005228408,3.4085484671331003,368,0,127328
E1a,E1a,N0,co,1,lr,rmse,0.3421899208307556,1.3789796595487005,7.549658948876379,7.207469028045623,368,0,127328
E1a,E1a,N0,co,1,lr,smape,8.971768219296091,16.962022991704938,26.11067529558232,17.13890707628623,368,0,127328
E1a,E1a,N0,co,1,lr,mase,1.0830662864819578,1.485805461726723,1.9201164124173165,0.8370501259353587,368,0,127328
E1a,E1a,N0,co,1,lr,r2,-0.9703154021809152,0.0262893245120579,0.7783428794731584,1.7486582816540737,365,3,127328
E1a,E1g,N0,co,1,lr,mae,0.8717877696329587,1.469841276335489,2.8984648050881727,2.026677035455214,73,0,25258
E1a,E1g,N0,co,1,lr,rmse,1.5553350572473716,2.852916306013361,4.482303012791229,2.9269679555438577,73,0,25258
E1a,E1g,N0,co,1,lr,smape,12.208725730345227,15.372323318740024,19.85510227486376,7.646376544518532,73,0,25258
E1a,E1g,N0,co,1,lr,mase,0.9117039356600024,1.1966669644636785,1.4151507374670995,0.5034468018070973,73,0,25258
E1a,E1g,N0,co,1,lr,r2,0.6067692133096837,0.796041605158242,0.9325012362073128,0.325732022897629,73,0,25258
E1a,E1a,N0,co,1,ridge,mae,0.1968490002446948,0.5938554225318722,3.607075944438828,3.4102269441941333,368,0,127328
E1a,E1a,N0,co,1,ridge,rmse,0.3426301476919637,1.3788523500783627,7.550536551625182,7.207906403933219,368,0,127328
E1a,E1a,N0,co,1,ridge,smape,8.970185286262868,16.95949833580685,26.12391973512103,17.153734448858163,368,0,127328
E1a,E1a,N0,co,1,ridge,mase,1.0829940007792942,1.484659086154938,1.9184009751075104,0.8354069743282162,368,0,127328
E1a,E1a,N0,co,1,ridge,r2,-0.967617433509044,0.0252593659334805,0.7786020854630431,1.746219518972087,365,3,127328
E1a,E1g,N0,co,1,ridge,mae,0.8721362786570435,1.4718765570493446,2.899905791584444,2.0277695129274,73,0,25258
E1a,E1g,N0,co,1,ridge,rmse,1.5564500995074393,2.854555280638756,4.483458338176656,2.9270082386692167,73,0,25258
E1a,E1g,N0,co,1,ridge,smape,12.206265787391558,15.375371290340414,19.873327517441147,7.667061730049589,73,0,25258
E1a,E1g,N0,co,1,ridge,mase,0.912699983914795,1.1979017917865409,1.4167178680151438,0.5040178841003488,73,0,25258
E1a,E1g,N0,co,1,ridge,r2,0.6066620670488436,0.796142083176633,0.9324576713926656,0.325795604343822,73,0,25258
E1a,E1a,N0,co,1,rf,mae,0.1207062289687424,0.4345466652689078,2.79583681433503,2.675130585366288,368,0,127328
E1a,E1a,N0,co,1,rf,rmse,0.2565594531758749,1.0791862681289155,7.505061522043974,7.248502068868099,368,0,127328
E1a,E1a,N0,co,1,rf,smape,5.44235587805266,12.509111642413227,26.40176409211322,20.95940821406056,368,0,127328
E1a,E1a,N0,co,1,rf,mase,0.7770062143323833,0.9949097634277928,1.3609607388616536,0.5839545245292703,368,0,127328
E1a,E1a,N0,co,1,rf,r2,-0.0434917813669268,0.3246675545442691,0.7717286960035495,0.8152204773704764,365,3,127328
E1a,E1g,N0,co,1,rf,mae,0.9391761509640044,1.423588645645185,3.08436511329176,2.145188962327755,73,0,25258
E1a,E1g,N0,co,1,rf,rmse,1.616563041391575,2.96949528347963,4.974764839756309,3.3582017983647345,73,0,25258
E1a,E1g,N0,co,1,rf,smape,11.462519936217374,15.22833306115369,19.423904937017245,7.96138500079987,73,0,25258
E1a,E1g,N0,co,1,rf,mase,0.9540648132431748,1.2110588324061966,1.4097056657865177,0.4556408525433425,73,0,25258
E1a,E1g,N0,co,1,rf,r2,0.5530417202183286,0.7620655977041002,0.9140291492134388,0.3609874289951101,73,0,25258
E1a,E1a,N0,co,1,xgb,mae,0.1346689795409971,0.4490750809625394,3.041304280710817,2.90663530116982,368,0,127328
E1a,E1a,N0,co,1,xgb,rmse,0.2753363609266095,1.1264703405192953,7.572260677810046,7.296924316883437,368,0,127328
E1a,E1a,N0,co,1,xgb,smape,5.693889709361947,12.755111934354684,29.529395004228405,23.83550529486645,368,0,127328
E1a,E1a,N0,co,1,xgb,mase,0.8322525526021838,1.032952517145301,1.4435574013310113,0.6113048487288275,368,0,127328
E1a,E1a,N0,co,1,xgb,r2,-0.0747487498829406,0.3309976935755341,0.7900337169939453,0.864782466876886,365,3,127328
E1a,E1g,N0,co,1,xgb,mae,0.961300597328671,1.6761988610824934,3.183842847871192,2.222542250542521,73,0,25258
E1a,E1g,N0,co,1,xgb,rmse,1.6082885556855435,3.171303266901344,5.059235755711378,3.4509472000258343,73,0,25258
E1a,E1g,N0,co,1,xgb,smape,11.942019348205232,15.922585968471376,20.53329030871562,8.59127096051039,73,0,25258
E1a,E1g,N0,co,1,xgb,mase,0.9412321068823004,1.2284382833199632,1.53961623954673,0.5983841326644297,73,0,25258
E1a,E1g,N0,co,1,xgb,r2,0.5422723825858986,0.7572547161419512,0.9110519988382928,0.3687796162523942,73,0,25258
E1a,E1a,N0,co,1,svr,mae,0.1158860182680478,0.4300668485666324,3.066886575623516,2.951000557355468,368,0,127328
E1a,E1a,N0,co,1,svr,rmse,0.2656502754420384,1.1812808363686915,7.556351199664614,7.290700924222575,368,0,127328
E1a,E1a,N0,co,1,svr,smape,5.571871125219717,11.398752151689248,21.204150646441303,15.632279521221584,368,0,127328
E1a,E1a,N0,co,1,svr,mase,0.7970106064744361,1.0018073743426288,1.347746170192555,0.5507355637181189,368,0,127328
E1a,E1a,N0,co,1,svr,r2,-0.0654350937288725,0.3159929865952472,0.7673280201179897,0.8327631138468623,365,3,127328
E1a,E1g,N0,co,1,svr,mae,0.8308877427587406,1.3888238878067671,3.3502100646168174,2.519322321858077,73,0,25258
E1a,E1g,N0,co,1,svr,rmse,1.8641467485519685,3.0555623282451907,5.144401245484425,3.2802544969324567,73,0,25258
E1a,E1g,N0,co,1,svr,smape,10.370370454173267,13.73638489632092,18.51349112457872,8.143120670405445,73,0,25258
E1a,E1g,N0,co,1,svr,mase,0.9289872475769784,1.2061057085126576,1.47716416919104,0.5481769216140616,73,0,25258
E1a,E1g,N0,co,1,svr,r2,0.50109983825007,0.7486511859570825,0.9187150659500568,0.4176152276999868,73,0,25258
E1a,E1a,N0,co,6,lr,mae,0.547567298997046,1.0035680769746211,9.092755937042751,8.545188638045706,368,0,125488
E1a,E1a,N0,co,6,lr,rmse,0.6263964636580723,1.5319224038205432,16.74265532240371,16.11625885874564,368,0,125488
E1a,E1a,N0,co,6,lr,smape,25.62603274585068,37.82547029221884,51.55550663376043,25.92947388790975,368,0,125488
E1a,E1a,N0,co,6,lr,mase,2.216046230781028,3.367310708666848,5.683496875398899,3.4674506446178714,368,0,125488
E1a,E1a,N0,co,6,lr,r2,-4.2372970640197485,-0.6416113176662896,0.3240148360919357,4.561311900111685,365,3,125488
E1a,E1g,N0,co,6,lr,mae,1.5371316416778198,3.4215852968435514,7.166952013294052,5.6298203716162325,73,0,24893
E1a,E1g,N0,co,6,lr,rmse,3.377566593953316,5.638588026607482,9.106328894101866,5.72876230014855,73,0,24893
E1a,E1g,N0,co,6,lr,smape,27.301406905790383,34.94643412853343,43.60592143344185,16.304514527651467,73,0,24893
E1a,E1g,N0,co,6,lr,mase,2.148604505033282,2.60887409116494,3.530987419993568,1.3823829149602855,73,0,24893
E1a,E1g,N0,co,6,lr,r2,-0.2585054115747613,0.3479826117808734,0.6563591396100987,0.91486455118486,73,0,24893
E1a,E1a,N0,co,6,ridge,mae,0.5475674083605858,1.003568134515512,9.092755536147235,8.54518812778665,368,0,125488
E1a,E1a,N0,co,6,ridge,rmse,0.6263965587520663,1.5319224229362152,16.742655900548783,16.116259341796717,368,0,125488
E1a,E1a,N0,co,6,ridge,smape,25.626036887372887,37.82547526015313,51.5555093114442,25.92947242407131,368,0,125488
E1a,E1a,N0,co,6,ridge,mase,2.216046228239702,3.3673109684695666,5.683497135178208,3.467450906938506,368,0,125488
E1a,E1a,N0,co,6,ridge,r2,-4.237298578259876,-0.6416111344663675,0.3240148742594503,4.561313452519327,365,3,125488
E1a,E1g,N0,co,6,ridge,mae,1.5371317574917716,3.421585408653058,7.166951855221753,5.629820097729981,73,0,24893
E1a,E1g,N0,co,6,ridge,rmse,3.377566724219715,5.63858790849253,9.10632849078173,5.728761766562014,73,0,24893
E1a,E1g,N0,co,6,ridge,smape,27.301412653830354,34.9464328220746,43.60592020812789,16.30450755429753,73,0,24893
E1a,E1g,N0,co,6,ridge,mase,2.1486045116788666,2.60887405569528,3.5309875097522214,1.3823829980733549,73,0,24893
E1a,E1g,N0,co,6,ridge,r2,-0.2585055689201097,0.347982639097287,0.6563591188380209,0.9148646877581306,73,0,24893
E1a,E1a,N0,co,6,rf,mae,0.1921979013502676,0.6905056426264766,7.617303722535319,7.425105821185052,368,0,125488
E1a,E1a,N0,co,6,rf,rmse,0.3075263461167279,1.48915401406555,15.832444182828262,15.524917836711534,368,0,125488
E1a,E1a,N0,co,6,rf,smape,8.685339581868169,17.834055945644415,52.14763095529423,43.46229137342606,368,0,125488
E1a,E1a,N0,co,6,rf,mase,1.0861548324381496,1.685884933084874,2.9625361176254184,1.8763812851872688,368,0,125488
E1a,E1a,N0,co,6,rf,r2,-0.3076210257543794,-0.0555576159355917,0.4201864437079421,0.7278074694623216,365,3,125488
E1a,E1g,N0,co,6,rf,mae,1.4411755478888066,3.891417548951437,7.390874282975397,5.94969873508659,73,0,24893
E1a,E1g,N0,co,6,rf,rmse,3.595386461141396,6.20632770828471,9.616270460347042,6.020883999205646,73,0,24893
E1a,E1g,N0,co,6,rf,smape,22.613021551652643,32.98295694657673,39.440359576703,16.827338025050352,73,0,24893
E1a,E1g,N0,co,6,rf,mase,2.0341736418165177,2.6573198935968243,3.494320437030674,1.4601467952141562,73,0,24893
E1a,E1g,N0,co,6,rf,r2,-0.3997585769848883,0.2668108173424564,0.5871287546135114,0.9868873315983998,73,0,24893
E1a,E1a,N0,co,6,xgb,mae,0.2428288942703637,0.6891937227251477,7.675255885210437,7.4324269909400735,368,0,125488
E1a,E1a,N0,co,6,xgb,rmse,0.385377552118044,1.429039909267201,15.954642501292764,15.56926494917472,368,0,125488
E1a,E1a,N0,co,6,xgb,smape,10.71476931331704,19.73721036190172,55.48098804035197,44.766218727034925,368,0,125488
E1a,E1a,N0,co,6,xgb,mase,1.3832062871425277,1.8602138871274048,3.1166033427874607,1.7333970556449332,368,0,125488
E1a,E1a,N0,co,6,xgb,r2,-0.5125766741434572,-0.1957756712840919,0.3838529209461904,0.8964295950896476,365,3,125488
E1a,E1g,N0,co,6,xgb,mae,1.4748200010237889,3.761907466086017,7.335989092789687,5.861169091765898,73,0,24893
E1a,E1g,N0,co,6,xgb,rmse,3.434685815900695,5.889089806215642,9.804902218800084,6.3702164028993895,73,0,24893
E1a,E1g,N0,co,6,xgb,smape,23.59596763526776,33.404736067530855,40.052448247893096,16.456480612625334,73,0,24893
E1a,E1g,N0,co,6,xgb,mase,1.9181216533714351,2.638359721920651,3.4230660686023167,1.5049444152308815,73,0,24893
E1a,E1g,N0,co,6,xgb,r2,-0.2518042780737244,0.2880288503395791,0.6015528247663224,0.8533571028400468,73,0,24893
E1a,E1a,N0,co,6,svr,mae,0.1259182922911226,0.4982240792997874,7.769998191834398,7.644079899543276,368,0,125488
E1a,E1a,N0,co,6,svr,rmse,0.2579195849232111,1.188604747817605,16.660861757567652,16.40294217264444,368,0,125488
E1a,E1a,N0,co,6,svr,smape,6.420140103326705,13.06200883981303,34.26685875717507,27.846718653848367,368,0,125488
E1a,E1a,N0,co,6,svr,mase,0.9395552023069356,1.3777618180499958,2.511863121186165,1.57230791887923,368,0,125488
E1a,E1a,N0,co,6,svr,r2,-0.0986505007933205,0.053987820553234,0.4559943448311945,0.554644845624515,365,3,125488
E1a,E1g,N0,co,6,svr,mae,1.2917226456921356,3.227051350193092,7.112005441134044,5.8202827954419085,73,0,24893
E1a,E1g,N0,co,6,svr,rmse,3.4537060092531315,5.970919911075147,9.670542358215211,6.21683634896208,73,0,24893
E1a,E1g,N0,co,6,svr,smape,18.85445208992181,29.29488668866035,37.439356749288685,18.58490465936687,73,0,24893
E1a,E1g,N0,co,6,svr,mase,1.6425273990475933,2.4991501620210923,3.1908444813869834,1.54831708233939,73,0,24893
E1a,E1g,N0,co,6,svr,r2,-0.1476624542227611,0.3081666290866954,0.6166045947243004,0.7642670489470615,73,0,24893
E1a,E1a,N0,co,12,lr,mae,0.7458869747569894,1.227205823408242,10.223802382013623,9.477915407256637,368,0,123280
E1a,E1a,N0,co,12,lr,rmse,0.8431363104433955,1.7679412290678878,20.76447572821949,19.921339417776096,368,0,123280
E1a,E1a,N0,co,12,lr,smape,32.35761993897825,45.59514323839123,62.87103200727424,30.513412068295985,368,0,123280
E1a,E1a,N0,co,12,lr,mase,2.686107833551459,4.34476522172255,7.864113915209301,5.178006081657841,368,0,123280
E1a,E1a,N0,co,12,lr,r2,-7.94413805183944,-0.9473187652753536,0.0995623630779676,8.043700414917408,365,3,123280
E1a,E1g,N0,co,12,lr,mae,2.0352850018046755,4.620772016065145,7.441061409405573,5.405776407600897,73,0,24455
E1a,E1g,N0,co,12,lr,rmse,3.869457124084642,6.919803657091949,9.71979949720026,5.850342373115618,73,0,24455
E1a,E1g,N0,co,12,lr,smape,34.36404676172927,40.72068112132093,50.12923265312751,15.76518589139824,73,0,24455
E1a,E1g,N0,co,12,lr,mase,2.454496075258416,3.0052764963114864,4.711471408822537,2.2569753335641214,73,0,24455
E1a,E1g,N0,co,12,lr,r2,-0.2071766627737159,0.1446142800416752,0.4288721958414725,0.6360488586151885,73,0,24455
E1a,E1a,N0,co,12,ridge,mae,0.7458870381556935,1.2272058291891552,10.223801154587418,9.477914116431725,368,0,123280
E1a,E1a,N0,co,12,ridge,rmse,0.8431363683860522,1.767941132749864,20.76447579596521,19.92133942757916,368,0,123280
E1a,E1a,N0,co,12,ridge,smape,32.35762305405464,45.59514427167751,62.87103472269736,30.51341166864272,368,0,123280
E1a,E1a,N0,co,12,ridge,mase,2.6861079067659346,4.344765293861748,7.864114760721247,5.178006853955312,368,0,123280
E1a,E1a,N0,co,12,ridge,r2,-7.944139395461116,-0.9473181423107032,0.0995622187768415,8.043701614237957,365,3,123280
E1a,E1g,N0,co,12,ridge,mae,2.03528506012636,4.620772023550646,7.441061716291123,5.405776656164763,73,0,24455
E1a,E1g,N0,co,12,ridge,rmse,3.86945737665166,6.919803856509588,9.719799292247773,5.850341915596111,73,0,24455
E1a,E1g,N0,co,12,ridge,smape,34.36404600249189,40.72068313592522,50.12923233498261,15.76518633249072,73,0,24455
E1a,E1g,N0,co,12,ridge,mase,2.4544961487830146,3.0052764808722703,4.711471637998447,2.256975489215433,73,0,24455
E1a,E1g,N0,co,12,ridge,r2,-0.2071766666993926,0.14461423020272,0.4288722065967398,0.6360488732961325,73,0,24455
E1a,E1a,N0,co,12,rf,mae,0.2362595921599079,0.7720495200209314,10.956830889281834,10.720571297121928,368,0,123280
E1a,E1a,N0,co,12,rf,rmse,0.4029957003611554,1.645831362557343,18.73632706792908,18.33333136756792,368,0,123280
E1a,E1a,N0,co,12,rf,smape,10.59876715518692,20.16221282811382,56.08845773301372,45.4896905778268,368,0,123280
E1a,E1a,N0,co,12,rf,mase,1.2396805706009295,2.018450161616366,3.869991284481871,2.630310713880941,368,0,123280
E1a,E1a,N0,co,12,rf,r2,-0.6248337399813313,-0.1408767584578301,0.2076733036624437,0.832507043643775,365,3,123280
E1a,E1g,N0,co,12,rf,mae,1.956226172512566,5.000766622308523,8.366812210593354,6.410586038080788,73,0,24455
E1a,E1g,N0,co,12,rf,rmse,3.5392645291921365,7.835818785374037,10.973466446157394,7.434201916965257,73,0,24455
E1a,E1g,N0,co,12,rf,smape,28.253953034689864,41.11024970874512,49.667295280727664,21.4133422460378,73,0,24455
E1a,E1g,N0,co,12,rf,mase,2.232579306110725,2.8893858148012908,4.611630561832484,2.379051255721759,73,0,24455
E1a,E1g,N0,co,12,rf,r2,-0.3828704686767332,0.0163261346581617,0.2743516831126427,0.6572221517893759,73,0,24455
E1a,E1a,N0,co,12,xgb,mae,0.2721270004269541,0.727586603808068,9.6197401619432,9.347613161516245,368,0,123280
E1a,E1a,N0,co,12,xgb,rmse,0.4196842851110645,1.510464659494022,18.91474558352892,18.49506129841785,368,0,123280
E1a,E1a,N0,co,12,xgb,smape,12.197601548872816,21.70447505770872,60.50302012393782,48.305418575065005,368,0,123280
E1a,E1a,N0,co,12,xgb,mase,1.4785273383137654,2.158511173007418,4.150295077607147,2.671767739293382,368,0,123280
E1a,E1a,N0,co,12,xgb,r2,-0.7148547386561106,-0.2375073572511006,0.1886122362287263,0.903466974884837,365,3,123280
E1a,E1g,N0,co,12,xgb,mae,1.839320067356221,4.88085110575575,7.586365468786488,5.747045401430267,73,0,24455
E1a,E1g,N0,co,12,xgb,rmse,3.5123203951799904,7.635042386644693,9.831115646347168,6.318795251167177,73,0,24455
E1a,E1g,N0,co,12,xgb,smape,27.176612199991684,38.71621831574073,46.24527201434311,19.068659814351424,73,0,24455
E1a,E1g,N0,co,12,xgb,mase,1.969217998649437,2.818696476915799,4.405175504571524,2.435957505922087,73,0,24455
E1a,E1g,N0,co,12,xgb,r2,-0.2851196260843727,0.1177004641576253,0.3506543093859713,0.635773935470344,73,0,24455
E1a,E1a,N0,co,12,svr,mae,0.1247210005779453,0.5182319532939148,9.695068842595552,9.570347842017606,368,0,123280
E1a,E1a,N0,co,12,svr,rmse,0.2752425198624522,1.2774095211622312,20.617262014068363,20.34201949420591,368,0,123280
E1a,E1a,N0,co,12,svr,smape,6.705817908380803,13.814704267740694,44.53540609044483,37.82958818206403,368,0,123280
E1a,E1a,N0,co,12,svr,mase,0.9611751763474048,1.4813285316832132,2.910108373354526,1.9489331970071213,368,0,123280
E1a,E1a,N0,co,12,svr,r2,-0.172833544442686,-0.0302421427151688,0.3313693176027821,0.5042028620454682,365,3,123280
E1a,E1g,N0,co,12,svr,mae,1.6193819376048952,4.194200582629722,7.358271984263158,5.738890046658263,73,0,24455
E1a,E1g,N0,co,12,svr,rmse,3.506086138609074,7.237065380847679,10.184463350843917,6.678377212234841,73,0,24455
E1a,E1g,N0,co,12,svr,smape,21.04466607110422,35.33880778175076,42.69553826268869,21.650872191584472,73,0,24455
E1a,E1g,N0,co,12,svr,mase,1.9971086790230048,2.639555002969016,3.635431492413728,1.638322813390723,73,0,24455
E1a,E1g,N0,co,12,svr,r2,-0.2356182959265833,0.1083951521559508,0.4096184461300419,0.6452367420566253,73,0,24455
E1a,E1a,N1,co,1,lr,mae,0.1245030246503222,0.4771065426000507,5.691559896470807,5.567056871820484,368,0,127328
E1a,E1a,N1,co,1,lr,rmse,0.2545889092736727,1.1203491967735184,10.505189836040596,10.25060092676692,368,0,127328
E1a,E1a,N1,co,1,lr,smape,5.461581738235527,14.277116189593704,49.47718135828611,44.01559962005058,368,0,127328
E1a,E1a,N1,co,1,lr,mase,0.7651974611402295,1.1376899930161612,1.882471658276911,1.1172741971366815,368,0,127328
E1a,E1a,N1,co,1,lr,r2,0.0549504919436421,0.3208637095827329,0.7477170690561827,0.6927665771125406,365,3,127328
E1a,E1g,N1,co,1,lr,mae,0.990408442261068,2.0257750924350946,4.419736116000307,3.4293276737392384,73,0,25258
E1a,E1g,N1,co,1,lr,rmse,2.214383600245141,3.337897988271372,6.1922604709877405,3.9778768707426,73,0,25258
E1a,E1g,N1,co,1,lr,smape,16.301422558778658,23.144493454417336,31.80289494584944,15.501472387070784,73,0,25258
E1a,E1g,N1,co,1,lr,mase,1.225698164255851,1.6130721191938129,1.9331714994545064,0.7074733351986553,73,0,25258
E1a,E1g,N1,co,1,lr,r2,0.4127759196520261,0.6749824308097848,0.8804706488740581,0.467694729222032,73,0,25258
E1a,E1a,N1,co,1,ridge,mae,0.1245216775853912,0.4772098075531864,5.692291100906648,5.5677694233212565,368,0,127328
E1a,E1a,N1,co,1,ridge,rmse,0.2545720925328943,1.1203618700113216,10.506313343883818,10.251741251350923,368,0,127328
E1a,E1a,N1,co,1,ridge,smape,5.461841225313172,14.278743739174445,49.48288824796165,44.02104702264848,368,0,127328
E1a,E1a,N1,co,1,ridge,mase,0.7652337979681019,1.136648674900032,1.8839591370658595,1.1187253390977574,368,0,127328
E1a,E1a,N1,co,1,ridge,r2,0.0550441305713778,0.3208815610748489,0.7476883826877034,0.6926442521163256,365,3,127328
E1a,E1g,N1,co,1,ridge,mae,0.9905133197224958,2.026167961114536,4.421990134200167,3.431476814477671,73,0,25258
E1a,E1g,N1,co,1,ridge,rmse,2.214333472737108,3.3381000548812336,6.195517522632506,3.981184049895398,73,0,25258
E1a,E1g,N1,co,1,ridge,smape,16.310449522155785,23.15047235692269,31.8166258638832,15.50617634172741,73,0,25258
E1a,E1g,N1,co,1,ridge,mase,1.226119999356792,1.6136012976368288,1.9336035066910544,0.7074835073342622,73,0,25258
E1a,E1g,N1,co,1,ridge,r2,0.4121683954217781,0.6749749116900382,0.8804139945891079,0.4682455991673298,73,0,25258
E1a,E1a,N1,co,1,rf,mae,0.1123695148728164,0.4372606161677503,3.251339330524787,3.1389698156519703,368,0,127328
E1a,E1a,N1,co,1,rf,rmse,0.2375832769707813,1.0756358274064306,8.358559617696248,8.120976340725466,368,0,127328
E1a,E1a,N1,co,1,rf,smape,4.51489679719359,12.183434908455975,27.665816290826392,23.1509194936328,368,0,127328
E1a,E1a,N1,co,1,rf,mase,0.714037358849123,0.9279237496970564,1.2477842415137284,0.5337468826646053,368,0,127328
E1a,E1a,N1,co,1,rf,r2,0.095787039995867,0.4042414130870333,0.7882211993993085,0.6924341594034414,365,3,127328
E1a,E1g,N1,co,1,rf,mae,0.8921992830273469,1.6238075302351118,3.4608889970401875,2.568689714012841,73,0,25258
E1a,E1g,N1,co,1,rf,rmse,1.793376508522888,2.971139989039889,4.977572569540492,3.1841960610176034,73,0,25258
E1a,E1g,N1,co,1,rf,smape,12.23249994348272,17.459353917116836,22.24270064392097,10.010200700438247,73,0,25258
E1a,E1g,N1,co,1,rf,mase,0.9354272728264356,1.267923528853132,1.5231825825617165,0.5877553097352808,73,0,25258
E1a,E1g,N1,co,1,rf,r2,0.582541511278547,0.7431816542810793,0.9146039668870634,0.3320624556085163,73,0,25258
E1a,E1a,N1,co,1,xgb,mae,0.1164054313869029,0.4611293157697193,3.3483613812035053,3.2319559498166024,368,0,127328
E1a,E1a,N1,co,1,xgb,rmse,0.2365090836717336,1.1085280817514112,8.211894251224706,7.9753851675529726,368,0,127328
E1a,E1a,N1,co,1,xgb,smape,4.630941417357201,13.24010150648972,33.291567673994834,28.660626256637634,368,0,127328
E1a,E1a,N1,co,1,xgb,mase,0.7242846276470579,0.9720417623912214,1.3780547128981313,0.6537700852510734,368,0,127328
E1a,E1a,N1,co,1,xgb,r2,0.061599438157411,0.4253087215090929,0.7762672785476702,0.7146678403902591,365,3,127328
E1a,E1g,N1,co,1,xgb,mae,0.8610453501219321,1.5781049567104053,3.466872782545773,2.6058274324238413,73,0,25258
E1a,E1g,N1,co,1,xgb,rmse,1.7066447261858988,2.890646494329409,5.224946226802455,3.5183015006165563,73,0,25258
E1a,E1g,N1,co,1,xgb,smape,12.463885424332927,17.360888631071138,23.01324257804865,10.54935715371573,73,0,25258
E1a,E1g,N1,co,1,xgb,mase,0.9262325421350384,1.24993143785645,1.5316084320622465,0.605375889927208,73,0,25258
E1a,E1g,N1,co,1,xgb,r2,0.5337281473349363,0.7505434674667237,0.9217279980503428,0.3879998507154064,73,0,25258
E1a,E1a,N1,co,1,svr,mae,0.1195960768265058,0.4935753142550716,4.7920206778087575,4.672424600982252,368,0,127328
E1a,E1a,N1,co,1,svr,rmse,0.2557167574824162,1.107356355090713,9.57328058812857,9.317563830646154,368,0,127328
E1a,E1a,N1,co,1,svr,smape,5.075180829830719,14.408601248346656,42.546587195356594,37.47140636552587,368,0,127328
E1a,E1a,N1,co,1,svr,mase,0.7630514626093226,1.0578204804676614,1.6671895359786224,0.9041380733693,368,0,127328
E1a,E1a,N1,co,1,svr,r2,0.0236706638247385,0.2337576319646431,0.677827835360175,0.6541571715354364,365,3,127328
E1a,E1g,N1,co,1,svr,mae,0.9869584006368652,1.794705022883381,4.027319616685526,3.040361216048661,73,0,25258
E1a,E1g,N1,co,1,svr,rmse,2.059439177569364,3.3365185978018457,5.723873416387528,3.664434238818164,73,0,25258
E1a,E1g,N1,co,1,svr,smape,14.37772135139223,19.75215963065196,25.937825312993507,11.560103961601277,73,0,25258
E1a,E1g,N1,co,1,svr,mase,1.1040024351165842,1.4025979071109955,1.774762691007252,0.6707602558906678,73,0,25258
E1a,E1g,N1,co,1,svr,r2,0.3699754727738056,0.7124143258388355,0.9012132015877712,0.5312377288139655,73,0,25258
E1a,E1a,N1,co,6,lr,mae,0.1371111344199582,0.6255926181918454,10.843743884496767,10.706632750076809,368,0,125488
E1a,E1a,N1,co,6,lr,rmse,0.2686993892776032,1.259937101313759,17.89047675922927,17.621777369951666,368,0,125488
E1a,E1a,N1,co,6,lr,smape,6.277133392990845,16.019423136391485,64.007487160935,57.73035376794415,368,0,125488
E1a,E1a,N1,co,6,lr,mase,0.8455481589458187,1.372321804370822,3.050397937238262,2.204849778292443,368,0,125488
E1a,E1a,N1,co,6,lr,r2,-0.0507376807025305,0.1123765123603717,0.4656776760057591,0.5164153567082898,365,3,125488
E1a,E1g,N1,co,6,lr,mae,1.451064724278693,3.79047080849691,7.312258546715887,5.861193822437194,73,0,24893
E1a,E1g,N1,co,6,lr,rmse,3.498580060980543,5.751725600489921,9.231095467126709,5.732515406146164,73,0,24893
E1a,E1g,N1,co,6,lr,smape,24.26688317699637,35.744606292752,47.96508730764173,23.69820413064536,73,0,24893
E1a,E1g,N1,co,6,lr,mase,1.8516623820974,2.622162444474971,3.586024172523257,1.7343617904258573,73,0,24893
E1a,E1g,N1,co,6,lr,r2,-0.0580802436421943,0.349736531588488,0.6319119414341716,0.689992185076366,73,0,24893
E1a,E1a,N1,co,6,ridge,mae,0.1371111311869056,0.6255926200261706,10.843743977278784,10.706632846091878,368,0,125488
E1a,E1a,N1,co,6,ridge,rmse,0.2686993890610173,1.2599371002542017,17.890476694811024,17.62177730575001,368,0,125488
E1a,E1a,N1,co,6,ridge,smape,6.277133499821521,16.0194232806422,64.00748647898217,57.73035297916065,368,0,125488
E1a,E1a,N1,co,6,ridge,mase,0.8455481714583578,1.372321814148009,3.05039785263141,2.2048496811730525,368,0,125488
E1a,E1a,N1,co,6,ridge,r2,-0.0507376820118947,0.1123764841411487,0.4656776779016756,0.5164153599135703,365,3,125488
E1a,E1g,N1,co,6,ridge,mae,1.451064751061439,3.7904707940642086,7.312258553583273,5.861193802521834,73,0,24893
E1a,E1g,N1,co,6,ridge,rmse,3.4985800431284533,5.751725645648623,9.231095170934216,5.732515127805763,73,0,24893
E1a,E1g,N1,co,6,ridge,smape,24.266883489955447,35.744606209782305,47.96508748980359,23.69820399984814,73,0,24893
E1a,E1g,N1,co,6,ridge,mase,1.851662357004832,2.6221624466484794,3.586024186840989,1.734361829836157,73,0,24893
E1a,E1g,N1,co,6,ridge,r2,-0.0580802615783098,0.3497365171249295,0.6319119497140897,0.6899922112923995,73,0,24893
E1a,E1a,N1,co,6,rf,mae,0.1233100840604377,0.5310208117281907,8.566810105648468,8.443500021588031,368,0,125488
E1a,E1a,N1,co,6,rf,rmse,0.2520957850482186,1.1400979015796988,15.422289600920772,15.170193815872551,368,0,125488
E1a,E1a,N1,co,6,rf,smape,5.720746828113327,15.766211386775076,50.31207802741692,44.59133119930359,368,0,125488
E1a,E1a,N1,co,6,rf,mase,0.768654511919811,1.2301784643604994,2.586215502786684,1.8175609908668724,368,0,125488
E1a,E1a,N1,co,6,rf,r2,-0.0257123880738232,0.1834389451926299,0.539718059836146,0.5654304479099692,365,3,125488
E1a,E1g,N1,co,6,rf,mae,1.3439851348144294,3.317743518160542,7.169630812603801,5.825645677789371,73,0,24893
E1a,E1g,N1,co,6,rf,rmse,3.4313240743116475,5.394145300511081,9.174242935144346,5.742918860832698,73,0,24893
E1a,E1g,N1,co,6,rf,smape,20.319437974810864,32.076663254525315,39.41597958040562,19.096541605594755,73,0,24893
E1a,E1g,N1,co,6,rf,mase,1.6161627768208542,2.4608608068398503,3.22424166040007,1.6080788835792157,73,0,24893
E1a,E1g,N1,co,6,rf,r2,-0.0287970897264238,0.352635006189821,0.674024869150374,0.7028219588767978,73,0,24893
E1a,E1a,N1,co,6,xgb,mae,0.1308275396383086,0.57049336945699,8.098057569092088,7.96723002945378,368,0,125488
E1a,E1a,N1,co,6,xgb,rmse,0.2579820797927127,1.1930292116390246,15.272878909389746,15.014896829597031,368,0,125488
E1a,E1a,N1,co,6,xgb,smape,5.830787391350606,16.494948198104918,54.01247998235607,48.181692591005465,368,0,125488
E1a,E1a,N1,co,6,xgb,mase,0.7899159997330214,1.321568477348011,2.6399496616436293,1.850033661910608,368,0,125488
E1a,E1a,N1,co,6,xgb,r2,-0.0606934780587349,0.1636407754632369,0.544171414610509,0.6048648926692439,365,3,125488
E1a,E1g,N1,co,6,xgb,mae,1.3311910062707877,3.358748595711392,6.831813416094075,5.500622409823288,73,0,24893
E1a,E1g,N1,co,6,xgb,rmse,3.1292427635252102,5.353393615316437,8.974195329870856,5.844952566345645,73,0,24893
E1a,E1g,N1,co,6,xgb,smape,21.249728670659472,31.71547024794521,41.21963255915538,19.969903888495907,73,0,24893
E1a,E1g,N1,co,6,xgb,mase,1.6150555741919963,2.4542915886896663,3.147731689057092,1.5326761148650958,73,0,24893
E1a,E1g,N1,co,6,xgb,r2,-0.0754154111271838,0.3412135275529483,0.6839543113474666,0.7593697224746505,73,0,24893
E1a,E1a,N1,co,6,svr,mae,0.1242242476992919,0.548611510290492,8.837156456220768,8.712932208521476,368,0,125488
E1a,E1a,N1,co,6,svr,rmse,0.2730135243623746,1.2050196938558404,17.282415988617153,17.009402464254777,368,0,125488
E1a,E1a,N1,co,6,svr,smape,5.9103766203384325,14.761437465719954,56.64393932920558,50.73356270886715,368,0,125488
E1a,E1a,N1,co,6,svr,mase,0.8055584417356068,1.2752501260715792,2.7864887671163627,1.980930325380756,368,0,125488
E1a,E1a,N1,co,6,svr,r2,-0.1199300625383925,0.0500836468458832,0.4556323188790326,0.5755623814174252,365,3,125488
E1a,E1g,N1,co,6,svr,mae,1.262439112490935,3.300932278883108,7.25190368544174,5.989464572950805,73,0,24893
E1a,E1g,N1,co,6,svr,rmse,3.216469523010095,5.503853721406809,9.544233279969022,6.327763756958928,73,0,24893
E1a,E1g,N1,co,6,svr,smape,21.073611578771057,30.932465256358444,39.52822539529396,18.4546138165229,73,0,24893
E1a,E1g,N1,co,6,svr,mase,1.6510261996782476,2.551127623060692,3.2342642196844453,1.5832380200061975,73,0,24893
E1a,E1g,N1,co,6,svr,r2,-0.0342285413280347,0.2477216921496261,0.6533186444734722,0.687547185801507,73,0,24893
E1a,E1a,N1,co,12,lr,mae,0.1444836381832479,0.6363509257517745,14.177719626490394,14.033235988307146,368,0,123280
E1a,E1a,N1,co,12,lr,rmse,0.2778590948014952,1.340004641582432,20.85046278043508,20.572603685633585,368,0,123280
E1a,E1a,N1,co,12,lr,smape,7.061093670964848,16.37677351849662,67.72967118991588,60.66857751895103,368,0,123280
E1a,E1a,N1,co,12,lr,mase,0.8672861857293679,1.444582373030928,3.600583698162024,2.733297512432656,368,0,123280
E1a,E1a,N1,co,12,lr,r2,-0.0742044898614364,0.0595398770078258,0.3442464186344421,0.4184509084958786,365,3,123280
E1a,E1g,N1,co,12,lr,mae,1.821339097105445,5.266473414723782,7.89358978769824,6.072250690592796,73,0,24455
E1a,E1g,N1,co,12,lr,rmse,3.1297886845706944,7.132637188868256,9.727945278401585,6.59815659383089,73,0,24455
E1a,E1g,N1,co,12,lr,smape,29.29818530842523,41.29361543587646,53.129287105987885,23.831101797562656,73,0,24455
E1a,E1g,N1,co,12,lr,mase,2.035831512333492,2.787650756554581,4.949016921040394,2.9131854087069016,73,0,24455
E1a,E1g,N1,co,12,lr,r2,-0.0809567149719796,0.1993323852857585,0.4090447341893326,0.4900014491613123,73,0,24455
E1a,E1a,N1,co,12,ridge,mae,0.1444836369106868,0.6363509249485189,14.177719767732786,14.0332361308221,368,0,123280
E1a,E1a,N1,co,12,ridge,rmse,0.2778590951844313,1.3400046348945212,20.85046273308543,20.572603637901,368,0,123280
E1a,E1a,N1,co,12,ridge,smape,7.061093664972379,16.37677351452401,67.72967137553785,60.66857771056547,368,0,123280
E1a,E1a,N1,co,12,ridge,mase,0.8672861943138753,1.444582377506468,3.600583706638671,2.733297512324796,368,0,123280
E1a,E1a,N1,co,12,ridge,r2,-0.0742044782438478,0.0595398667074721,0.3442464127472274,0.4184508909910752,365,3,123280
E1a,E1g,N1,co,12,ridge,mae,1.821339121685417,5.266473461316832,7.89358989148125,6.072250769795834,73,0,24455
E1a,E1g,N1,co,12,ridge,rmse,3.129788693958881,7.13263721058013,9.727945267279956,6.598156573321074,73,0,24455
E1a,E1g,N1,co,12,ridge,smape,29.298185061238325,41.29361585747112,53.1292872369714,23.83110217573308,73,0,24455
E1a,E1g,N1,co,12,ridge,mase,2.035831513520836,2.787650836050483,4.94901693896689,2.9131854254460547,73,0,24455
E1a,E1g,N1,co,12,ridge,r2,-0.0809566937814612,0.1993323724591807,0.4090447313582819,0.4900014251397431,73,0,24455
E1a,E1a,N1,co,12,rf,mae,0.1239671878640005,0.5503972648062656,9.881893470347135,9.757926282483137,368,0,123280
E1a,E1a,N1,co,12,rf,rmse,0.2636606399795732,1.260665586869656,18.722709127303087,18.45904848732352,368,0,123280
E1a,E1a,N1,co,12,rf,smape,6.059602958136369,16.630012948542806,59.84954547305122,53.789942514914856,368,0,123280
E1a,E1a,N1,co,12,rf,mase,0.8095939356541162,1.2933850031517284,3.064597351300604,2.255003415646488,368,0,123280
E1a,E1a,N1,co,12,rf,r2,-0.0679030099756532,0.0919340564000231,0.3892719235050044,0.4571749334806576,365,3,123280
E1a,E1g,N1,co,12,rf,mae,1.5884024013197595,4.666727409683484,7.942607989600158,6.354205588280399,73,0,24455
E1a,E1g,N1,co,12,rf,rmse,3.559139800114808,6.85129688776421,10.023737217336226,6.464597417221418,73,0,24455
E1a,E1g,N1,co,12,rf,smape,24.64751806058684,37.1807262101564,46.33450742330217,21.686989362715337,73,0,24455
E1a,E1g,N1,co,12,rf,mase,1.920921396369378,2.691241862038272,4.389986226467794,2.469064830098416,73,0,24455
E1a,E1g,N1,co,12,rf,r2,-0.1011896504839255,0.1870247055966006,0.4507094770852468,0.5518991275691724,73,0,24455
E1a,E1a,N1,co,12,xgb,mae,0.1292765141061526,0.5937555755346191,10.167951209234197,10.038674695128044,368,0,123280
E1a,E1a,N1,co,12,xgb,rmse,0.2704401838721164,1.3459818190008277,17.004222195826593,16.733782011954478,368,0,123280
E1a,E1a,N1,co,12,xgb,smape,6.042942649452877,17.546153761174168,61.83492486653277,55.7919822170799,368,0,123280
E1a,E1a,N1,co,12,xgb,mase,0.8399024885408761,1.3588345617155038,3.094643490857457,2.254741002316581,368,0,123280
E1a,E1a,N1,co,12,xgb,r2,-0.0870155709470215,0.1005166153818937,0.4129732350381644,0.4999888059851859,365,3,123280
E1a,E1g,N1,co,12,xgb,mae,1.62288448275674,4.568442991858033,7.601120350985207,5.978235868228467,73,0,24455
E1a,E1g,N1,co,12,xgb,rmse,3.154925789035355,6.473277965022528,9.692303753391297,6.537377964355942,73,0,24455
E1a,E1g,N1,co,12,xgb,smape,26.451497346525983,37.52371647056278,46.31954901456691,19.868051668040927,73,0,24455
E1a,E1g,N1,co,12,xgb,mase,1.9058801277765964,2.711789502991166,4.314327855675382,2.408447727898785,73,0,24455
E1a,E1g,N1,co,12,xgb,r2,-0.0707818798709796,0.2042000250867957,0.5054828888091403,0.5762647686801199,73,0,24455
E1a,E1a,N1,co,12,svr,mae,0.1238581495202115,0.5377573887957158,9.70418704947958,9.580328899959367,368,0,123280
E1a,E1a,N1,co,12,svr,rmse,0.2748455588922784,1.278487972838764,20.52165337575392,20.24680781686164,368,0,123280
E1a,E1a,N1,co,12,svr,smape,5.975183302900291,15.464228917996492,60.49571056407559,54.520527261175296,368,0,123280
E1a,E1a,N1,co,12,svr,mase,0.816093257853325,1.24978470794006,3.057161784382156,2.241068526528831,368,0,123280
E1a,E1a,N1,co,12,svr,r2,-0.0981806912123135,0.0238661283212505,0.3305925824791709,0.4287732736914844,365,3,123280
E1a,E1g,N1,co,12,svr,mae,1.4014100468358073,4.456076263404144,7.5679545735854274,6.16654452674962,73,0,24455
E1a,E1g,N1,co,12,svr,rmse,2.954458089720468,6.911517856634109,10.280799742035244,7.326341652314776,73,0,24455
E1a,E1g,N1,co,12,svr,smape,23.6832642858945,38.085439783679305,47.20397180568419,23.52070751978969,73,0,24455
E1a,E1g,N1,co,12,svr,mase,1.9512910328491309,2.7892834854835145,4.133690543368676,2.182399510519545,73,0,24455
E1a,E1g,N1,co,12,svr,r2,-0.1087066165817409,0.0759598199713795,0.4233255992796879,0.5320322158614289,73,0,24455
E1a,E1a,N2,co,1,lr,mae,0.16453972909587,0.5410706882965164,3.051127181460944,2.8865874523650743,368,0,127328
E1a,E1a,N2,co,1,lr,rmse,0.328205669204635,1.376798546600841,7.566915803684376,7.23871013447974,368,0,127328
E1a,E1a,N2,co,1,lr,smape,6.832607764968349,16.466398287538254,26.465929549760457,19.63332178479211,368,0,127328
E1a,E1a,N2,co,1,lr,mase,0.9911149325874768,1.2375665573809171,1.629382789487624,0.6382678569001473,368,0,127328
E1a,E1a,N2,co,1,lr,r2,-0.6979832416559331,0.0622951108269773,0.7791114737960815,1.4770947154520149,365,3,127328
E1a,E1g,N2,co,1,lr,mae,0.7975635134524388,1.418118693120329,2.7399382097411307,1.942374696288692,73,0,25258
E1a,E1g,N2,co,1,lr,rmse,1.5453533527461143,2.877084265335504,4.322943481943479,2.777590129197365,73,0,25258
E1a,E1g,N2,co,1,lr,smape,11.314448934538811,14.808785358114116,19.09824185229509,7.783792917756278,73,0,25258
E1a,E1g,N2,co,1,lr,mase,0.8679672031810722,1.1177880345407178,1.288370305285425,0.4204031021043527,73,0,25258
E1a,E1g,N2,co,1,lr,r2,0.6193871100184891,0.795886457427371,0.9353527892439604,0.3159656792254711,73,0,25258
E1a,E1a,N2,co,1,ridge,mae,0.1644046757496617,0.5410760528824266,3.050722095855143,2.886317420105481,368,0,127328
E1a,E1a,N2,co,1,ridge,rmse,0.3281637932201754,1.376823505417062,7.566688474297829,7.238524681077653,368,0,127328
E1a,E1a,N2,co,1,ridge,smape,6.827787483796165,16.46173132293915,26.468345942123232,19.640558458327067,368,0,127328
E1a,E1a,N2,co,1,ridge,mase,0.990786105243986,1.2368109781338807,1.629186639094729,0.6384005338507429,368,0,127328
E1a,E1a,N2,co,1,ridge,r2,-0.6977889623686164,0.0643635066404885,0.7791085661367589,1.4768975285053754,365,3,127328
E1a,E1g,N2,co,1,ridge,mae,0.7975958764590965,1.418017442072839,2.739787071644689,1.9421911951855928,73,0,25258
E1a,E1g,N2,co,1,ridge,rmse,1.545278043553037,2.876841176210434,4.322902734955581,2.7776246914025435,73,0,25258
E1a,E1g,N2,co,1,ridge,smape,11.312987678847566,14.806550729215177,19.0889907073882,7.776003028540636,73,0,25258
E1a,E1g,N2,co,1,ridge,mase,0.8678461368232882,1.1176564827973037,1.2879690885384425,0.4201229517151541,73,0,25258
E1a,E1g,N2,co,1,ridge,r2,0.6193627865552054,0.7959022519099099,0.93535711951367,0.3159943329584647,73,0,25258
E1a,E1a,N2,co,1,rf,mae,0.1469711890212298,0.4488628918972903,2.389649501076465,2.242678312055235,368,0,127328
E1a,E1a,N2,co,1,rf,rmse,0.3226197600487561,1.345319280938758,7.33109977404674,7.008480013997984,368,0,127328
E1a,E1a,N2,co,1,rf,smape,6.125856344613795,11.21390238521412,20.45060831292432,14.32475196831052,368,0,127328
E1a,E1a,N2,co,1,rf,mase,0.8858160179952186,1.104890534240913,1.3885318764379722,0.5027158584427536,368,0,127328
E1a,E1a,N2,co,1,rf,r2,-0.617904292384124,0.1360052258563512,0.7905764778091564,1.4084807701932804,365,3,127328
E1a,E1g,N2,co,1,rf,mae,0.7124708099606336,1.1429880716185423,2.4385435464168754,1.7260727364562418,73,0,25258
E1a,E1g,N2,co,1,rf,rmse,1.5088175910022708,2.7626379768303444,4.3618347677030425,2.853017176700772,73,0,25258
E1a,E1g,N2,co,1,rf,smape,9.627246187856226,11.905857038526335,16.453948234930195,6.826702047073969,73,0,25258
E1a,E1g,N2,co,1,rf,mase,0.7755953054963932,0.9602610232459156,1.1345379031752572,0.3589425976788639,73,0,25258
E1a,E1g,N2,co,1,rf,r2,0.6141737214458944,0.8031390590090648,0.9370320905788168,0.3228583691329223,73,0,25258
E1a,E1a,N2,co,1,xgb,mae,0.1425524512810116,0.4736192333444917,2.7478386820720857,2.6052862307910742,368,0,127328
E1a,E1a,N2,co,1,xgb,rmse,0.2878472081547364,1.2127776528962704,7.433489708475081,7.145642500320345,368,0,127328
E1a,E1a,N2,co,1,xgb,smape,6.332364958628557,13.725209114213808,26.782627313519946,20.450262354891382,368,0,127328
E1a,E1a,N2,co,1,xgb,mase,0.8344382800050574,1.0423032149991025,1.4592451005824112,0.6248068205773538,368,0,127328
E1a,E1a,N2,co,1,xgb,r2,-0.2332428566992721,0.229193716673121,0.7910532432300188,1.024296099929291,365,3,127328
E1a,E1g,N2,co,1,xgb,mae,0.8604462191404735,1.210872461576994,2.756096553404068,1.895650334263594,73,0,25258
E1a,E1g,N2,co,1,xgb,rmse,1.6376418455207828,2.811638206122849,4.749226041907485,3.111584196386702,73,0,25258
E1a,E1g,N2,co,1,xgb,smape,10.711971336849906,14.826169617996484,19.02173548692421,8.309764150074304,73,0,25258
E1a,E1g,N2,co,1,xgb,mase,0.8719653010099113,1.0897870454415082,1.2788410271630368,0.4068757261531255,73,0,25258
E1a,E1g,N2,co,1,xgb,r2,0.5969787917039155,0.7836109530703197,0.927228775312519,0.3302499836086034,73,0,25258
E1a,E1a,N2,co,1,svr,mae,0.1247678853899353,0.417622584800166,2.298720487852656,2.1739526024627205,368,0,127328
E1a,E1a,N2,co,1,svr,rmse,0.2841943561956814,1.2302686252554549,7.187537935120401,6.90334357892472,368,0,127328
E1a,E1a,N2,co,1,svr,smape,4.905177788793624,10.418294320837138,19.47751830754117,14.57234051874755,368,0,127328
E1a,E1a,N2,co,1,svr,mase,0.7512657328373166,0.9177763518923098,1.236578922964806,0.4853131901274893,368,0,127328
E1a,E1a,N2,co,1,svr,r2,-0.2168165607877532,0.2835546032336629,0.8065109609108305,1.0233275216985838,365,3,127328
E1a,E1g,N2,co,1,svr,mae,0.79743648230763,1.2409609423388346,2.7065573939388154,1.9091209116311847,73,0,25258
E1a,E1g,N2,co,1,svr,rmse,1.5337682852441257,2.7990055213965297,4.632265540726285,3.09849725548216,73,0,25258
E1a,E1g,N2,co,1,svr,smape,9.8700437308638,13.167799990215553,17.515700400831,7.645656669967201,73,0,25258
E1a,E1g,N2,co,1,svr,mase,0.8035869968128115,1.036142773486309,1.2257809102093584,0.4221939133965469,73,0,25258
E1a,E1g,N2,co,1,svr,r2,0.5826954209146011,0.79099084748525,0.9310363456093288,0.3483409246947277,73,0,25258
E1a,E1a,N2,co,6,lr,mae,0.1439852910984089,0.6140513289863727,6.586451413509503,6.442466122411093,368,0,125488
E1a,E1a,N2,co,6,lr,rmse,0.3327824670332254,1.5678357359575124,16.92684793950438,16.594065472471154,368,0,125488
E1a,E1a,N2,co,6,lr,smape,6.7076551016783,15.60707016868411,33.049333304292915,26.341678202614617,368,0,125488
E1a,E1a,N2,co,6,lr,mase,1.0769918209562337,1.5126091798090908,2.369219497191461,1.2922276762352278,368,0,125488
E1a,E1a,N2,co,6,lr,r2,-1.0586672423977237,-0.4911834921735849,0.4031387782035742,1.4618060206012975,365,3,125488
E1a,E1g,N2,co,6,lr,mae,1.2876026999619488,2.813949179046007,7.074332531961929,5.78672983199998,73,0,24893
E1a,E1g,N2,co,6,lr,rmse,3.27486121326754,5.928415042215011,10.505661578942334,7.230800365674794,73,0,24893
E1a,E1g,N2,co,6,lr,smape,17.04180181048384,27.31506882219692,37.42807123841854,20.3862694279347,73,0,24893
E1a,E1g,N2,co,6,lr,mase,1.7523163193166165,2.4375504063962223,2.8667862737320298,1.1144699544154133,73,0,24893
E1a,E1g,N2,co,6,lr,r2,-0.4747314327412366,0.1228826968555222,0.6670254908072498,1.1417569235484866,73,0,24893
E1a,E1a,N2,co,6,ridge,mae,0.1439852874487746,0.6140513196562327,6.586451361727591,6.4424660742788165,368,0,125488
E1a,E1a,N2,co,6,ridge,rmse,0.3327824654483028,1.5678357334020978,16.926847882660326,16.594065417212022,368,0,125488
E1a,E1a,N2,co,6,ridge,smape,6.707654752576206,15.607069115965144,33.049333690377445,26.34167893780124,368,0,125488
E1a,E1a,N2,co,6,ridge,mase,1.0769918160946417,1.5126091776907704,2.369219454320412,1.29222763822577,368,0,125488
E1a,E1a,N2,co,6,ridge,r2,-1.0586672245417523,-0.4911834913109341,0.4031387806825649,1.4618060052243176,365,3,125488
E1a,E1g,N2,co,6,ridge,mae,1.2876026951603097,2.813949165108387,7.07433254840487,5.786729853244561,73,0,24893
E1a,E1g,N2,co,6,ridge,rmse,3.274861211763743,5.928415035369071,10.50566157322742,7.230800361463678,73,0,24893
E1a,E1g,N2,co,6,ridge,smape,17.04180177440266,27.31506776880413,37.42807113440131,20.386269359998646,73,0,24893
E1a,E1g,N2,co,6,ridge,mase,1.7523163051068322,2.4375504101725403,2.8667862707208887,1.1144699656140564,73,0,24893
E1a,E1g,N2,co,6,ridge,r2,-0.4747314139607679,0.122882696141469,0.6670254909830301,1.141756904943798,73,0,24893
E1a,E1a,N2,co,6,rf,mae,0.1341939711292923,0.5958110765884729,6.501023834165742,6.3668298630364495,368,0,125488
E1a,E1a,N2,co,6,rf,rmse,0.3241326230768002,1.5453429124874405,17.021713509096116,16.697580886019317,368,0,125488
E1a,E1a,N2,co,6,rf,smape,6.25421696321809,14.030865488777032,28.33758264434972,22.083365681131625,368,0,125488
E1a,E1a,N2,co,6,rf,mase,0.9798659645620924,1.451586222307413,2.2792144796804577,1.2993485151183657,368,0,125488
E1a,E1a,N2,co,6,rf,r2,-0.9555812280027038,-0.4481944914773041,0.3971981956346867,1.3527794236373905,365,3,125488
E1a,E1g,N2,co,6,rf,mae,1.2413998116237015,2.724511828292501,6.971058075820975,5.729658264197273,73,0,24893
E1a,E1g,N2,co,6,rf,rmse,3.2804599243363217,5.819323828603157,10.319341043821954,7.038881119485632,73,0,24893
E1a,E1g,N2,co,6,rf,smape,16.969922029613866,25.631482740831068,36.2915380726255,19.32161604301164,73,0,24893
E1a,E1g,N2,co,6,rf,mase,1.7220522661682782,2.357933051081363,2.80399309355663,1.0819408273883524,73,0,24893
E1a,E1g,N2,co,6,rf,r2,-0.3863919724004834,0.1449697157017027,0.6737076167739777,1.0600995891744611,73,0,24893
E1a,E1a,N2,co,6,xgb,mae,0.1550733142898112,0.6279916672860704,6.87853315645634,6.7234598421665295,368,0,125488
E1a,E1a,N2,co,6,xgb,rmse,0.3392147637172159,1.5648669276743177,17.198204736059804,16.858989972342588,368,0,125488
E1a,E1a,N2,co,6,xgb,smape,7.123777905541394,16.548270907703014,35.78898939965466,28.665211494113265,368,0,125488
E1a,E1a,N2,co,6,xgb,mase,1.105310877961542,1.6279646498623357,2.538270869899113,1.432959991937571,368,0,125488
E1a,E1a,N2,co,6,xgb,r2,-1.015040033572472,-0.5384196268331791,0.3348779382272512,1.349917971799723,365,3,125488
E1a,E1g,N2,co,6,xgb,mae,1.337765857431391,2.839904812364684,7.135863860512359,5.798098003080968,73,0,24893
E1a,E1g,N2,co,6,xgb,rmse,3.273290932860557,5.91466248156364,10.464934568622157,7.191643635761599,73,0,24893
E1a,E1g,N2,co,6,xgb,smape,17.82757025904895,28.13608184435965,37.65380926549866,19.826239006449708,73,0,24893
E1a,E1g,N2,co,6,xgb,mase,1.7794359514128677,2.466740246281612,2.9102889501548583,1.1308529987419909,73,0,24893
E1a,E1g,N2,co,6,xgb,r2,-0.5934543351149217,0.1389845875146917,0.6703691012746265,1.2638234363895482,73,0,24893
E1a,E1a,N2,co,6,svr,mae,0.1428306304666095,0.6145854556999948,6.550507918111154,6.407677287644544,368,0,125488
E1a,E1a,N2,co,6,svr,rmse,0.3297870971524633,1.558052522877002,16.8661175126266,16.53633041547414,368,0,125488
E1a,E1a,N2,co,6,svr,smape,6.576528526748996,15.59108403574828,30.70339298341058,24.126864456661583,368,0,125488
E1a,E1a,N2,co,6,svr,mase,1.0350329283041724,1.504860485932061,2.2885703410340463,1.253537412729874,368,0,125488
E1a,E1a,N2,co,6,svr,r2,-0.9566541537581796,-0.4523442655085936,0.3828088985966994,1.339463052354879,365,3,125488
E1a,E1g,N2,co,6,svr,mae,1.2960754234808478,2.746875083410065,7.093697689155694,5.797622265674846,73,0,24893
E1a,E1g,N2,co,6,svr,rmse,3.274140590744258,5.784345339181848,10.36995209628806,7.095811505543802,73,0,24893
E1a,E1g,N2,co,6,svr,smape,17.079345413115654,26.30092708685849,36.505966058866754,19.4266206457511,73,0,24893
E1a,E1g,N2,co,6,svr,mase,1.7520186946918188,2.4492128985471817,2.877459731284645,1.125441036592826,73,0,24893
E1a,E1g,N2,co,6,svr,r2,-0.4297581509978063,0.1362398929633029,0.673592052186307,1.1033502031841134,73,0,24893
E1a,E1a,N2,co,12,lr,mae,0.1356717181935435,0.580397151407355,9.238785182358477,9.103113464164933,368,0,123280
E1a,E1a,N2,co,12,lr,rmse,0.3255733388330998,1.5508525787159284,21.519079661469465,21.193506322636363,368,0,123280
E1a,E1a,N2,co,12,lr,smape,6.447203809003478,14.595601163064092,38.82029699460309,32.373093185599615,368,0,123280
E1a,E1a,N2,co,12,lr,mase,0.922507273507964,1.5784760537505726,2.758206589158303,1.835699315650339,368,0,123280
E1a,E1a,N2,co,12,lr,r2,-0.9408430106291694,-0.4078111597089722,0.3029355369842192,1.243778547613389,365,3,123280
E1a,E1g,N2,co,12,lr,mae,1.4812507266080404,3.80665151433996,7.1048390386788975,5.623588312070857,73,0,24455
E1a,E1g,N2,co,12,lr,rmse,3.915430177228885,6.982744448879204,10.77131698914785,6.855886811918966,73,0,24455
E1a,E1g,N2,co,12,lr,smape,22.35243528591173,34.2715569846545,41.5785333069766,19.22609802106487,73,0,24455
E1a,E1g,N2,co,12,lr,mase,1.9842681643833884,2.681118657067949,3.7158977101977446,1.7316295458143562,73,0,24455
E1a,E1g,N2,co,12,lr,r2,-0.6918319455645618,-0.0007590798225274,0.4405057563025937,1.1323377018671557,73,0,24455
E1a,E1a,N2,co,12,ridge,mae,0.1356717188534849,0.5803971528324479,9.238785123287768,9.103113404434282,368,0,123280
E1a,E1a,N2,co,12,ridge,rmse,0.3255733388194872,1.5508525805590274,21.519079602426224,21.193506263606736,368,0,123280
E1a,E1a,N2,co,12,ridge,smape,6.447203734788215,14.595601284431153,38.82029551915038,32.37309178436216,368,0,123280
E1a,E1a,N2,co,12,ridge,mase,0.9225072761484444,1.5784760513850955,2.7582065820042736,1.835699305855829,368,0,123280
E1a,E1a,N2,co,12,ridge,r2,-0.940843020588982,-0.4078111582872481,0.3029355370726164,1.2437785576615985,365,3,123280
E1a,E1g,N2,co,12,ridge,mae,1.4812507260395114,3.806651508791191,7.104839048917035,5.623588322877524,73,0,24455
E1a,E1g,N2,co,12,ridge,rmse,3.915430174744282,6.982744441273919,10.771317032497782,6.8558868577535,73,0,24455
E1a,E1g,N2,co,12,ridge,smape,22.35243515683124,34.27155647736593,41.57853277160265,19.22609761477141,73,0,24455
E1a,E1g,N2,co,12,ridge,mase,1.9842681700188884,2.681118660470456,3.715897715552386,1.7316295455334982,73,0,24455
E1a,E1g,N2,co,12,ridge,r2,-0.6918319414975005,-0.0007590834206512,0.4405057580904765,1.132337699587977,73,0,24455
E1a,E1a,N2,co,12,rf,mae,0.1238512982685776,0.5642073508459282,9.243923304507067,9.12007200623849,368,0,123280
E1a,E1a,N2,co,12,rf,rmse,0.3229407312562267,1.588773169448603,21.54868565170917,21.225744920452943,368,0,123280
E1a,E1a,N2,co,12,rf,smape,5.735568161263227,13.792541596711708,36.92424373127848,31.188675570015253,368,0,123280
E1a,E1a,N2,co,12,rf,mase,0.8819322104322416,1.531655056616447,2.760185998047961,1.87825378761572,368,0,123280
E1a,E1a,N2,co,12,rf,r2,-0.9094290451484612,-0.3706528359022365,0.2820852494879629,1.191514294636424,365,3,123280
E1a,E1g,N2,co,12,rf,mae,1.5002681741955015,3.817931247348389,7.147733334723095,5.647465160527593,73,0,24455
E1a,E1g,N2,co,12,rf,rmse,3.914157151727887,6.983370784436215,10.75660802360738,6.842450871879494,73,0,24455
E1a,E1g,N2,co,12,rf,smape,21.520618642214384,34.11153815052751,41.096278856586174,19.57566021437179,73,0,24455
E1a,E1g,N2,co,12,rf,mase,1.992031069049356,2.681774843912481,3.707865475451464,1.7158344064021087,73,0,24455
E1a,E1g,N2,co,12,rf,r2,-0.6862502431824695,0.0034051958640431,0.4423540072733253,1.128604250455795,73,0,24455
E1a,E1a,N2,co,12,xgb,mae,0.160868332845768,0.6215918859929843,9.687543387270512,9.526675054424745,368,0,123280
E1a,E1a,N2,co,12,xgb,rmse,0.3444147528130248,1.6101678071358845,21.81324966811954,21.46883491530652,368,0,123280
E1a,E1a,N2,co,12,xgb,smape,8.0379854529431,17.51533638898725,44.62619154873565,36.58820609579254,368,0,123280
E1a,E1a,N2,co,12,xgb,mase,1.1369642672282816,1.7449034979171665,3.0441401239752883,1.9071758567470067,368,0,123280
E1a,E1a,N2,co,12,xgb,r2,-1.050288658407907,-0.6030406922739564,0.173821484592594,1.224110143000501,365,3,123280
E1a,E1g,N2,co,12,xgb,mae,1.6241601046462737,3.957851262474629,7.412742543661401,5.788582439015127,73,0,24455
E1a,E1g,N2,co,12,xgb,rmse,3.9202267574735536,7.040176541709747,10.930331164181668,7.010104406708114,73,0,24455
E1a,E1g,N2,co,12,xgb,smape,22.861740189224992,35.21266092227511,42.78878827351656,19.927048084291567,73,0,24455
E1a,E1g,N2,co,12,xgb,mase,2.0277233961691903,2.7355666187441345,3.7826789596257417,1.7549555634565517,73,0,24455
E1a,E1g,N2,co,12,xgb,r2,-0.7642739574880111,-0.0083297538377997,0.436587254908359,1.20086121239637,73,0,24455
E1a,E1a,N2,co,12,svr,mae,0.1414821284927135,0.5975278959527373,9.323206467824331,9.18172433933162,368,0,123280
E1a,E1a,N2,co,12,svr,rmse,0.3454412597771562,1.6443476131491586,21.63102429711808,21.28558303734092,368,0,123280
E1a,E1a,N2,co,12,svr,smape,6.499934464284883,15.50726970401702,39.311432349730765,32.81149788544588,368,0,123280
E1a,E1a,N2,co,12,svr,mase,0.960519938205134,1.6457190543964444,2.743922403949109,1.7834024657439749,368,0,123280
E1a,E1a,N2,co,12,svr,r2,-1.0090210989190802,-0.4685621579818617,0.2531381189379661,1.2621592178570462,365,3,123280
E1a,E1g,N2,co,12,svr,mae,1.4773186862631786,3.847428576669458,7.326733432270564,5.849414746007385,73,0,24455
E1a,E1g,N2,co,12,svr,rmse,3.911524904577412,7.032056926655205,10.881800406630656,6.970275502053244,73,0,24455
E1a,E1g,N2,co,12,svr,smape,22.41931910861512,34.8049781759599,41.51962760973309,19.10030850111798,73,0,24455
E1a,E1g,N2,co,12,svr,mase,2.026320444967267,2.693159520940458,3.775207299038796,1.7488868540715283,73,0,24455
E1a,E1g,N2,co,12,svr,r2,-0.7906603219549437,-0.0082901043941914,0.4461461915387712,1.236806513493715,73,0,24455
E1g,E1g,N0,co,1,lr,mae,0.8778726710620335,1.5437272181240378,2.910341008722933,2.0324683376608994,73,0,25258
E1g,E1g,N0,co,1,lr,rmse,1.5722145301429933,2.904050385670728,4.522872511541617,2.950657981398624,73,0,25258
E1g,E1g,N0,co,1,lr,smape,12.198817689888598,15.497207712860432,20.66438299176412,8.465565301875523,73,0,25258
E1g,E1g,N0,co,1,lr,mase,0.9484808491334316,1.208876480080797,1.451251343556382,0.5027704944229505,73,0,25258
E1g,E1g,N0,co,1,lr,r2,0.6048113640266842,0.799073393779903,0.9315334985707182,0.326722134544034,73,0,25258
E1g,E1a,N0,co,1,lr,mae,0.1879893734199086,0.5994769805457552,3.824913409912197,3.636924036492288,368,0,127328
E1g,E1a,N0,co,1,lr,rmse,0.3435405213989441,1.390205939259599,7.646263823845612,7.302723302446668,368,0,127328
E1g,E1a,N0,co,1,lr,smape,8.63886969950804,16.710420399095796,26.258593711322245,17.619724011814206,368,0,127328
E1g,E1a,N0,co,1,lr,mase,1.0813308746175077,1.469563956505032,1.8745178963440967,0.7931870217265897,368,0,127328
E1g,E1a,N0,co,1,lr,r2,-0.9298224818705298,0.0262094955342335,0.7761184761249736,1.7059409579955034,365,3,127328
E1g,E1g,N0,co,1,ridge,mae,0.8793679378618835,1.552862846874364,2.916872695732718,2.0375047578708343,73,0,25258
E1g,E1g,N0,co,1,ridge,rmse,1.5766735315284008,2.911028647366495,4.529709755225225,2.953036223696824,73,0,25258
E1g,E1g,N0,co,1,ridge,smape,12.25370595942721,15.564829634109294,20.726513885667515,8.472807926240305,73,0,25258
E1g,E1g,N0,co,1,ridge,mase,0.9500944825613774,1.2124879867153733,1.4564853779908302,0.5063908954294528,73,0,25258
E1g,E1g,N0,co,1,ridge,r2,0.6040000959942835,0.7994254262017395,0.931330878334991,0.3273307823407074,73,0,25258
E1g,E1a,N0,co,1,ridge,mae,0.189112444868178,0.602706186867016,3.853250297792545,3.664137852924367,368,0,127328
E1g,E1a,N0,co,1,ridge,rmse,0.3444593401372937,1.3924978573438789,7.654546261458583,7.310086921321289,368,0,127328
E1g,E1a,N0,co,1,ridge,smape,8.647866436191837,16.775781815636375,26.329073616763136,17.6812071805713,368,0,127328
E1g,E1a,N0,co,1,ridge,mase,1.0869346977743262,1.4773299119778591,1.8857868395464723,0.7988521417721461,368,0,127328
E1g,E1a,N0,co,1,ridge,r2,-0.9423061699433104,0.0212872003565853,0.775331763595867,1.7176379335391774,365,3,127328
E1g,E1g,N0,co,1,rf,mae,0.8178773438111722,1.2279630258718754,3.032947828169572,2.2150704843583995,73,0,25258
E1g,E1g,N0,co,1,rf,rmse,1.548181953403095,2.6562083703156287,4.7738770931280925,3.2256951397249978,73,0,25258
E1g,E1g,N0,co,1,rf,smape,10.83316626318835,14.320626760920195,18.588612860313823,7.755446597125474,73,0,25258
E1g,E1g,N0,co,1,rf,mase,0.8812306354010572,1.084419389946665,1.3244834899331428,0.4432528545320856,73,0,25258
E1g,E1g,N0,co,1,rf,r2,0.664266542484858,0.8074021232420471,0.9290187383045704,0.2647521958197124,73,0,25258
E1g,E1a,N0,co,1,rf,mae,0.2210912437649195,0.6303955786071179,8.36303422808742,8.141942984322501,368,0,127328
E1g,E1a,N0,co,1,rf,rmse,0.4114433514099187,1.643066064633993,13.431429170332056,13.019985818922136,368,0,127328
E1g,E1a,N0,co,1,rf,smape,8.37488884697985,17.263836430847626,46.64556468612936,38.270675839149504,368,0,127328
E1g,E1a,N0,co,1,rf,mase,1.1681956130445024,1.7378484359136004,2.885699743658929,1.7175041306144263,368,0,127328
E1g,E1a,N0,co,1,rf,r2,-1.0824421001107374,0.0227493255669684,0.549990848921488,1.6324329490322254,365,3,127328
E1g,E1g,N0,co,1,xgb,mae,0.8697984828681222,1.3101711434929368,3.394704753467278,2.524906270599156,73,0,25258
E1g,E1g,N0,co,1,xgb,rmse,1.6408340090931035,2.7694293516210835,4.981506299092974,3.3406722899998704,73,0,25258
E1g,E1g,N0,co,1,xgb,smape,11.136735206613276,15.261636806975098,19.940847732168145,8.804112525554867,73,0,25258
E1g,E1g,N0,co,1,xgb,mase,0.9578078446445284,1.159417688665707,1.427860259605529,0.4700524149610006,73,0,25258
E1g,E1g,N0,co,1,xgb,r2,0.6255346503691956,0.7755569038154755,0.926841567952014,0.3013069175828183,73,0,25258
E1g,E1a,N0,co,1,xgb,mae,0.2255536031409028,0.6556582577540925,10.77528783151869,10.549734228377789,368,0,127328
E1g,E1a,N0,co,1,xgb,rmse,0.4594231023590113,1.656260079855754,16.373639269732294,15.914216167373285,368,0,127328
E1g,E1a,N0,co,1,xgb,smape,8.39167878230786,17.559118079841284,56.33627601415187,47.944597231844014,368,0,127328
E1g,E1a,N0,co,1,xgb,mase,1.2341154763006803,1.8617282599377645,3.2307761063548845,1.996660630054204,368,0,127328
E1g,E1a,N0,co,1,xgb,r2,-1.2625915159589125,-0.1988387408407803,0.3943819642430016,1.656973480201914,365,3,127328
E1g,E1g,N0,co,1,svr,mae,0.7364006971013353,1.3082397832109829,3.169289832970629,2.432889135869294,73,0,25258
E1g,E1g,N0,co,1,svr,rmse,1.499445802995941,2.928279991839476,4.933999188967358,3.434553385971417,73,0,25258
E1g,E1g,N0,co,1,svr,smape,10.02493797486775,13.779556908795302,18.905549675896,8.88061170102825,73,0,25258
E1g,E1g,N0,co,1,svr,mase,0.8482083783192187,1.0958523579791737,1.309539982451213,0.4613316041319943,73,0,25258
E1g,E1g,N0,co,1,svr,r2,0.6289545482592207,0.7826677504760156,0.9301440746458288,0.3011895263866081,73,0,25258
E1g,E1a,N0,co,1,svr,mae,0.1270426203061765,0.4915957505457738,15.369765178924633,15.242722558618455,368,0,127328
E1g,E1a,N0,co,1,svr,rmse,0.2743254042729767,1.3450976025917545,18.77521021467912,18.500884810406145,368,0,127328
E1g,E1a,N0,co,1,svr,smape,5.5407260546059405,13.05944960026054,63.66925334693692,58.12852729233098,368,0,127328
E1g,E1a,N0,co,1,svr,mase,0.8581239952385036,1.3548548055753928,2.729777671472851,1.871653676234348,368,0,127328
E1g,E1a,N0,co,1,svr,r2,-0.4620903836000225,-0.0728225508303177,0.2051874496926662,0.6672778332926887,365,3,127328
E1g,E1g,N0,co,6,lr,mae,1.5385540168306189,3.4107139996841287,7.146911632087349,5.60835761525673,73,0,24893
E1g,E1g,N0,co,6,lr,rmse,3.406732143556078,5.613993008145035,9.147344022088364,5.7406118785322855,73,0,24893
E1g,E1g,N0,co,6,lr,smape,27.11783096087495,34.94300476414145,43.59181103906246,16.473980078187513,73,0,24893
E1g,E1g,N0,co,6,lr,mase,2.132804019205318,2.5901997477182133,3.5520833194154298,1.4192793002101118,73,0,24893
E1g,E1g,N0,co,6,lr,r2,-0.2602995244110575,0.3444470151324078,0.6529087427064513,0.9132082671175088,73,0,24893
E1g,E1a,N0,co,6,lr,mae,0.5438743760175955,0.990866650765574,9.091495251222977,8.547620875205382,368,0,125488
E1g,E1a,N0,co,6,lr,rmse,0.6222448920612729,1.546714245049009,17.037574637875082,16.41532974581381,368,0,125488
E1g,E1a,N0,co,6,lr,smape,25.370453935658865,37.73366513904307,51.75895837454713,26.388504438888265,368,0,125488
E1g,E1a,N0,co,6,lr,mase,2.254475859140631,3.339426091181383,5.630827250773065,3.3763513916324337,368,0,125488
E1g,E1a,N0,co,6,lr,r2,-4.089744551614953,-0.6348241187614225,0.3228882807729919,4.412632832387946,365,3,125488
E1g,E1g,N0,co,6,ridge,mae,1.5385546697135888,3.4107135617826936,7.146910969959349,5.60835630024576,73,0,24893
E1g,E1g,N0,co,6,ridge,rmse,3.4067328368298555,5.613992276435753,9.147344934779577,5.74061209794972,73,0,24893
E1g,E1g,N0,co,6,ridge,smape,27.117863177455263,34.94299927780087,43.5918139026836,16.473950725228338,73,0,24893
E1g,E1g,N0,co,6,ridge,mase,2.1328043448804963,2.590199724413003,3.55208258301944,1.419278238138944,73,0,24893
E1g,E1g,N0,co,6,ridge,r2,-0.2603000428533535,0.3444472024305475,0.6529086166871894,0.9132086595405428,73,0,24893
E1g,E1a,N0,co,6,ridge,mae,0.5438749090607724,0.9908671157583054,9.091492816717306,8.547617907656534,368,0,125488
E1g,E1a,N0,co,6,ridge,rmse,0.6222453696681794,1.5467147000267931,17.037577728687516,16.415332359019338,368,0,125488
E1g,E1a,N0,co,6,ridge,smape,25.37048021602536,37.7336725351818,51.75896465066592,26.38848443464056,368,0,125488
E1g,E1a,N0,co,6,ridge,mase,2.254475838410991,3.339428033009209,5.630832510531879,3.376356672120888,368,0,125488
E1g,E1a,N0,co,6,ridge,r2,-4.089753023242109,-0.634822956713085,0.3228888307104405,4.412641853952549,365,3,125488
E1g,E1g,N0,co,6,rf,mae,1.4490364980438046,3.175287038931252,6.991457389832395,5.54242089178859,73,0,24893
E1g,E1g,N0,co,6,rf,rmse,2.971460848278641,5.294542602451037,9.012265512266262,6.040804663987621,73,0,24893
E1g,E1g,N0,co,6,rf,smape,23.38000812888101,32.38604117729238,38.394347559747466,15.01433943086646,73,0,24893
E1g,E1g,N0,co,6,rf,mase,2.0762556933318965,2.52423251940256,3.2369461684165937,1.1606904750846971,73,0,24893
E1g,E1g,N0,co,6,rf,r2,-0.1983515410952214,0.3705073539434453,0.6836743319291518,0.8820258730243733,73,0,24893
E1g,E1a,N0,co,6,rf,mae,0.6429662670334965,1.4032197993198026,15.190625937944116,14.54765967091062,368,0,125488
E1g,E1a,N0,co,6,rf,rmse,0.9682094595355358,2.487964523960116,21.36502123924636,20.396811779710816,368,0,125488
E1g,E1a,N0,co,6,rf,smape,19.43014016183924,35.31264572025022,81.20645857285012,61.77631841101089,368,0,125488
E1g,E1a,N0,co,6,rf,mase,2.3795489502880995,3.92130290574627,7.274533097739256,4.894984147451156,368,0,125488
E1g,E1a,N0,co,6,rf,r2,-5.732228987677727,-1.086529452559597,-0.0137329262211793,5.718496061456548,365,3,125488
E1g,E1g,N0,co,6,xgb,mae,1.5064969713903311,3.180318868706936,7.000350486755549,5.493853515365218,73,0,24893
E1g,E1g,N0,co,6,xgb,rmse,2.988299467038354,5.37365320516022,9.07771878097786,6.089419313939507,73,0,24893
E1g,E1g,N0,co,6,xgb,smape,25.28975529623344,33.01967109828687,39.39623212854564,14.1064768323122,73,0,24893
E1g,E1g,N0,co,6,xgb,mase,2.0098953636996506,2.537959084944791,3.386554575802256,1.3766592121026051,73,0,24893
E1g,E1g,N0,co,6,xgb,r2,-0.2559655131357314,0.3485905512395363,0.6954567915238223,0.9514223046595538,73,0,24893
E1g,E1a,N0,co,6,xgb,mae,0.6467270664655369,1.373959419518738,15.04940130852476,14.402674242059224,368,0,125488
E1g,E1a,N0,co,6,xgb,rmse,0.9723448743202154,2.297482649768827,21.84077890105648,20.868434026736267,368,0,125488
E1g,E1a,N0,co,6,xgb,smape,20.336476823160645,37.02023028452135,78.00609114976211,57.66961432660147,368,0,125488
E1g,E1a,N0,co,6,xgb,mase,2.51140599700987,4.131506895402572,7.450227569831286,4.938821572821416,368,0,125488
E1g,E1a,N0,co,6,xgb,r2,-7.158274925366465,-1.2411990321203707,-0.0338425525720567,7.124432372794408,365,3,125488
E1g,E1g,N0,co,6,svr,mae,1.2611413653596084,3.0571357785923223,7.041602172451933,5.780460807092324,73,0,24893
E1g,E1g,N0,co,6,svr,rmse,3.4787324257560805,5.580384656105432,9.421393900131976,5.942661474375896,73,0,24893
E1g,E1g,N0,co,6,svr,smape,18.284449874693376,28.65311351452681,36.24752382208508,17.963073947391702,73,0,24893
E1g,E1g,N0,co,6,svr,mase,1.6006047085207862,2.4470111332636373,2.8977114075723613,1.2971066990515752,73,0,24893
E1g,E1g,N0,co,6,svr,r2,-0.1784547482024585,0.310573335064241,0.6533812786507072,0.8318360268531657,73,0,24893
E1g,E1a,N0,co,6,svr,mae,0.1296368472233012,0.5997649969359413,15.994819358054198,15.865182510830897,368,0,125488
E1g,E1a,N0,co,6,svr,rmse,0.2632152694949928,1.4096622680858577,21.48392868715869,21.2207134176637,368,0,125488
E1g,E1a,N0,co,6,svr,smape,6.355981532237216,15.69583346540233,68.77477605225212,62.418794520014906,368,0,125488
E1g,E1a,N0,co,6,svr,mase,0.9198053868008518,1.6007535082558304,3.599318864778027,2.679513477977175,368,0,125488
E1g,E1a,N0,co,6,svr,r2,-0.5065118026495783,-0.1549649290029731,0.1060720542881381,0.6125838569377164,365,3,125488
E1g,E1g,N0,co,12,lr,mae,1.9609589660440487,4.602274696537111,7.427744811698724,5.466785845654675,73,0,24455
E1g,E1g,N0,co,12,lr,rmse,3.779807165556017,6.878802027661564,9.738433470467347,5.958626304911331,73,0,24455
E1g,E1g,N0,co,12,lr,smape,32.47781446738393,40.48635365584314,49.4766672433152,16.99885277593127,73,0,24455
E1g,E1g,N0,co,12,lr,mase,2.422085099655092,3.018005961499575,4.625610703525406,2.2035256038703137,73,0,24455
E1g,E1g,N0,co,12,lr,r2,-0.1970933323405048,0.1549757216252739,0.4291171444253291,0.626210476765834,73,0,24455
E1g,E1a,N0,co,12,lr,mae,0.6858420741999407,1.170094753246703,10.039248602576246,9.353406528376304,368,0,123280
E1g,E1a,N0,co,12,lr,rmse,0.7790278928308775,1.691321951918781,20.782256133351744,20.003228240520865,368,0,123280
E1g,E1a,N0,co,12,lr,smape,30.0373166148898,43.16161383077534,61.86207553171913,31.824758916829328,368,0,123280
E1g,E1a,N0,co,12,lr,mase,2.604452030953536,4.055446140826641,7.52705300478028,4.922600973826744,368,0,123280
E1g,E1a,N0,co,12,lr,r2,-6.649261969171361,-0.7947185508451582,0.117383703275788,6.766645672447149,365,3,123280
E1g,E1g,N0,co,12,ridge,mae,1.960959689255099,4.602274395632509,7.427746547833002,5.466786858577903,73,0,24455
E1g,E1g,N0,co,12,ridge,rmse,3.7798084302653447,6.878803171966843,9.738431866070874,5.95862343580553,73,0,24455
E1g,E1g,N0,co,12,ridge,smape,32.47783861354487,40.48634402475592,49.476667121076105,16.998828507531236,73,0,24455
E1g,E1g,N0,co,12,ridge,mase,2.4220871287653125,3.018008174951448,4.62561217424306,2.203525045477748,73,0,24455
E1g,E1g,N0,co,12,ridge,r2,-0.1970930483417383,0.1549755172281771,0.4291172018808266,0.6262102502225649,73,0,24455
E1g,E1a,N0,co,12,ridge,mae,0.6858428220289645,1.1700946549188618,10.039241354593182,9.353398532564215,368,0,123280
E1g,E1a,N0,co,12,ridge,rmse,0.7790285456012529,1.691320972324851,20.78225531991697,20.00322677431572,368,0,123280
E1g,E1a,N0,co,12,ridge,smape,30.037345652558884,43.16162831495525,61.86208204988061,31.82473639732173,368,0,123280
E1g,E1a,N0,co,12,ridge,mase,2.604452311362852,4.055446498514415,7.527054870062122,4.922602558699269,368,0,123280
E1g,E1a,N0,co,12,ridge,r2,-6.649277347191964,-0.7947179425777355,0.1173848757692997,6.766662222961264,365,3,123280
E1g,E1g,N0,co,12,rf,mae,1.8236436804019056,4.761409612816907,7.276490392593371,5.452846712191465,73,0,24455
E1g,E1g,N0,co,12,rf,rmse,3.6703102508426726,7.173568440675617,9.81646464596434,6.146154395121669,73,0,24455
E1g,E1g,N0,co,12,rf,smape,30.723592598504524,38.68185754145565,48.35825036459644,17.634657766091912,73,0,24455
E1g,E1g,N0,co,12,rf,mase,2.2672767937742986,2.868336609525467,4.545997404888699,2.2787206111144007,73,0,24455
E1g,E1g,N0,co,12,rf,r2,-0.1714153920566066,0.1985156840944907,0.4277728039612374,0.599188196017844,73,0,24455
E1g,E1a,N0,co,12,rf,mae,0.8346557018188988,1.9673869080140376,18.173325898163466,17.338670196344562,368,0,123280
E1g,E1a,N0,co,12,rf,rmse,1.290558959767805,3.3684312455549046,22.79089765254725,21.500338692779447,368,0,123280
E1g,E1a,N0,co,12,rf,smape,26.50262680215117,41.92565875285423,89.91809195231173,63.41546515016056,368,0,123280
E1g,E1a,N0,co,12,rf,mase,2.958938295378665,5.105590615162919,10.743351654829706,7.78441335945104,368,0,123280
E1g,E1a,N0,co,12,rf,r2,-11.722760155650592,-1.9336351744043856,-0.3174854940207434,11.405274661629848,365,3,123280
E1g,E1g,N0,co,12,xgb,mae,2.055300163363936,4.571864800810391,7.137569042630118,5.082268879266183,73,0,24455
E1g,E1g,N0,co,12,xgb,rmse,3.4414322625447267,6.7477909187910186,9.80086505563471,6.359432793089983,73,0,24455
E1g,E1g,N0,co,12,xgb,smape,31.03591899244796,40.17759411986424,48.25968406043534,17.223765067987387,73,0,24455
E1g,E1g,N0,co,12,xgb,mase,2.397689814025368,3.058748994883217,4.66725281792287,2.269563003897503,73,0,24455
E1g,E1g,N0,co,12,xgb,r2,-0.1810866372055071,0.1724353289770021,0.4735363474836086,0.6546229846891157,73,0,24455
E1g,E1a,N0,co,12,xgb,mae,0.9371127048531958,1.968351700333768,15.558652577886534,14.621539873033338,368,0,123280
E1g,E1a,N0,co,12,xgb,rmse,1.3774720825926414,2.989282540849228,22.51189308724072,21.134421004648075,368,0,123280
E1g,E1a,N0,co,12,xgb,smape,28.13138900556523,46.57608323493484,85.86128111450192,57.729892108936696,368,0,123280
E1g,E1a,N0,co,12,xgb,mase,3.198546891652812,5.436259327829964,10.409619637306395,7.211072745653583,368,0,123280
E1g,E1a,N0,co,12,xgb,r2,-17.855121254860027,-2.111842534942431,-0.0837709316758479,17.77135032318418,365,3,123280
E1g,E1g,N0,co,12,svr,mae,1.6287383361954035,4.105596067002178,7.402336026021491,5.773597689826089,73,0,24455
E1g,E1g,N0,co,12,svr,rmse,3.899733989159305,6.833986169958656,10.157236543380474,6.257502554221169,73,0,24455
E1g,E1g,N0,co,12,svr,smape,22.88344114497872,36.2439281493091,43.37338936653252,20.4899482215538,73,0,24455
E1g,E1g,N0,co,12,svr,mase,1.9965783673366715,2.602628180816759,3.6090706235313146,1.612492256194643,73,0,24455
E1g,E1g,N0,co,12,svr,r2,-0.2770473409496388,0.1372246625793464,0.4219743935462512,0.69902173449589,73,0,24455
E1g,E1a,N0,co,12,svr,mae,0.1491457269922869,0.6415105484326324,17.369919145199454,17.220773418207166,368,0,123280
E1g,E1a,N0,co,12,svr,rmse,0.3004765823084814,1.5063360527371348,24.325090198115284,24.024613615806803,368,0,123280
E1g,E1a,N0,co,12,svr,smape,7.181669767712872,16.635463664888224,74.62962534910164,67.44795558138877,368,0,123280
E1g,E1a,N0,co,12,svr,mase,1.0300503447831195,1.85010885910038,4.386975758781206,3.356925413998087,368,0,123280
E1g,E1a,N0,co,12,svr,r2,-0.8229535939654076,-0.3519967512949247,-0.0847337100980432,0.7382198838673644,365,3,123280
E1g,E1g,N1,co,1,lr,mae,0.9260789791645518,1.5609688145320897,3.140331240826335,2.214252261661783,73,0,25258
E1g,E1g,N1,co,1,lr,rmse,1.6596737608793832,2.869631471074141,4.798170688541508,3.138496927662125,73,0,25258
E1g,E1g,N1,co,1,lr,smape,13.037750579057205,17.210643134020962,23.062232022497724,10.02448144344052,73,0,25258
E1g,E1g,N1,co,1,lr,mase,0.9742500954171038,1.1940036482137228,1.4664239356285858,0.4921738402114819,73,0,25258
E1g,E1g,N1,co,1,lr,r2,0.6332282580650554,0.7904005194165592,0.926008001191352,0.2927797431262966,73,0,25258
E1g,E1a,N1,co,1,lr,mae,0.1397434409683374,0.506171532836253,4.455747317465994,4.316003876497656,368,0,127328
E1g,E1a,N1,co,1,lr,rmse,0.2996628856181823,1.30205756131489,8.055112734558762,7.75544984894058,368,0,127328
E1g,E1a,N1,co,1,lr,smape,5.596049861060221,14.313387534670648,42.77796879790186,37.18191893684164,368,0,127328
E1g,E1a,N1,co,1,lr,mase,0.863821451366442,1.0929102433415077,1.488533376091801,0.624711924725359,368,0,127328
E1g,E1a,N1,co,1,lr,r2,-0.2929792304514713,0.2440123863310946,0.7914598807452532,1.0844391111967244,365,3,127328
E1g,E1g,N1,co,1,ridge,mae,0.926326060803342,1.5645130263148417,3.147338035465879,2.221011974662537,73,0,25258
E1g,E1g,N1,co,1,ridge,rmse,1.661866275932406,2.8717083935780523,4.802228236059041,3.1403619601266355,73,0,25258
E1g,E1g,N1,co,1,ridge,smape,13.04939102021771,17.252005683694637,23.1324474705094,10.083056450291684,73,0,25258
E1g,E1g,N1,co,1,ridge,mase,0.9753960051576788,1.1959286043839576,1.4700354146704226,0.4946394095127439,73,0,25258
E1g,E1g,N1,co,1,ridge,r2,0.6329740037206216,0.7904619861485308,0.9258828063982272,0.2929088026776055,73,0,25258
E1g,E1a,N1,co,1,ridge,mae,0.1397593534466685,0.506446661687337,4.471631356215972,4.331872002769304,368,0,127328
E1g,E1a,N1,co,1,ridge,rmse,0.2995376609348831,1.3017274232999343,8.062647780873261,7.763110119938378,368,0,127328
E1g,E1a,N1,co,1,ridge,smape,5.598012467581746,14.33471030488423,42.83092266873904,37.23291020115729,368,0,127328
E1g,E1a,N1,co,1,ridge,mase,0.8644342170733128,1.094033157317038,1.490704746764007,0.6262705296906943,368,0,127328
E1g,E1a,N1,co,1,ridge,r2,-0.2931357593958945,0.2448857648179471,0.7906229269380691,1.0837586863339637,365,3,127328
E1g,E1g,N1,co,1,rf,mae,0.8360372254685663,1.275721032428508,3.1065257736795666,2.2704885482110004,73,0,25258
E1g,E1g,N1,co,1,rf,rmse,1.692420289463353,2.6519730006487907,4.694107975547436,3.001687686084084,73,0,25258
E1g,E1g,N1,co,1,rf,smape,10.353370060913106,14.56059781145049,19.19530710744828,8.841937046535174,73,0,25258
E1g,E1g,N1,co,1,rf,mase,0.8873572715085678,1.0810924521273502,1.3498420803003015,0.4624848087917339,73,0,25258
E1g,E1g,N1,co,1,rf,r2,0.6408426412246564,0.7899221365446717,0.930347604216427,0.2895049629917706,73,0,25258
E1g,E1a,N1,co,1,rf,mae,0.1294913696467237,0.4914273597809341,3.547159530214011,3.4176681605672874,368,0,127328
E1g,E1a,N1,co,1,rf,rmse,0.2677180575875759,1.314721927809822,7.721080352248268,7.453362294660692,368,0,127328
E1g,E1a,N1,co,1,rf,smape,6.059654922204118,13.30139952118229,34.78800263239659,28.72834771019248,368,0,127328
E1g,E1a,N1,co,1,rf,mase,0.8569146618775187,1.03427515677084,1.4522019673366755,0.5952873054591568,368,0,127328
E1g,E1a,N1,co,1,rf,r2,-0.1615935012691354,0.2793378516577368,0.7826328921181933,0.9442263933873288,365,3,127328
E1g,E1g,N1,co,1,xgb,mae,0.921765432294307,1.6324109686450197,3.4742420120874025,2.552476579793096,73,0,25258
E1g,E1g,N1,co,1,xgb,rmse,1.6455455448231826,2.885790082213201,5.172248739721714,3.5267031948985315,73,0,25258
E1g,E1g,N1,co,1,xgb,smape,11.5408004791442,18.59111746139424,25.41879972500758,13.877999245863382,73,0,25258
E1g,E1g,N1,co,1,xgb,mase,0.926730068312385,1.2501398009221698,1.567339978812725,0.6406099105003399,73,0,25258
E1g,E1g,N1,co,1,xgb,r2,0.6088586280059087,0.771791184881451,0.9183227345400482,0.3094641065341394,73,0,25258
E1g,E1a,N1,co,1,xgb,mae,0.1450654970717829,0.5505346586482756,3.961620535790482,3.816555038718699,368,0,127328
E1g,E1a,N1,co,1,xgb,rmse,0.2807801815062279,1.2514128879965454,8.399052417789981,8.118272236283753,368,0,127328
E1g,E1a,N1,co,1,xgb,smape,6.64280922695068,15.585845133314354,41.78072415832854,35.13791493137786,368,0,127328
E1g,E1a,N1,co,1,xgb,mase,0.9117631113216298,1.1512627491828584,1.5478723689514,0.6361092576297702,368,0,127328
E1g,E1a,N1,co,1,xgb,r2,-0.1882215300319742,0.2531196136827881,0.7463322155394314,0.9345537455714056,365,3,127328
E1g,E1g,N1,co,1,svr,mae,0.9416212934527964,1.8332353315213044,3.726628983992208,2.785007690539412,73,0,25258
E1g,E1g,N1,co,1,svr,rmse,1.9219283591466017,3.2555538890768707,5.377116085487677,3.455187726341076,73,0,25258
E1g,E1g,N1,co,1,svr,smape,13.362987231101698,18.88523955887956,26.40751551755608,13.04452828645438,73,0,25258
E1g,E1g,N1,co,1,svr,mase,0.9977756952001472,1.370507308813769,1.6845711700525354,0.6867954748523883,73,0,25258
E1g,E1g,N1,co,1,svr,r2,0.4803886561595604,0.7504637299257484,0.9097169264748074,0.429328270315247,73,0,25258
E1g,E1a,N1,co,1,svr,mae,0.1365417173189582,0.5090393899972039,5.110056944944137,4.973515227625179,368,0,127328
E1g,E1a,N1,co,1,svr,rmse,0.2672895245391778,1.153974083670677,9.337093128909224,9.069803604370046,368,0,127328
E1g,E1a,N1,co,1,svr,smape,5.987780269450304,14.506711691636813,44.81462349563165,38.82684322618135,368,0,127328
E1g,E1a,N1,co,1,svr,mase,0.8645127785521937,1.101801298492585,1.6770491841017992,0.8125364055496055,368,0,127328
E1g,E1a,N1,co,1,svr,r2,-0.0303906802452671,0.2347209090300758,0.7357290592711239,0.766119739516391,365,3,127328
E1g,E1g,N1,co,6,lr,mae,1.445414424318133,3.6655647610400113,7.081401574945085,5.635987150626952,73,0,24893
E1g,E1g,N1,co,6,lr,rmse,3.459820214323828,5.594692316511262,9.283888951325237,5.824068737001407,73,0,24893
E1g,E1g,N1,co,6,lr,smape,23.511764579056766,35.17139085349749,46.58261361058232,23.070849031525555,73,0,24893
E1g,E1g,N1,co,6,lr,mase,1.7761637969052977,2.6050932658939616,3.502605851820255,1.7264420549149575,73,0,24893
E1g,E1g,N1,co,6,lr,r2,-0.0555571334052547,0.3610750694955034,0.6453348880707561,0.7008920214760108,73,0,24893
E1g,E1a,N1,co,6,lr,mae,0.1421764043042478,0.6324526922333501,10.618894335209744,10.476717930905496,368,0,125488
E1g,E1a,N1,co,6,lr,rmse,0.2774181187545395,1.2528448631387563,17.624147969833576,17.346729851079036,368,0,125488
E1g,E1a,N1,co,6,lr,smape,6.310227804620483,16.206587341773236,62.31267729973303,56.00244949511255,368,0,125488
E1g,E1a,N1,co,6,lr,mase,0.8658793268103097,1.4024373717467231,3.062539913918804,2.1966605871084943,368,0,125488
E1g,E1a,N1,co,6,lr,r2,-0.0735468312233553,0.0800553359833415,0.4791665923862995,0.5527134236096549,365,3,125488
E1g,E1g,N1,co,6,ridge,mae,1.4454145051058238,3.6655648444358793,7.081401092426887,5.635986587321064,73,0,24893
E1g,E1g,N1,co,6,ridge,rmse,3.4598201812311875,5.594692448652508,9.283889134621456,5.82406895339027,73,0,24893
E1g,E1g,N1,co,6,ridge,smape,23.51176820720336,35.17139077610139,46.582615158703405,23.070846951500044,73,0,24893
E1g,E1g,N1,co,6,ridge,mase,1.7761639198629813,2.6050931803778177,3.5026058390641657,1.7264419192011844,73,0,24893
E1g,E1g,N1,co,6,ridge,r2,-0.055557351280727,0.3610750650396671,0.6453349287214457,0.7008922800021727,73,0,24893
E1g,E1a,N1,co,6,ridge,mae,0.1421764080094895,0.6324526922187412,10.618895127339844,10.476718719330352,368,0,125488
E1g,E1a,N1,co,6,ridge,rmse,0.2774180782649103,1.2528450631812644,17.624148194266702,17.34673011600179,368,0,125488
E1g,E1a,N1,co,6,ridge,smape,6.310228079919963,16.20658958508043,62.31268019704688,56.00245211712692,368,0,125488
E1g,E1a,N1,co,6,ridge,mase,0.8658793244050192,1.4024374036599303,3.0625397792442364,2.196660454839217,368,0,125488
E1g,E1a,N1,co,6,ridge,r2,-0.0735467123082351,0.0800553730062458,0.4791666290082007,0.5527133413164359,365,3,125488
E1g,E1g,N1,co,6,rf,mae,1.3885830517460775,3.977654528813448,7.214345016505158,5.825761964759081,73,0,24893
E1g,E1g,N1,co,6,rf,rmse,2.753856020260159,5.848626933642702,8.911384204358312,6.157528184098153,73,0,24893
E1g,E1g,N1,co,6,rf,smape,23.140687488507027,34.521838783699344,44.723805916214666,21.58311842770764,73,0,24893
E1g,E1g,N1,co,6,rf,mase,1.571224562872895,2.5895562850443703,3.4126175417036686,1.8413929788307737,73,0,24893
E1g,E1g,N1,co,6,rf,r2,-0.0115629081203172,0.3830899785484186,0.6376405395987422,0.6492034477190595,73,0,24893
E1g,E1a,N1,co,6,rf,mae,0.1526689510684626,0.6977898082653627,11.653179583785604,11.50051063271714,368,0,125488
E1g,E1a,N1,co,6,rf,rmse,0.2799313235779997,1.359969301151112,18.33843214590447,18.05850082232647,368,0,125488
E1g,E1a,N1,co,6,rf,smape,7.216940500600794,18.37535062693069,60.824819706616005,53.60787920601521,368,0,125488
E1g,E1a,N1,co,6,rf,mase,0.9239095262295516,1.4602506691473165,3.3234116299122407,2.399502103682689,368,0,125488
E1g,E1a,N1,co,6,rf,r2,-0.1301355860673434,0.0299845634222964,0.3373746282731911,0.4675102143405345,365,3,125488
E1g,E1g,N1,co,6,xgb,mae,1.5367422942184663,4.39450702323784,7.036213326277952,5.4994710320594855,73,0,24893
E1g,E1g,N1,co,6,xgb,rmse,2.953529215489613,6.077454029928828,9.144564030202153,6.191034814712538,73,0,24893
E1g,E1g,N1,co,6,xgb,smape,22.757864953996144,36.108338041426514,49.97796922061391,27.220104266617763,73,0,24893
E1g,E1g,N1,co,6,xgb,mase,1.5959085215438384,2.663154071799946,3.791006205749008,2.19509768420517,73,0,24893
E1g,E1g,N1,co,6,xgb,r2,-0.0614463173714878,0.385804822133392,0.6293988214271978,0.6908451387986857,73,0,24893
E1g,E1a,N1,co,6,xgb,mae,0.1619844428353594,0.8472975424381841,13.961562857415768,13.799578414580408,368,0,125488
E1g,E1a,N1,co,6,xgb,rmse,0.2938994629714099,1.5676306953173214,20.91712407676913,20.62322461379772,368,0,125488
E1g,E1a,N1,co,6,xgb,smape,7.487556367652441,19.72415815074406,63.12283551972123,55.63527915206879,368,0,125488
E1g,E1a,N1,co,6,xgb,mase,0.9949325170160904,1.6030696730082357,3.567284442257,2.572351925240909,368,0,125488
E1g,E1a,N1,co,6,xgb,r2,-0.2017937640421396,-0.0028881308146009,0.3168550208887454,0.5186487849308851,365,3,125488
E1g,E1g,N1,co,6,svr,mae,1.2663387560885335,3.3193562908085745,7.056020984053811,5.789682227965278,73,0,24893
E1g,E1g,N1,co,6,svr,rmse,2.701004210139696,5.615224445698134,9.4561048931303,6.755100682990604,73,0,24893
E1g,E1g,N1,co,6,svr,smape,21.057811950999973,32.814678988161006,40.20207729378912,19.14426534278915,73,0,24893
E1g,E1g,N1,co,6,svr,mase,1.5515005040039025,2.557792889240276,3.2807838538676983,1.729283349863796,73,0,24893
E1g,E1g,N1,co,6,svr,r2,-0.1067281953965177,0.3425984871697904,0.6743564928630696,0.7810846882595874,73,0,24893
E1g,E1a,N1,co,6,svr,mae,0.1489238877429348,0.6093249187054945,9.300167454372502,9.151243566629567,368,0,125488
E1g,E1a,N1,co,6,svr,rmse,0.2905467054121347,1.3271685031698146,16.99005219097145,16.699505485559317,368,0,125488
E1g,E1a,N1,co,6,svr,smape,6.809185416929555,17.43979512054981,56.656013979851096,49.84682856292154,368,0,125488
E1g,E1a,N1,co,6,svr,mase,0.9339426360419713,1.4674906562678984,2.8609439728332147,1.9270013367912435,368,0,125488
E1g,E1a,N1,co,6,svr,r2,-0.2378910306691188,-0.0150197309943407,0.3770132422849217,0.6149042729540406,365,3,125488
E1g,E1g,N1,co,12,lr,mae,1.7993338962329564,5.10733753380657,7.800311709402895,6.000977813169939,73,0,24455
E1g,E1g,N1,co,12,lr,rmse,3.1400193823195246,6.980399038023433,9.671546563698673,6.531527181379149,73,0,24455
E1g,E1g,N1,co,12,lr,smape,27.719588857976905,40.17206150257035,52.51224129731585,24.79265243933895,73,0,24455
E1g,E1g,N1,co,12,lr,mase,2.023806358869401,2.743847630547751,4.789320817356001,2.7655144584866,73,0,24455
E1g,E1g,N1,co,12,lr,r2,-0.1093090919818027,0.2146611630855818,0.4379086120636433,0.547217704045446,73,0,24455
E1g,E1a,N1,co,12,lr,mae,0.1495222467385361,0.6375399264535999,14.348094046950042,14.198571800211504,368,0,123280
E1g,E1a,N1,co,12,lr,rmse,0.282116653178327,1.3052091865714337,21.036980478796604,20.75486382561828,368,0,123280
E1g,E1a,N1,co,12,lr,smape,7.036007508480536,15.57620806905174,67.0716776622555,60.03567015377496,368,0,123280
E1g,E1a,N1,co,12,lr,mase,0.8622416855417723,1.4355820169323958,3.5053845889002417,2.643142903358469,368,0,123280
E1g,E1a,N1,co,12,lr,r2,-0.1262446033368005,0.0612422796023326,0.3507088088265397,0.4769534121633403,365,3,123280
E1g,E1g,N1,co,12,ridge,mae,1.7993340372200914,5.107337830733012,7.800311750886648,6.000977713666556,73,0,24455
E1g,E1g,N1,co,12,ridge,rmse,3.140019515859948,6.980399177263053,9.671546550874734,6.531527035014786,73,0,24455
E1g,E1g,N1,co,12,ridge,smape,27.719590809210327,40.17206377945614,52.51224390292101,24.79265309371068,73,0,24455
E1g,E1g,N1,co,12,ridge,mase,2.023806440655034,2.743847982395192,4.789320971664528,2.7655145310094937,73,0,24455
E1g,E1g,N1,co,12,ridge,r2,-0.1093089954973685,0.2146611542851509,0.4379086015195835,0.547217597016952,73,0,24455
E1g,E1a,N1,co,12,ridge,mae,0.1495222381720452,0.6375399026695143,14.348094962129885,14.19857272395784,368,0,123280
E1g,E1a,N1,co,12,ridge,rmse,0.2821166645660202,1.3052091683433389,21.03698012995713,20.754863465391104,368,0,123280
E1g,E1a,N1,co,12,ridge,smape,7.036007886865604,15.5762088990287,67.07167902803616,60.03567114117055,368,0,123280
E1g,E1a,N1,co,12,ridge,mase,0.8622417224345872,1.4355821341548611,3.505384574228169,2.643142851793581,368,0,123280
E1g,E1a,N1,co,12,ridge,r2,-0.1262445552813023,0.0612423743555744,0.3507088703704912,0.4769534256517935,365,3,123280
E1g,E1g,N1,co,12,rf,mae,1.4759800665549416,4.838005461966255,7.9382430554555485,6.462262988900607,73,0,24455
E1g,E1g,N1,co,12,rf,rmse,3.0075149764146616,7.092677597129122,10.127168045680046,7.119653069265384,73,0,24455
E1g,E1g,N1,co,12,rf,smape,28.15458146111493,38.48760186161516,49.54911519107827,21.394533729963342,73,0,24455
E1g,E1g,N1,co,12,rf,mase,1.998171867760675,2.765234628627422,4.945311820665131,2.947139952904456,73,0,24455
E1g,E1g,N1,co,12,rf,r2,-0.0426433893589599,0.1591215764414432,0.4250566434330396,0.4677000327919995,73,0,24455
E1g,E1a,N1,co,12,rf,mae,0.1583166179678888,0.7086349670324821,18.59202899850225,18.433712380534363,368,0,123280
E1g,E1a,N1,co,12,rf,rmse,0.294288153934155,1.479783551561534,25.5839590704963,25.289670916562144,368,0,123280
E1g,E1a,N1,co,12,rf,smape,7.483305039673299,19.82824316754292,66.34323287489458,58.859927835221285,368,0,123280
E1g,E1a,N1,co,12,rf,mase,0.960747161988624,1.560241076960853,3.866483798443528,2.9057366364549027,368,0,123280
E1g,E1a,N1,co,12,rf,r2,-0.137518532717346,-0.0190777972839777,0.2271540585984159,0.364672591315762,365,3,123280
E1g,E1g,N1,co,12,xgb,mae,1.5161524108910431,5.943033256086384,7.794347888297001,6.278195477405959,73,0,24455
E1g,E1g,N1,co,12,xgb,rmse,2.933451130488092,7.600604821420126,9.892629397289287,6.959178266801198,73,0,24455
E1g,E1g,N1,co,12,xgb,smape,28.686227959833733,39.10870084861352,54.57534674247617,25.88911878264244,73,0,24455
E1g,E1g,N1,co,12,xgb,mase,2.0441087159599665,2.8046013442907194,5.221054288470206,3.176945572510239,73,0,24455
E1g,E1g,N1,co,12,xgb,r2,-0.0577380637835709,0.1761608350867447,0.3717931302898447,0.4295311940734156,73,0,24455
E1g,E1a,N1,co,12,xgb,mae,0.1758298067568116,0.8148667542677644,18.97430350251596,18.798473695759142,368,0,123280
E1g,E1a,N1,co,12,xgb,rmse,0.3072563495245919,1.564312367934214,25.82597007976772,25.51871373024312,368,0,123280
E1g,E1a,N1,co,12,xgb,smape,8.393937583160243,21.52630686875505,65.65841756850776,57.26447998534751,368,0,123280
E1g,E1a,N1,co,12,xgb,mase,1.0525022625613194,1.7570574984059872,4.5839102700694445,3.531408007508125,368,0,123280
E1g,E1a,N1,co,12,xgb,r2,-0.2063028585033823,-0.0432893342066915,0.1237287120120997,0.3300315705154821,365,3,123280
E1g,E1g,N1,co,12,svr,mae,1.5979758452919848,4.556830749724684,7.824059018240191,6.226083172948206,73,0,24455
E1g,E1g,N1,co,12,svr,rmse,2.92747858451483,6.696857555633827,10.186384324962402,7.258905740447572,73,0,24455
E1g,E1g,N1,co,12,svr,smape,24.897768007118728,37.53006485621454,48.73576610709166,23.837998099972936,73,0,24455
E1g,E1g,N1,co,12,svr,mase,1.982215713118948,2.8767100061688744,4.2842491151983735,2.302033402079425,73,0,24455
E1g,E1g,N1,co,12,svr,r2,-0.1601368402965326,0.0984434317045812,0.4798514710897192,0.6399883113862519,73,0,24455
E1g,E1a,N1,co,12,svr,mae,0.1577184953547699,0.5936532548045812,11.219132499643676,11.061414004288906,368,0,123280
E1g,E1a,N1,co,12,svr,rmse,0.2876361420938063,1.3678549460231166,20.103726500177466,19.81609035808366,368,0,123280
E1g,E1a,N1,co,12,svr,smape,7.5102685211875855,17.814743924215264,62.73700665926504,55.22673813807745,368,0,123280
E1g,E1a,N1,co,12,svr,mase,0.939185210398088,1.4307569748058446,3.205102483151285,2.265917272753197,368,0,123280
E1g,E1a,N1,co,12,svr,r2,-0.2352450917593642,-0.0345750490738365,0.2691721974773126,0.5044172892366768,365,3,123280
E1g,E1g,N2,co,1,lr,mae,0.8203593959974858,1.451552578062876,2.801486105386837,1.981126709389352,73,0,25258
E1g,E1g,N2,co,1,lr,rmse,1.5634345388534856,2.901590453686877,4.327320029916588,2.7638854910631023,73,0,25258
E1g,E1g,N2,co,1,lr,smape,11.566005363041596,15.324295336952684,20.499009239426524,8.933003876384927,73,0,25258
E1g,E1g,N2,co,1,lr,mase,0.8761438790391468,1.1435111331203471,1.318812835966303,0.4426689569271561,73,0,25258
E1g,E1g,N2,co,1,lr,r2,0.6181958115165684,0.7943781921788449,0.9328038424767388,0.3146080309601704,73,0,25258
E1g,E1a,N2,co,1,lr,mae,0.1652689083433423,0.56856172679681,3.206244594097355,3.0409756857540127,368,0,127328
E1g,E1a,N2,co,1,lr,rmse,0.3293704920193234,1.3988445159531595,7.663673950874203,7.33430345885488,368,0,127328
E1g,E1a,N2,co,1,lr,smape,6.768392244037106,17.121077511754354,27.6537220749446,20.885329830907487,368,0,127328
E1g,E1a,N2,co,1,lr,mase,1.017713804177519,1.2637503839480213,1.644992370328228,0.6272785661507088,368,0,127328
E1g,E1a,N2,co,1,lr,r2,-0.719034479641685,0.0913115996899991,0.7838714918468382,1.5029059714885231,365,3,127328
E1g,E1g,N2,co,1,ridge,mae,0.8203030205263852,1.4514187114390495,2.8003800127852507,1.9800769922588657,73,0,25258
E1g,E1g,N2,co,1,ridge,rmse,1.5628673650140992,2.899955809348827,4.327778837913813,2.764911472899714,73,0,25258
E1g,E1g,N2,co,1,ridge,smape,11.557258206900796,15.318981430901028,20.489299969640854,8.932041762740058,73,0,25258
E1g,E1g,N2,co,1,ridge,mase,0.8761835844875131,1.1418480838836444,1.3185844845075263,0.4424009000200132,73,0,25258
E1g,E1g,N2,co,1,ridge,r2,0.6188419998954979,0.7944687895467492,0.9328661846166366,0.3140241847211387,73,0,25258
E1g,E1a,N2,co,1,ridge,mae,0.1647871546712988,0.5675792608305659,3.1951877004020006,3.0304005457307017,368,0,127328
E1g,E1a,N2,co,1,ridge,rmse,0.32922975425951,1.3988487739275683,7.66118753946349,7.33195778520398,368,0,127328
E1g,E1a,N2,co,1,ridge,smape,6.747439483161789,17.103608355606035,27.601487416904188,20.8540479337424,368,0,127328
E1g,E1a,N2,co,1,ridge,mase,1.0169892596121135,1.2586849231567332,1.6422651069031144,0.6252758472910007,368,0,127328
E1g,E1a,N2,co,1,ridge,r2,-0.7173799565023238,0.0914840836878216,0.7839708168464109,1.5013507733487348,365,3,127328
E1g,E1g,N2,co,1,rf,mae,0.7468729105007741,1.1803841517240583,2.7684294922223804,2.0215565817216063,73,0,25258
E1g,E1g,N2,co,1,rf,rmse,1.5027796457239102,2.628360482781754,4.417845181936141,2.9150655362122304,73,0,25258
E1g,E1g,N2,co,1,rf,smape,10.3267236113773,13.475685865930563,18.22666111707622,7.899937505698919,73,0,25258
E1g,E1g,N2,co,1,rf,mase,0.8021565778232378,1.0262595209075092,1.2611626294121805,0.4590060515889425,73,0,25258
E1g,E1g,N2,co,1,rf,r2,0.6263518489542454,0.798772510483473,0.9383460575435651,0.3119942085893197,73,0,25258
E1g,E1a,N2,co,1,rf,mae,0.1485423621019292,0.5485902721098146,2.6940858233655542,2.545543461263625,368,0,127328
E1g,E1a,N2,co,1,rf,rmse,0.3278768406122477,1.4609908301006325,7.47489767142374,7.147020830811492,368,0,127328
E1g,E1a,N2,co,1,rf,smape,6.152049553547858,13.678550784416275,22.96420897810759,16.81215942455973,368,0,127328
E1g,E1a,N2,co,1,rf,mase,0.9352510081867488,1.1476115644731155,1.5028732266858684,0.5676222184991196,368,0,127328
E1g,E1a,N2,co,1,rf,r2,-0.6767678049089081,0.1216727300522455,0.7876084537165485,1.4643762586254567,365,3,127328
E1g,E1g,N2,co,1,xgb,mae,0.8095555110696384,1.293893938879658,2.950734717372939,2.141179206303301,73,0,25258
E1g,E1g,N2,co,1,xgb,rmse,1.4745322543616697,2.7374132218726475,4.474018528565761,2.9994862742040915,73,0,25258
E1g,E1g,N2,co,1,xgb,smape,10.777849458747111,14.54960672623002,18.960045465839062,8.18219600709195,73,0,25258
E1g,E1g,N2,co,1,xgb,mase,0.8650163596932797,1.0986118255351915,1.336685553239097,0.4716691935458176,73,0,25258
E1g,E1g,N2,co,1,xgb,r2,0.6062531647635958,0.7966385354712152,0.9333629234219328,0.3271097586583371,73,0,25258
E1g,E1a,N2,co,1,xgb,mae,0.2000829397596716,0.6181529866839128,3.1734180869747948,2.973335147215124,368,0,127328
E1g,E1a,N2,co,1,xgb,rmse,0.4037507483721477,1.5415479705354689,7.631408550970089,7.227657802597941,368,0,127328
E1g,E1a,N2,co,1,xgb,smape,8.197481725231265,16.666982050982764,30.324294984482886,22.12681325925162,368,0,127328
E1g,E1a,N2,co,1,xgb,mase,0.965117124925311,1.229338738778083,1.7055379960208572,0.7404208710955462,368,0,127328
E1g,E1a,N2,co,1,xgb,r2,-1.127672666637538,-0.0375818244234604,0.7484621846582682,1.8761348512958065,365,3,127328
E1g,E1g,N2,co,1,svr,mae,0.7311113288938514,1.1878971131009832,2.7546246671789514,2.0235133382851,73,0,25258
E1g,E1g,N2,co,1,svr,rmse,1.4954511089693625,2.783493030743532,4.421986884740543,2.92653577577118,73,0,25258
E1g,E1g,N2,co,1,svr,smape,9.30064393667195,13.50803736839411,17.586502781453834,8.285858844781885,73,0,25258
E1g,E1g,N2,co,1,svr,mase,0.7991422656255959,1.0128113754292605,1.2720163672824567,0.4728741016568608,73,0,25258
E1g,E1g,N2,co,1,svr,r2,0.6134317006446185,0.8009988126076988,0.9371553556154422,0.3237236549708236,73,0,25258
E1g,E1a,N2,co,1,svr,mae,0.126589356851494,0.4798352330618421,2.203693702623516,2.077104345772022,368,0,127328
E1g,E1a,N2,co,1,svr,rmse,0.293901208000923,1.3152592340640328,7.164374317788447,6.870473109787524,368,0,127328
E1g,E1a,N2,co,1,svr,smape,5.1840141529421,12.25790845025838,20.19186147641525,15.00784732347315,368,0,127328
E1g,E1a,N2,co,1,svr,mase,0.7752294954199435,0.9605308040278931,1.253488521885695,0.4782590264657516,368,0,127328
E1g,E1a,N2,co,1,svr,r2,-0.3422726129354514,0.1856316264539471,0.7929422494416971,1.1352148623771483,365,3,127328
E1g,E1g,N2,co,6,lr,mae,1.281982423970489,2.8246912599696645,7.12521753382556,5.843235109855071,73,0,24893
E1g,E1g,N2,co,6,lr,rmse,3.274439395485753,5.934152943616146,10.49680380195246,7.222364406466706,73,0,24893
E1g,E1g,N2,co,6,lr,smape,17.06149602677141,27.12234440135639,37.34557586583331,20.2840798390619,73,0,24893
E1g,E1g,N2,co,6,lr,mase,1.7503271668493112,2.434591685111414,2.869093787260315,1.1187666204110038,73,0,24893
E1g,E1g,N2,co,6,lr,r2,-0.4852204428808202,0.1289515384560385,0.6675071237421291,1.1527275666229493,73,0,24893
E1g,E1a,N2,co,6,lr,mae,0.1421956030014857,0.6146729689114907,6.598644115549498,6.456448512548013,368,0,125488
E1g,E1a,N2,co,6,lr,rmse,0.334718137289642,1.5671493942194077,16.908483294763425,16.573765157473783,368,0,125488
E1g,E1a,N2,co,6,lr,smape,6.610053636337045,15.52081662832934,33.518472726377645,26.9084190900406,368,0,125488
E1g,E1a,N2,co,6,lr,mase,1.0714191777000837,1.518962992460926,2.361431890865552,1.290012713165468,368,0,125488
E1g,E1a,N2,co,6,lr,r2,-1.0600330377536538,-0.4900060988632475,0.4039455441741403,1.463978581927794,365,3,125488
E1g,E1g,N2,co,6,ridge,mae,1.281982397799449,2.82469119578146,7.125217578698824,5.843235180899375,73,0,24893
E1g,E1g,N2,co,6,ridge,rmse,3.274439393498396,5.934152913738729,10.496803819001473,7.222364425503077,73,0,24893
E1g,E1g,N2,co,6,ridge,smape,17.06149576698176,27.12234059958189,37.34557561402983,20.284079847048076,73,0,24893
E1g,E1g,N2,co,6,ridge,mase,1.750327165905062,2.4345917076394805,2.8690938017378977,1.118766635832836,73,0,24893
E1g,E1g,N2,co,6,ridge,r2,-0.4852203470345502,0.128951541403318,0.6675071255759917,1.152727472610542,73,0,24893
E1g,E1a,N2,co,6,ridge,mae,0.1421956025849954,0.6146729052785165,6.598643895308098,6.456448292723103,368,0,125488
E1g,E1a,N2,co,6,ridge,rmse,0.3347181343059426,1.567149384223934,16.908483007098944,16.573764872793003,368,0,125488
E1g,E1a,N2,co,6,ridge,smape,6.610053721404995,15.52081482514608,33.51847349525696,26.908419773851968,368,0,125488
E1g,E1a,N2,co,6,ridge,mase,1.0714191568720457,1.518962918773982,2.3614317913832634,1.2900126345112175,368,0,125488
E1g,E1a,N2,co,6,ridge,r2,-1.0600329403263644,-0.4900060763053073,0.4039455229100792,1.4639784632364437,365,3,125488
E1g,E1g,N2,co,6,rf,mae,1.272607875407546,2.774462145957713,7.329851096088376,6.05724322068083,73,0,24893
E1g,E1g,N2,co,6,rf,rmse,3.278060434774727,5.829488147229599,10.498332025864418,7.220271591089691,73,0,24893
E1g,E1g,N2,co,6,rf,smape,18.52625779893065,26.87395443421795,38.07565211306749,19.54939431413683,73,0,24893
E1g,E1g,N2,co,6,rf,mase,1.802741635229739,2.46888096152713,2.9903228946069267,1.1875812593771875,73,0,24893
E1g,E1g,N2,co,6,rf,r2,-0.5442436660036305,0.0881807263297445,0.6646597756796422,1.208903441683273,73,0,24893
E1g,E1a,N2,co,6,rf,mae,0.1752091869988546,0.6099971250063494,6.668611059777851,6.493401872778997,368,0,125488
E1g,E1a,N2,co,6,rf,rmse,0.3629645790569897,1.54315321204238,16.769105575511325,16.406140996454337,368,0,125488
E1g,E1a,N2,co,6,rf,smape,7.265914869613633,17.229378036819327,31.576935472135293,24.31102060252166,368,0,125488
E1g,E1a,N2,co,6,rf,mase,1.0692002859168617,1.5470256955965975,2.5760976447944657,1.506897358877604,368,0,125488
E1g,E1a,N2,co,6,rf,r2,-0.9995757199723818,-0.4936551831426767,0.3708024103590811,1.370378130331463,365,3,125488
E1g,E1g,N2,co,6,xgb,mae,1.360646992026607,2.8304260402456163,7.423657150660445,6.063010158633839,73,0,24893
E1g,E1g,N2,co,6,xgb,rmse,3.267926881136665,5.82921765443526,10.542301676810316,7.2743747956736495,73,0,24893
E1g,E1g,N2,co,6,xgb,smape,20.003232737611587,28.303963385932136,38.52228045675379,18.519047719142204,73,0,24893
E1g,E1g,N2,co,6,xgb,mase,1.826530487436958,2.4828080937477157,3.023315524507612,1.1967850370706536,73,0,24893
E1g,E1g,N2,co,6,xgb,r2,-0.5551172851837203,0.0611584525630146,0.6593884911155523,1.2145057762992726,73,0,24893
E1g,E1a,N2,co,6,xgb,mae,0.1882629885499627,0.6458761422697876,6.903013276145529,6.714750287595567,368,0,125488
E1g,E1a,N2,co,6,xgb,rmse,0.3958043064615865,1.5737010920831678,16.877734049447653,16.48192974298607,368,0,125488
E1g,E1a,N2,co,6,xgb,smape,8.597160102354948,18.89112520204975,35.64170052259998,27.044540420245035,368,0,125488
E1g,E1a,N2,co,6,xgb,mase,1.2771543921199724,1.752586255149596,2.7028575715409806,1.4257031794210082,368,0,125488
E1g,E1a,N2,co,6,xgb,r2,-1.1414650634417778,-0.6623205179069707,0.3293999453086653,1.4708650087504431,365,3,125488
E1g,E1g,N2,co,6,svr,mae,1.3502918192844198,2.8592143780399177,7.352984082671836,6.0026922633874165,73,0,24893
E1g,E1g,N2,co,6,svr,rmse,3.276829324179384,5.957753081356554,10.510803603400529,7.233974279221143,73,0,24893
E1g,E1g,N2,co,6,svr,smape,19.49944977121191,28.468583851087622,38.10041811911159,18.60096834789968,73,0,24893
E1g,E1g,N2,co,6,svr,mase,1.8106946345120944,2.4859166670985235,2.9938024875879585,1.1831078530758643,73,0,24893
E1g,E1g,N2,co,6,svr,r2,-0.5683440825448496,0.0987363731789283,0.6581790264625056,1.2265231090073552,73,0,24893
E1g,E1a,N2,co,6,svr,mae,0.1536014971596885,0.6544910864744012,6.652405786776617,6.4988042896169285,368,0,125488
E1g,E1a,N2,co,6,svr,rmse,0.3443352524440631,1.669704575404731,16.913561402947717,16.569226150503653,368,0,125488
E1g,E1a,N2,co,6,svr,smape,7.174952044502775,17.675457149711107,31.833954771601014,24.659002727098244,368,0,125488
E1g,E1a,N2,co,6,svr,mase,1.1302692446579052,1.525949188387142,2.3755196665506246,1.2452504218927194,368,0,125488
E1g,E1a,N2,co,6,svr,r2,-1.0569843126923728,-0.5747665242318902,0.360840425063326,1.4178247377556987,365,3,125488
E1g,E1g,N2,co,12,lr,mae,1.4752874815234334,3.8188988336214167,7.0962487580566425,5.620961276533209,73,0,24455
E1g,E1g,N2,co,12,lr,rmse,3.9135033002558486,6.984645044344621,10.75514536500979,6.841642064753941,73,0,24455
E1g,E1g,N2,co,12,lr,smape,22.270476843899427,34.419731404851724,41.93385044020977,19.66337359631034,73,0,24455
E1g,E1g,N2,co,12,lr,mase,1.9821636017570536,2.6874606165918826,3.711404912553714,1.7292413107966602,73,0,24455
E1g,E1g,N2,co,12,lr,r2,-0.6837573697995427,0.0019308145672783938,0.43924316710174405,1.1230005369012868,73,0,24455
E1g,E1a,N2,co,12,lr,mae,0.13312647001849612,0.5841455573078818,9.27983767572654,9.146711205708044,368,0,123280
E1g,E1a,N2,co,12,lr,rmse,0.325174814581001,1.5538214935384014,21.54324960522007,21.21807479063907,368,0,123280
E1g,E1a,N2,co,12,lr,smape,6.307360945991739,14.676108589934014,39.02090782072852,32.71354687473678,368,0,123280
E1g,E1a,N2,co,12,lr,mase,0.9182080251224438,1.5844536579319786,2.7652862643155407,1.8470782391930969,368,0,123280
E1g,E1a,N2,co,12,lr,r2,-0.9397325992134995,-0.4052197917723801,0.30351640345940634,1.243249002672906,365,3,123280
E1g,E1g,N2,co,12,ridge,mae,1.4752874777853389,3.8188988013304255,7.096248803953667,5.620961326168328,73,0,24455
E1g,E1g,N2,co,12,ridge,rmse,3.913503296672552,6.984645021470705,10.755145567518243,6.841642270845691,73,0,24455
E1g,E1g,N2,co,12,ridge,smape,22.270475254760978,34.41972787119554,41.93384800924257,19.66337275448159,73,0,24455
E1g,E1g,N2,co,12,ridge,mase,1.9821636270453207,2.6874606351841153,3.71140493655829,1.7292413095129693,73,0,24455
E1g,E1g,N2,co,12,ridge,r2,-0.6837573528330083,0.0019308002475870722,0.4392431745867986,1.123000527419807,73,0,24455
E1g,E1a,N2,co,12,ridge,mae,0.13312646218628105,0.5841455567600774,9.279837442701943,9.146710980515662,368,0,123280
E1g,E1a,N2,co,12,ridge,rmse,0.3251748100465378,1.5538215014088648,21.543249362323433,21.218074552276896,368,0,123280
E1g,E1a,N2,co,12,ridge,smape,6.307360548435995,14.676097831448613,39.02090473667043,32.71354418823444,368,0,123280
E1g,E1a,N2,co,12,ridge,mase,0.9182079224913194,1.5844535122059886,2.765286219514815,1.8470782970234954,368,0,123280
E1g,E1a,N2,co,12,ridge,r2,-0.9397325322646235,-0.4052198275121288,0.30351639928333585,1.2432489315479593,365,3,123280
E1g,E1g,N2,co,12,rf,mae,1.480248582636397,3.767671517111297,7.133682725148844,5.653434142512447,73,0,24455
E1g,E1g,N2,co,12,rf,rmse,3.910456266127723,6.949070126500902,10.741719500238275,6.831263234110553,73,0,24455
E1g,E1g,N2,co,12,rf,smape,21.821933485897485,34.50423543278306,41.31825436628518,19.496320880387696,73,0,24455
E1g,E1g,N2,co,12,rf,mase,2.0067661043343077,2.7030074312416894,3.7309832297885257,1.724217125454218,73,0,24455
E1g,E1g,N2,co,12,rf,r2,-0.7143777234382149,0.010869298912020597,0.4437164687939601,1.158094192232175,73,0,24455
E1g,E1a,N2,co,12,rf,mae,0.1600522991106907,0.5751409740424593,9.331600765936985,9.171548466826295,368,0,123280
E1g,E1a,N2,co,12,rf,rmse,0.33644615223750457,1.6291424612178442,21.511381898415063,21.17493574617756,368,0,123280
E1g,E1a,N2,co,12,rf,smape,7.103213784081041,15.31920931706661,41.210229948936664,34.10701616485562,368,0,123280
E1g,E1a,N2,co,12,rf,mase,0.9509390177450527,1.625670539498048,3.0645784195518573,2.1136394018068048,368,0,123280
E1g,E1a,N2,co,12,rf,r2,-0.9512037520170569,-0.43958424240053295,0.26254558513756643,1.2137493371546233,365,3,123280
E1g,E1g,N2,co,12,xgb,mae,1.7259869041503184,3.8382092881860355,7.472954336620087,5.746967432469768,73,0,24455
E1g,E1g,N2,co,12,xgb,rmse,3.858727444850545,6.945512442667204,10.810330019167443,6.951602574316898,73,0,24455
E1g,E1g,N2,co,12,xgb,smape,23.409612729879104,35.78440405706619,43.05986695576716,19.65025422588806,73,0,24455
E1g,E1g,N2,co,12,xgb,mase,2.0026983994687146,2.722707414786394,3.801951871563461,1.7992534720947462,73,0,24455
E1g,E1g,N2,co,12,xgb,r2,-0.7868082078616201,0.0029434480533955254,0.4504667772178106,1.2372749850794307,73,0,24455
E1g,E1a,N2,co,12,xgb,mae,0.16190002634538464,0.6529813080329074,9.494269020849686,9.332368994504302,368,0,123280
E1g,E1a,N2,co,12,xgb,rmse,0.3533788267200428,1.6530919923706304,21.597410537449424,21.24403171072938,368,0,123280
E1g,E1a,N2,co,12,xgb,smape,8.155166198339675,18.652432302152135,44.55844929449814,36.40328309615846,368,0,123280
E1g,E1a,N2,co,12,xgb,mase,1.14807822505805,1.7941644580839715,2.913592176384668,1.7655139513266183,368,0,123280
E1g,E1a,N2,co,12,xgb,r2,-1.0465507683116009,-0.6252501096899452,0.177441695198426,1.2239924635100268,365,3,123280
E1g,E1g,N2,co,12,svr,mae,1.7348325741492352,3.8327133431326073,7.352655899276207,5.617823325126972,73,0,24455
E1g,E1g,N2,co,12,svr,rmse,3.919320423954136,7.057639602696548,10.866262716412322,6.946942292458186,73,0,24455
E1g,E1g,N2,co,12,svr,smape,23.69375217148354,35.22059620571743,42.908578202886844,19.214826031403305,73,0,24455
E1g,E1g,N2,co,12,svr,mase,1.9872745795276918,2.732989151475166,3.821748233312255,1.8344736537845634,73,0,24455
E1g,E1g,N2,co,12,svr,r2,-0.7322145697414288,-0.018144762227915612,0.4460343428871938,1.1782489126286226,73,0,24455
E1g,E1a,N2,co,12,svr,mae,0.1351000469454421,0.6247724292703704,9.137859301979086,9.002759255033643,368,0,123280
E1g,E1a,N2,co,12,svr,rmse,0.3328309876159796,1.6709416217853972,21.614293546663994,21.281462559048016,368,0,123280
E1g,E1a,N2,co,12,svr,smape,6.391141561316488,18.07731550873062,41.04112346333025,34.649981902013764,368,0,123280
E1g,E1a,N2,co,12,svr,mase,0.9397229735155008,1.7116846066311848,2.745963412041717,1.806240438526216,368,0,123280
E1g,E1a,N2,co,12,svr,r2,-0.9770356129355611,-0.41499727960733557,0.26690641478111565,1.2439420277166766,365,3,123280
