env,h,model,tang,metric,p25,p50,p75,iqr,n_chuoi,n_loai,cv_p50,ti_le_cham_chan_p50
E1,1,naive,thap,mae,0.0621112028626479,0.0802504816955684,0.1824662813102119,0.12035507844756399,245,0,0.130146,0.019106
E1,1,naive,thap,rmse,0.1353856648360125,0.165280847377895,0.3620890481365874,0.22670338330057488,245,0,0.130146,0.019106
E1,1,naive,thap,smape,3.337969474589708,4.12800257335357,6.272570250064498,2.93460077547479,245,0,0.130146,0.019106
E1,1,naive,thap,mase,0.8307747592948377,0.946121127397644,1.0780149879201768,0.24724022862533912,245,0,0.130146,0.019106
E1,1,naive,thap,r2,-0.6699086186287546,-0.3356570287525739,0.0451219522872672,0.7150305709160218,245,0,0.130146,0.019106
E1,1,naive,vua,mae,0.2485549132947976,0.4315717038260391,2.953275529865125,2.7047206165703277,245,0,0.497391,0.085579
E1,1,naive,vua,rmse,0.5723561148079018,1.3890064336900567,7.270797785769748,6.698441670961846,245,0,0.497391,0.085579
E1,1,naive,vua,smape,8.95322825821486,11.792311307013495,18.30410630394523,9.350878045730369,245,0,0.497391,0.085579
E1,1,naive,vua,mase,0.8853996256983245,1.1122535799872937,1.420596375081398,0.5351967493830734,245,0,0.497391,0.085579
E1,1,naive,vua,r2,-0.8065886563272897,-0.1089530567768326,0.6917667621702497,1.4983554184975394,243,2,0.497391,0.085579
E1,1,naive,cao,mae,0.7485411505642718,1.859947013487476,3.225457610789981,2.476916460225709,245,0,1.266228,0.694067
E1,1,naive,cao,rmse,3.117745014524776,6.962432358128272,10.022494819979013,6.904749805454237,245,0,1.266228,0.694067
E1,1,naive,cao,smape,8.33555819779958,13.376412768271214,29.92273466225865,21.58717646445907,245,0,1.266228,0.694067
E1,1,naive,cao,mase,0.5839333828994213,0.8367396634823697,1.1039610210476345,0.5200276381482132,245,0,1.266228,0.694067
E1,1,naive,cao,r2,0.2365842969309036,0.713282829974674,0.9476318756516905,0.7110475787207868,242,3,1.266228,0.694067
E1,1,ma6,thap,mae,0.0552114872924121,0.0777697495183044,0.1575557390586293,0.1023442517662172,245,0,0.130146,0.019106
E1,1,ma6,thap,rmse,0.1112555392261344,0.140771424636511,0.3010317897546278,0.1897762505284934,245,0,0.130146,0.019106
E1,1,ma6,thap,smape,3.0622440823392183,3.97165173624494,5.950169704755175,2.8879256224159566,245,0,0.130146,0.019106
E1,1,ma6,thap,mase,0.7213956118908976,0.8219765480984939,1.001045751938586,0.2796501400476884,245,0,0.130146,0.019106
E1,1,ma6,thap,r2,-0.096395123485234,0.0698167344026071,0.2820932962914985,0.3784884197767325,245,0,0.130146,0.019106
E1,1,ma6,vua,mae,0.2425176621708413,0.456631342324984,4.796119483438847,4.553601821268006,245,0,0.497391,0.085579
E1,1,ma6,vua,rmse,0.4905191915566381,1.106598898343685,9.332567482418067,8.84204829086143,245,0,0.497391,0.085579
E1,1,ma6,vua,smape,10.201720156691923,14.607210817754543,26.55978800915696,16.358067852465037,245,0,0.497391,0.085579
E1,1,ma6,vua,mase,0.9173821442258288,1.3056787657808495,1.9049416510065773,0.9875595067807486,245,0,0.497391,0.085579
E1,1,ma6,vua,r2,-0.13900671378354984,-0.0295000849493991,0.5509444902037752,0.689951203987325,243,2,0.497391,0.085579
E1,1,ma6,cao,mae,1.1977360308285163,4.152954399486192,7.449008509955041,6.251272479126524,245,0,1.266228,0.694067
E1,1,ma6,cao,rmse,3.603283869842785,12.285131299479785,18.62422097612776,15.020937106284974,245,0,1.266228,0.694067
E1,1,ma6,cao,smape,16.96529003361512,22.08187639785033,41.41267086972357,24.44738083610845,245,0,1.266228,0.694067
E1,1,ma6,cao,mase,1.1011392884715008,1.6905258792188629,2.307487383685094,1.2063480952135932,245,0,1.266228,0.694067
E1,1,ma6,cao,r2,-0.12648228591605984,0.3145568553773421,0.8146995766111804,0.9411818625272402,242,3,1.266228,0.694067
E1,1,seasonal,thap,mae,0.1042818693830254,0.1531493715019726,0.2988680154142581,0.1945861460312327,245,0,0.130146,0.019106
E1,1,seasonal,thap,rmse,0.1767790760764108,0.2753519505803003,0.4666958657476436,0.2899167896712328,245,0,0.130146,0.019106
E1,1,seasonal,thap,smape,5.525209077149342,7.733662692222057,12.640722967869609,7.115513890720266,245,0,0.130146,0.019106
E1,1,seasonal,thap,mase,1.1226695893313985,1.5057395872403283,2.0455671125496915,0.922897523218293,245,0,0.130146,0.019106
E1,1,seasonal,thap,r2,-1.3477901276437128,-0.991681634311992,-0.6977894425367865,0.6500006851069262,245,0,0.130146,0.019106
E1,1,seasonal,vua,mae,0.3241707954858243,0.6644688644688644,9.899494219653178,9.575323424167355,245,0,0.497391,0.085579
E1,1,seasonal,vua,rmse,0.7296230687109883,1.381718567111646,16.33149236434204,15.601869295631051,245,0,0.497391,0.085579
E1,1,seasonal,vua,smape,12.93795933236144,23.95828669858576,56.62207449500354,43.6841151626421,245,0,0.497391,0.085579
E1,1,seasonal,vua,mase,1.2005728902823671,1.7904008502062876,3.5553638022965264,2.3547909120141592,245,0,0.497391,0.085579
E1,1,seasonal,vua,r2,-1.6297483406911717,-0.7932921349855722,-0.344795799459626,1.2849525412315457,243,2,0.497391,0.085579
E1,1,seasonal,cao,mae,1.7048116623261134,15.163142040201288,54.97897742912194,53.274165766795825,245,0,1.266228,0.694067
E1,1,seasonal,cao,rmse,4.993537610022927,23.33409409167248,68.52510129593269,63.53156368590976,245,0,1.266228,0.694067
E1,1,seasonal,cao,smape,34.111273762750365,109.83807699392428,137.79305774349064,103.68178398074028,245,0,1.266228,0.694067
E1,1,seasonal,cao,mase,1.6236528227000966,4.568033744073462,11.566604454073294,9.942951631373198,245,0,1.266228,0.694067
E1,1,seasonal,cao,r2,-1.9375275883033072,-1.2837615207415625,-0.39415700621000566,1.5433705820933015,242,3,1.266228,0.694067
E1,1,lr,thap,mae,0.1217399453316186,0.1370234667680626,0.2308899936418772,0.10915004831025861,245,0,0.130146,0.019106
E1,1,lr,thap,rmse,0.1756230350101942,0.2020418954275356,0.3832001486153577,0.20757711360516354,245,0,0.130146,0.019106
E1,1,lr,thap,smape,6.528173494772198,7.748392236758141,9.49513352062897,2.966960025856772,245,0,0.130146,0.019106
E1,1,lr,thap,mase,1.3148801265972807,1.614671943051673,1.8968573779091489,0.5819772513118682,245,0,0.130146,0.019106
E1,1,lr,thap,r2,-1.3775437050643975,-0.8990031596637253,-0.3900305963086552,0.9875131087557423,245,0,0.130146,0.019106
E1,1,lr,vua,mae,0.3290591894087304,0.5988871437365062,4.020577831672565,3.6915186422638344,245,0,0.497391,0.085579
E1,1,lr,vua,rmse,0.6364290039807547,1.419700104211468,7.569606035594448,6.933177031613693,245,0,0.497391,0.085579
E1,1,lr,vua,smape,12.93695759694899,19.57089204150078,29.675789928680626,16.738832331731636,245,0,0.497391,0.085579
E1,1,lr,vua,mase,1.1619717548027195,1.4406520444248527,2.0611406320926347,0.8991688772899151,245,0,0.497391,0.085579
E1,1,lr,vua,r2,-0.9880289730131827,-0.1687136305781873,0.6906167514947921,1.678645724507975,243,2,0.497391,0.085579
E1,1,lr,cao,mae,1.0878010520126549,3.348992999752031,4.835076954093743,3.7472759020810877,245,0,1.266228,0.694067
E1,1,lr,cao,rmse,3.1068818910830367,7.413732407004364,10.517686199568992,7.410804308485956,245,0,1.266228,0.694067
E1,1,lr,cao,smape,19.10522203438573,24.8797373965747,41.41951504296856,22.314293008582833,245,0,1.266228,0.694067
E1,1,lr,cao,mase,0.892568692906325,1.218526450589409,1.5563042773628804,0.6637355844565553,245,0,1.266228,0.694067
E1,1,lr,cao,r2,0.2866479227363826,0.7369636694884469,0.9412531404485427,0.6546052177121601,242,3,1.266228,0.694067
E1,1,ridge,thap,mae,0.1218422282801952,0.1371102274268118,0.2309425173926675,0.1091002891124723,245,0,0.130146,0.019106
E1,1,ridge,thap,rmse,0.1756977603039224,0.2021200952064021,0.3832812766862518,0.20758351638232939,245,0,0.130146,0.019106
E1,1,ridge,thap,smape,6.53176398600132,7.752155161619699,9.497368425609446,2.965604439608126,245,0,0.130146,0.019106
E1,1,ridge,thap,mase,1.315722565525972,1.615707024482778,1.8981936219828035,0.5824710564568314,245,0,0.130146,0.019106
E1,1,ridge,thap,r2,-1.379476162097769,-0.8996000642632174,-0.390135662526349,0.9893404995714199,245,0,0.130146,0.019106
E1,1,ridge,vua,mae,0.3292347426589054,0.5990330407473535,4.0253948157463,3.6961600730873947,245,0,0.497391,0.085579
E1,1,ridge,vua,rmse,0.6364671422829622,1.4197695854086,7.570494475711743,6.934027333428781,245,0,0.497391,0.085579
E1,1,ridge,vua,smape,12.941563254822835,19.581179781044,29.68019155861424,16.738628303791405,245,0,0.497391,0.085579
E1,1,ridge,vua,mase,1.162103436967567,1.4411201344879958,2.062110861519697,0.9000074245521301,245,0,0.497391,0.085579
E1,1,ridge,vua,r2,-0.9891928439862203,-0.1692118512032785,0.690632404772656,1.6798252487588763,243,2,0.497391,0.085579
E1,1,ridge,cao,mae,1.0888979290721503,3.3500742156049776,4.838370635599398,3.749472706527248,245,0,1.266228,0.694067
E1,1,ridge,cao,rmse,3.1060891752110944,7.416700000929408,10.518016438028518,7.411927262817423,245,0,1.266228,0.694067
E1,1,ridge,cao,smape,19.11002552473672,24.882754274952067,41.41224200115506,22.302216476418337,245,0,1.266228,0.694067
E1,1,ridge,cao,mase,0.8934541026386642,1.2196434052320575,1.5572090694109038,0.6637549667722396,245,0,1.266228,0.694067
E1,1,ridge,cao,r2,0.2866667414826033,0.7369263789889531,0.9412297873370868,0.6545630458544835,242,3,1.266228,0.694067
E1,1,rf,thap,mae,0.0614356901932937,0.0839260830222526,0.1590218820310255,0.09758619183773179,245,0,0.130146,0.019106
E1,1,rf,thap,rmse,0.1120512064809544,0.1540794127730455,0.3003694272956606,0.18831822081470617,245,0,0.130146,0.019106
E1,1,rf,thap,smape,3.5404705762559905,4.345742323546903,6.195859689576929,2.655389113320939,245,0,0.130146,0.019106
E1,1,rf,thap,mase,0.7925978455941717,0.8943160672835325,1.1084623709757595,0.3158645253815878,245,0,0.130146,0.019106
E1,1,rf,thap,r2,-0.0772800702155389,0.1128602384346934,0.3210465088980613,0.3983265791136002,245,0,0.130146,0.019106
E1,1,rf,vua,mae,0.2459118174608733,0.4047599191658788,3.244078518953301,2.9981667014924276,245,0,0.497391,0.085579
E1,1,rf,vua,rmse,0.5520287376321844,1.0718345629708097,6.486042032847495,5.93401329521531,245,0,0.497391,0.085579
E1,1,rf,vua,smape,9.571096742231951,13.098318817271092,24.47828909888858,14.90719235665663,245,0,0.497391,0.085579
E1,1,rf,vua,mase,0.8394704411385514,1.1590396736840614,1.4781130445949762,0.6386426034564248,245,0,0.497391,0.085579
E1,1,rf,vua,r2,-0.0744409444409451,0.1318395188421466,0.7277816074178732,0.8022225518588183,243,2,0.497391,0.085579
E1,1,rf,cao,mae,0.8513553754408297,2.513196440924778,4.171247796159881,3.3198924207190514,245,0,1.266228,0.694067
E1,1,rf,cao,rmse,2.9257742627329133,7.106415928888812,10.315702005228504,7.3899277424955905,245,0,1.266228,0.694067
E1,1,rf,cao,smape,16.823749258766128,26.671421373547265,38.2615614344348,21.437812175668675,245,0,1.266228,0.694067
E1,1,rf,cao,mase,0.7173587898393677,0.955807993788122,1.4115361944589262,0.6941774046195585,245,0,1.266228,0.694067
E1,1,rf,cao,r2,0.36925288567886083,0.7385118092053096,0.9379290638232507,0.5686761781443899,242,3,1.266228,0.694067
E1,1,xgb,thap,mae,0.0633420782511863,0.0825016233023747,0.1789188142227069,0.11557673597152059,245,0,0.130146,0.019106
E1,1,xgb,thap,rmse,0.1146727665298184,0.1546119572946609,0.3050171572513231,0.19034439072150472,245,0,0.130146,0.019106
E1,1,xgb,thap,smape,3.554789366354193,4.491067017014172,6.385556107575545,2.830766741221352,245,0,0.130146,0.019106
E1,1,xgb,thap,mase,0.8056448716641708,0.9328630044294822,1.115744674675751,0.31009980301158013,245,0,0.130146,0.019106
E1,1,xgb,thap,r2,-0.155095985563175,0.0869214664210478,0.2860201580761226,0.4411161436392976,245,0,0.130146,0.019106
E1,1,xgb,vua,mae,0.2462154524346996,0.4219255573116657,3.370674427436496,3.1244589750017964,245,0,0.497391,0.085579
E1,1,xgb,vua,rmse,0.5299488928982716,1.1005037379906957,6.496367300766512,5.9664184078682405,245,0,0.497391,0.085579
E1,1,xgb,vua,smape,9.909919104137073,13.745096625550726,24.932421860771903,15.02250275663483,245,0,0.497391,0.085579
E1,1,xgb,vua,mase,0.8706569584163494,1.1801393131515885,1.5068074817279484,0.636150523311599,245,0,0.497391,0.085579
E1,1,xgb,vua,r2,-0.1330617930983345,0.1656619697305569,0.7385676546524532,0.8716294477507878,243,2,0.497391,0.085579
E1,1,xgb,cao,mae,0.8812338340743461,2.636833782840039,4.597457422801296,3.7162235887269497,245,0,1.266228,0.694067
E1,1,xgb,cao,rmse,2.889066320941536,7.048977494011927,11.072043001346104,8.182976680404568,245,0,1.266228,0.694067
E1,1,xgb,cao,smape,17.925345499531844,28.409860972421125,40.52400455349135,22.59865905395951,245,0,1.266228,0.694067
E1,1,xgb,cao,mase,0.7989364121049132,1.0304102335936804,1.4814013306114016,0.6824649185064884,245,0,1.266228,0.694067
E1,1,xgb,cao,r2,0.356898752653018,0.7286655298367566,0.9330607814623462,0.5761620288093281,242,3,1.266228,0.694067
E1,1,svr,thap,mae,0.0722288284146286,0.0855505754252242,0.1575642153849008,0.08533538697027221,245,0,0.130146,0.019106
E1,1,svr,thap,rmse,0.112348965889713,0.1402347750152075,0.3003606431115662,0.1880116772218532,245,0,0.130146,0.019106
E1,1,svr,thap,smape,3.9883940571874783,4.765813097564642,6.405553609533397,2.417159552345919,245,0,0.130146,0.019106
E1,1,svr,thap,mase,0.8178079406388603,0.9780572096816024,1.2258013975758084,0.4079934569369481,245,0,0.130146,0.019106
E1,1,svr,thap,r2,-0.1296205680467936,0.0673880017319914,0.3027330181909777,0.4323535862377713,245,0,0.130146,0.019106
E1,1,svr,vua,mae,0.2199136576861699,0.3891748693141207,3.73504796529932,3.51513430761315,245,0,0.497391,0.085579
E1,1,svr,vua,rmse,0.4944017309954792,1.147668919219487,6.689621273925762,6.195219542930283,245,0,0.497391,0.085579
E1,1,svr,vua,smape,8.926125939259228,12.86014494333029,23.45543754224885,14.52931160298962,245,0,0.497391,0.085579
E1,1,svr,vua,mase,0.8391324231441163,1.1587022842983272,1.450908903624503,0.6117764804803868,245,0,0.497391,0.085579
E1,1,svr,vua,r2,-0.1626668379536949,0.1546030106566106,0.7095522148956797,0.8722190528493745,243,2,0.497391,0.085579
E1,1,svr,cao,mae,0.9035909841004856,2.828021833285128,4.338887720362507,3.4352967362620217,245,0,1.266228,0.694067
E1,1,svr,cao,rmse,3.0362114053071343,7.390187021506673,10.34620491233567,7.309993507028536,245,0,1.266228,0.694067
E1,1,svr,cao,smape,15.19189431124307,20.57073583546455,38.31292217570503,23.121027864461965,245,0,1.266228,0.694067
E1,1,svr,cao,mase,0.7551833353238788,1.0367230869901487,1.4191331309232362,0.6639497955993574,245,0,1.266228,0.694067
E1,1,svr,cao,r2,0.3251466586499652,0.7198412817132391,0.9435186983117068,0.6183720396617416,242,3,1.266228,0.694067
E1,6,naive,thap,mae,0.0661779081133919,0.089980449657869,0.1652003910068425,0.0990224828934506,245,0,0.130146,0.019106
E1,6,naive,thap,rmse,0.1460905774727713,0.1807266026908309,0.3837063993996951,0.2376158219269238,245,0,0.130146,0.019106
E1,6,naive,thap,smape,3.5613184137347416,4.51611185163863,6.513816846617372,2.9524984328826305,245,0,0.130146,0.019106
E1,6,naive,thap,mase,0.86394094652748,0.997996102452608,1.2052647378022028,0.3413237912747228,245,0,0.130146,0.019106
E1,6,naive,thap,r2,-0.8158383272537768,-0.5112907993093256,-0.1990615723022999,0.6167767549514769,245,0,0.130146,0.019106
E1,6,naive,vua,mae,0.260913280268119,0.4972070939812876,6.056612204999302,5.795698924731183,245,0,0.497391,0.085579
E1,6,naive,vua,rmse,0.6178721935582626,1.4671836598808754,11.898433952882945,11.280561759324682,245,0,0.497391,0.085579
E1,6,naive,vua,smape,10.30041975554469,14.46084791281366,28.91190150940587,18.611481753861177,245,0,0.497391,0.085579
E1,6,naive,vua,mase,1.064008279211513,1.5003768264477828,2.3264286421723206,1.2624203629608075,245,0,0.497391,0.085579
E1,6,naive,vua,r2,-1.0115377672289663,-0.6317650825256753,0.30035570966955377,1.31189347689852,243,2,0.497391,0.085579
E1,6,naive,cao,mae,1.4041055718475073,4.801257881903044,9.64227761485826,8.238172043010753,245,0,1.266228,0.694067
E1,6,naive,cao,rmse,4.555975257528303,14.923442324891829,24.021064446557112,19.46508918902881,245,0,1.266228,0.694067
E1,6,naive,cao,smape,18.76790907773118,24.97897996700572,40.67965663779256,21.911747560061382,245,0,1.266228,0.694067
E1,6,naive,cao,mase,1.352944330641739,2.1205089876860934,2.856954930721112,1.5040106000793731,245,0,1.266228,0.694067
E1,6,naive,cao,r2,-0.81242419219772,-0.11776015818876964,0.6924520698045524,1.5048762620022724,242,3,1.266228,0.694067
E1,6,ma6,thap,mae,0.060198761811665,0.0873737373737373,0.1648093841642229,0.10461062235255789,245,0,0.130146,0.019106
E1,6,ma6,thap,rmse,0.1171669594038602,0.1525493716081164,0.3216734464670315,0.20450648706317132,245,0,0.130146,0.019106
E1,6,ma6,thap,smape,3.1973413257610552,4.336769565318485,6.925595476376135,3.72825415061508,245,0,0.130146,0.019106
E1,6,ma6,thap,mase,0.7656348109250724,0.8854210941449185,1.0538710478328497,0.28823623690777733,245,0,0.130146,0.019106
E1,6,ma6,thap,r2,-0.1210194660446171,0.0083236117287655,0.1772431424025996,0.2982626084472167,245,0,0.130146,0.019106
E1,6,ma6,vua,mae,0.2502443792766374,0.4815149008697395,6.426486640599544,6.176242261322907,245,0,0.497391,0.085579
E1,6,ma6,vua,rmse,0.553748200557745,1.177765283601421,11.834189657625416,11.28044145706767,245,0,0.497391,0.085579
E1,6,ma6,vua,smape,10.427069894177636,15.782310990453862,32.7201886020215,22.293118707843867,245,0,0.497391,0.085579
E1,6,ma6,vua,mase,0.9407243098613888,1.395784730839478,2.380157730886592,1.4394334210252033,245,0,0.497391,0.085579
E1,6,ma6,vua,r2,-0.1991611008820415,-0.0989352948515052,0.36248179843512945,0.5616428993171709,243,2,0.497391,0.085579
E1,6,ma6,cao,mae,1.7333659172368847,5.482659438964424,12.82715053763441,11.093784620397525,245,0,1.266228,0.694067
E1,6,ma6,cao,rmse,4.215305689532275,16.87949410366997,27.42400278896852,23.208697099436243,245,0,1.266228,0.694067
E1,6,ma6,cao,smape,22.547238623217027,32.212999231118424,48.628793649197,26.081555025979974,245,0,1.266228,0.694067
E1,6,ma6,cao,mase,1.504872188541636,2.4155818749442592,3.453443900210897,1.948571711669261,245,0,1.266228,0.694067
E1,6,ma6,cao,r2,-0.2987990791836847,0.02565196890072275,0.6093986690180779,0.9081977482017627,242,3,1.266228,0.694067
E1,6,seasonal,thap,mae,0.1065929427366377,0.154960899315738,0.2849513145700829,0.17835837183344516,245,0,0.130146,0.019106
E1,6,seasonal,thap,rmse,0.1760043099090171,0.2704638145325965,0.4699124953450574,0.2939081854360403,245,0,0.130146,0.019106
E1,6,seasonal,thap,smape,5.471827508184576,7.534636554739607,12.739396329906324,7.267568821721747,245,0,0.130146,0.019106
E1,6,seasonal,thap,mase,1.1413252486126075,1.5130143186139624,2.100478196939897,0.9591529483272896,245,0,0.130146,0.019106
E1,6,seasonal,thap,r2,-1.3797050963710555,-1.0314713056095188,-0.7077010898735041,0.6720040064975514,245,0,0.130146,0.019106
E1,6,seasonal,vua,mae,0.3144672531769306,0.6919122747568496,10.576344086021503,10.261876832844573,245,0,0.497391,0.085579
E1,6,seasonal,vua,rmse,0.745258519553749,1.392686612973297,20.92896891823507,20.183710398681324,245,0,0.497391,0.085579
E1,6,seasonal,vua,smape,12.971508843391936,23.51477248304955,60.98135036719668,48.009841523804745,245,0,0.497391,0.085579
E1,6,seasonal,vua,mase,1.167811101941756,1.8432303285014284,3.6500172312142745,2.4822061292725186,245,0,0.497391,0.085579
E1,6,seasonal,vua,r2,-1.6437007939888086,-0.8825027383926933,-0.3506586676797956,1.293042126309013,243,2,0.497391,0.085579
E1,6,seasonal,cao,mae,1.9472629521016616,13.978841275212243,54.50658602150538,52.55932306940372,245,0,1.266228,0.694067
E1,6,seasonal,cao,rmse,5.570418453446495,23.47555543873912,67.46966672311245,61.89924826966596,245,0,1.266228,0.694067
E1,6,seasonal,cao,smape,35.4208695609889,110.92745420316908,135.1648887583008,99.7440191973119,245,0,1.266228,0.694067
E1,6,seasonal,cao,mase,2.230246052398872,4.658197437305273,11.056734887595288,8.826488835196416,245,0,1.266228,0.694067
E1,6,seasonal,cao,r2,-1.8841638603832014,-1.318752408478871,-0.5266519804834999,1.3575118798997015,242,3,1.266228,0.694067
E1,6,lr,thap,mae,0.4738110024908071,0.4919108967860305,0.5223317833356959,0.048520780844888756,245,0,0.130146,0.019106
E1,6,lr,thap,rmse,0.5205225184801311,0.5369118274620023,0.6074850569225728,0.08696253844244173,245,0,0.130146,0.019106
E1,6,lr,thap,smape,18.52266012286143,24.694365632309108,27.65370670717929,9.131046584317858,245,0,0.130146,0.019106
E1,6,lr,thap,mase,3.361532075960173,5.70771884536317,6.94266289530781,3.5811308193476368,245,0,0.130146,0.019106
E1,6,lr,thap,r2,-17.15241502977128,-8.798784407123739,-2.2922674318548184,14.860147597916463,245,0,0.130146,0.019106
E1,6,lr,vua,mae,0.6187784858696156,0.9285634712972484,6.834428699787993,6.215650213918377,245,0,0.497391,0.085579
E1,6,lr,vua,rmse,0.781163925506132,1.4035909438163647,11.67420142482559,10.893037499319458,245,0,0.497391,0.085579
E1,6,lr,vua,smape,25.801302549450178,37.54669493982614,49.2842148722338,23.48291232278362,245,0,0.497391,0.085579
E1,6,lr,vua,mase,2.0210775942704315,3.072439252401684,4.049966361360941,2.028888767090509,245,0,0.497391,0.085579
E1,6,lr,vua,r2,-1.2409866737514945,-0.5604231725430247,0.14594628924081054,1.386932962992305,243,2,0.497391,0.085579
E1,6,lr,cao,mae,2.055332561671909,6.074202594309609,14.098626255825934,12.043293694154025,245,0,1.266228,0.694067
E1,6,lr,cao,rmse,4.372192307400609,15.538521151015011,25.507861527652548,21.135669220251938,245,0,1.266228,0.694067
E1,6,lr,cao,smape,41.83254085789564,51.45696038735916,65.5464734937515,23.71393263585587,245,0,1.266228,0.694067
E1,6,lr,cao,mase,2.009376978430325,2.725612825822432,3.970655345073706,1.961278366643381,245,0,1.266228,0.694067
E1,6,lr,cao,r2,-0.3944254322765122,0.049088575941194,0.6642478656553197,1.0586732979318318,242,3,1.266228,0.694067
E1,6,ridge,thap,mae,0.4734913398093842,0.4915537583396814,0.5220180692327803,0.04852672942339609,245,0,0.130146,0.019106
E1,6,ridge,thap,rmse,0.5201101587756412,0.5365011785481552,0.607194822922923,0.08708466414728189,245,0,0.130146,0.019106
E1,6,ridge,thap,smape,18.507597605653547,24.693759342134427,27.635372300791204,9.127774695137656,245,0,0.130146,0.019106
E1,6,ridge,thap,mase,3.360425230450805,5.702503163017238,6.937916419602239,3.577491189151434,245,0,0.130146,0.019106
E1,6,ridge,thap,r2,-17.124013485543028,-8.784644784978463,-2.2881652460034214,14.835848239539606,245,0,0.130146,0.019106
E1,6,ridge,vua,mae,0.6186119368582061,0.9284999540707468,6.834319083175584,6.215707146317378,245,0,0.497391,0.085579
E1,6,ridge,vua,rmse,0.7811832215592409,1.4037669721772714,11.67536837015246,10.89418514859322,245,0,0.497391,0.085579
E1,6,ridge,vua,smape,25.79966658787273,37.53701293044651,49.28944207412462,23.489775486251894,245,0,0.497391,0.085579
E1,6,ridge,vua,mase,2.019610584244897,3.0713511790523973,4.047576757874244,2.0279661736293466,245,0,0.497391,0.085579
E1,6,ridge,vua,r2,-1.2413341482389102,-0.5613032398654432,0.14583978483897803,1.3871739330778883,243,2,0.497391,0.085579
E1,6,ridge,cao,mae,2.0551022045773144,6.07573712340548,14.097813828786212,12.042711624208897,245,0,1.266228,0.694067
E1,6,ridge,cao,rmse,4.372231799024891,15.53740146705688,25.50730004578607,21.13506824676118,245,0,1.266228,0.694067
E1,6,ridge,cao,smape,41.82262641786642,51.44657752690807,65.54640263855809,23.723776220691676,245,0,1.266228,0.694067
E1,6,ridge,cao,mase,2.009797608899748,2.7260701909531044,3.970673894600954,1.960876285701206,245,0,1.266228,0.694067
E1,6,ridge,cao,r2,-0.395247277981935,0.0489710160222101,0.6643061908671017,1.0595534688490367,242,3,1.266228,0.694067
E1,6,rf,thap,mae,0.0770328177046211,0.1176126534521368,0.2208000824299612,0.14376726472534007,245,0,0.130146,0.019106
E1,6,rf,thap,rmse,0.124430229615714,0.1935391746953987,0.3851760875755827,0.2607458579598687,245,0,0.130146,0.019106
E1,6,rf,thap,smape,4.370002733266533,6.211096835298522,8.982222268782202,4.612219535515669,245,0,0.130146,0.019106
E1,6,rf,thap,mase,0.913586024183231,1.1099326947884292,1.5333088860081874,0.6197228618249564,245,0,0.130146,0.019106
E1,6,rf,thap,r2,-0.3362503505206757,-0.0703135995540928,0.1101121940716465,0.4463625445923222,245,0,0.130146,0.019106
E1,6,rf,vua,mae,0.3084667118466557,0.6014254685933781,8.03475513393646,7.726288422089805,245,0,0.497391,0.085579
E1,6,rf,vua,rmse,0.6306710623007187,1.220095326119139,12.067120833324648,11.436449771023929,245,0,0.497391,0.085579
E1,6,rf,vua,smape,12.741907805356137,17.683614141122643,40.97742901271583,28.235521207359696,245,0,0.497391,0.085579
E1,6,rf,vua,mase,1.193315024556886,1.5702146239930366,2.8738198054601813,1.6805047809032954,245,0,0.497391,0.085579
E1,6,rf,vua,r2,-0.2393885335777638,-0.0569967167293106,0.4205481751143967,0.6599367086921605,243,2,0.497391,0.085579
E1,6,rf,cao,mae,1.6082890818559987,5.687677351048362,13.773032770686294,12.164743688830296,245,0,1.266228,0.694067
E1,6,rf,cao,rmse,4.140827390795879,15.544591053805997,23.90491119225831,19.764083801462434,245,0,1.266228,0.694067
E1,6,rf,cao,smape,28.315565682244685,53.59214309534101,66.50098637069254,38.18542068844786,245,0,1.266228,0.694067
E1,6,rf,cao,mase,1.6496148462940674,2.598438654876827,3.3118415171845426,1.6622266708904752,245,0,1.266228,0.694067
E1,6,rf,cao,r2,-0.22825439303052444,0.1412593634624032,0.696941221181589,0.9251956142121134,242,3,1.266228,0.694067
E1,6,xgb,thap,mae,0.1111189537617002,0.1440763297515916,0.2445282169101525,0.1334092631484523,245,0,0.130146,0.019106
E1,6,xgb,thap,rmse,0.1496412222908692,0.2166614228051133,0.3883429636083734,0.23870174131750418,245,0,0.130146,0.019106
E1,6,xgb,thap,smape,5.970742240755,7.568061060820733,10.26008459331362,4.289342352558619,245,0,0.130146,0.019106
E1,6,xgb,thap,mase,1.1679311996282804,1.4971400581297365,1.921436899154843,0.7535056995265625,245,0,0.130146,0.019106
E1,6,xgb,thap,r2,-0.7712015554307032,-0.3621151997914882,-0.090622385897443,0.6805791695332603,245,0,0.130146,0.019106
E1,6,xgb,vua,mae,0.3611871641052784,0.6073256991359378,7.653312029983058,7.2921248658777795,245,0,0.497391,0.085579
E1,6,xgb,vua,rmse,0.6474981694705445,1.2397799552321858,10.6366819797498,9.989183810279256,245,0,0.497391,0.085579
E1,6,xgb,vua,smape,14.337681051149008,19.06336881722139,42.71661951627048,28.37893846512147,245,0,0.497391,0.085579
E1,6,xgb,vua,mase,1.3152712893387004,1.6625699495359978,2.9365964367907704,1.62132514745207,245,0,0.497391,0.085579
E1,6,xgb,vua,r2,-0.2691040495842409,-0.110448384561806,0.3630770096169425,0.6321810592011834,243,2,0.497391,0.085579
E1,6,xgb,cao,mae,1.6722230283162929,5.245118122917663,12.746855429288068,11.074632400971776,245,0,1.266228,0.694067
E1,6,xgb,cao,rmse,4.026867961284804,15.45989574844166,22.3143285410496,18.287460579764797,245,0,1.266228,0.694067
E1,6,xgb,cao,smape,28.807360763138192,55.3718210338075,65.65029839672833,36.84293763359014,245,0,1.266228,0.694067
E1,6,xgb,cao,mase,1.6100887910040964,2.44011341530408,3.21720899065875,1.6071201996546536,245,0,1.266228,0.694067
E1,6,xgb,cao,r2,-0.225225648765094,0.14024653151552305,0.7271917167200689,0.9524173654851629,242,3,1.266228,0.694067
E1,6,svr,thap,mae,0.0639722198961925,0.0842218294624616,0.1560996023455078,0.09212738244931529,245,0,0.130146,0.019106
E1,6,svr,thap,rmse,0.1124243244874882,0.1481506371926415,0.3232535222435218,0.2108291977560336,245,0,0.130146,0.019106
E1,6,svr,thap,smape,3.591940678311241,4.614415564866587,6.410719401352376,2.8187787230411345,245,0,0.130146,0.019106
E1,6,svr,thap,mase,0.7857542548121704,0.9253662954466514,1.2227453707867562,0.43699111597458573,245,0,0.130146,0.019106
E1,6,svr,thap,r2,-0.0474926712010865,0.0833906391015598,0.2380116459083684,0.2855043171094549,245,0,0.130146,0.019106
E1,6,svr,vua,mae,0.2133156181505988,0.4053912553498117,6.324494734051355,6.1111791159007565,245,0,0.497391,0.085579
E1,6,svr,vua,rmse,0.5163113327695603,1.112243018541216,12.069003514655405,11.552692181885845,245,0,0.497391,0.085579
E1,6,svr,vua,smape,9.071591113849598,14.019680923347943,31.29582367025477,22.22423255640517,245,0,0.497391,0.085579
E1,6,svr,vua,mase,0.8437655926690296,1.220667579679735,2.426808193058414,1.5830426003893843,245,0,0.497391,0.085579
E1,6,svr,vua,r2,-0.0920264150812033,-0.0099042471101777,0.40661708330175905,0.49864349838296235,243,2,0.497391,0.085579
E1,6,svr,cao,mae,1.5240821477385147,5.308980390454887,11.340475119459528,9.816392971721013,245,0,1.266228,0.694067
E1,6,svr,cao,rmse,4.248849808020241,15.356603841055083,24.77247458442117,20.52362477640093,245,0,1.266228,0.694067
E1,6,svr,cao,smape,21.7173484121718,34.17086231054099,49.3796781648151,27.6623297526433,245,0,1.266228,0.694067
E1,6,svr,cao,mase,1.4255486806627935,2.202090368519224,3.104053068410462,1.6785043877476686,245,0,1.266228,0.694067
E1,6,svr,cao,r2,-0.21442173426116462,0.0996678492055367,0.675471233466538,0.8898929677277027,242,3,1.266228,0.694067
E1,12,naive,thap,mae,0.0524378109452736,0.0799004975124378,0.1726083866382373,0.1201705756929637,245,0,0.130146,0.019106
E1,12,naive,thap,rmse,0.1349226061860397,0.1799360236219965,0.3885733142713836,0.25365070808534385,245,0,0.130146,0.019106
E1,12,naive,thap,smape,2.690470548997238,3.865162866014837,6.021626527504805,3.331155978507567,245,0,0.130146,0.019106
E1,12,naive,thap,mase,0.6328639107831626,0.8269804103729852,1.1025494878335498,0.46968557705038716,245,0,0.130146,0.019106
E1,12,naive,thap,r2,-0.688250794712773,-0.3082915864109958,-0.0654086750004927,0.6228421197122802,245,0,0.130146,0.019106
E1,12,naive,vua,mae,0.241020869677586,0.4812935323383084,7.280721393034826,7.03970052335724,245,0,0.497391,0.085579
E1,12,naive,vua,rmse,0.6433948105598846,1.491106860129428,13.299875257414818,12.656480446854934,245,0,0.497391,0.085579
E1,12,naive,vua,smape,9.045065560597669,13.829088920696186,32.399693707038594,23.354628146440923,245,0,0.497391,0.085579
E1,12,naive,vua,mase,0.9640849917776536,1.4708513542800463,2.5432065795081047,1.5791215877304512,245,0,0.497391,0.085579
E1,12,naive,vua,r2,-0.9486668624619329,-0.634830848509951,0.2956093206362263,1.2442761830981592,243,2,0.497391,0.085579
E1,12,naive,cao,mae,1.7071641791044776,6.1610945273631845,15.061791044776118,13.35462686567164,245,0,1.266228,0.694067
E1,12,naive,cao,rmse,4.853878744211231,19.677852434935016,32.117581749272894,27.263703005061664,245,0,1.266228,0.694067
E1,12,naive,cao,smape,22.00474693842796,35.34414344911953,48.79314285147262,26.788395913044663,245,0,1.266228,0.694067
E1,12,naive,cao,mase,1.68501011157527,2.6591484798398497,3.74919288486389,2.06418277328862,245,0,1.266228,0.694067
E1,12,naive,cao,r2,-0.8888423438660884,-0.30896882129728476,0.4586993732825376,1.347541717148626,242,3,1.266228,0.694067
E1,12,ma6,thap,mae,0.0685560293769249,0.0982883203032456,0.1918159203980099,0.123259891021085,245,0,0.130146,0.019106
E1,12,ma6,thap,rmse,0.1262842631845448,0.167485687999125,0.3428849531273894,0.21660068994284462,245,0,0.130146,0.019106
E1,12,ma6,thap,smape,3.7010601635245712,4.831358796956166,7.607843618787911,3.9067834552633394,245,0,0.130146,0.019106
E1,12,ma6,thap,mase,0.8303012161844544,0.9928075250492993,1.202765045033663,0.3724638288492087,245,0,0.130146,0.019106
E1,12,ma6,thap,r2,-0.2059902163371541,-0.1200742887375994,0.0226481308678855,0.2286383472050396,245,0,0.130146,0.019106
E1,12,ma6,vua,mae,0.2625823264629234,0.4992122719734659,8.17304311774461,7.910460791281687,245,0,0.497391,0.085579
E1,12,ma6,vua,rmse,0.5574656339265495,1.1875531811340174,14.933394710195032,14.375929076268482,245,0,0.497391,0.085579
E1,12,ma6,vua,smape,11.365860407924158,17.723491727356002,41.26902344423146,29.903163036307298,245,0,0.497391,0.085579
E1,12,ma6,vua,mase,1.0329087001606203,1.474072859887502,2.552483025120084,1.5195743249594635,245,0,0.497391,0.085579
E1,12,ma6,vua,r2,-0.2321781112324471,-0.1513086298669117,0.17549507028790434,0.4076731815203515,243,2,0.497391,0.085579
E1,12,ma6,cao,mae,1.806580649864232,6.361054252546789,17.545124378109453,15.73854372824522,245,0,1.266228,0.694067
E1,12,ma6,cao,rmse,4.7727173657223805,19.272869369336465,33.46418088794916,28.691463522226783,245,0,1.266228,0.694067
E1,12,ma6,cao,smape,26.40803289484864,40.838618821032895,56.42534395045645,30.017311055607813,245,0,1.266228,0.694067
E1,12,ma6,cao,mase,1.6327475465427022,2.7363959260029915,4.060792549056095,2.428045002513393,245,0,1.266228,0.694067
E1,12,ma6,cao,r2,-0.33237246352326266,-0.0871562614929688,0.37684123340637865,0.7092136969296413,242,3,1.266228,0.694067
E1,12,seasonal,thap,mae,0.0907462686567164,0.1382525683271951,0.2767892679459843,0.1860429992892679,245,0,0.130146,0.019106
E1,12,seasonal,thap,rmse,0.1619689371746003,0.2558300314175886,0.4464792911249735,0.28451035395037316,245,0,0.130146,0.019106
E1,12,seasonal,thap,smape,4.299190462000055,7.12207729865455,11.90363207229739,7.604441610297334,245,0,0.130146,0.019106
E1,12,seasonal,thap,mase,0.9969423268175978,1.3162320025315115,2.039561719587115,1.0426193927695175,245,0,0.130146,0.019106
E1,12,seasonal,thap,r2,-1.264595532447267,-0.7740672029769069,-0.4403450263334354,0.8242505061138317,245,0,0.130146,0.019106
E1,12,seasonal,vua,mae,0.2969651741293533,0.6588628287135749,11.078507462686568,10.781542288557215,245,0,0.497391,0.085579
E1,12,seasonal,vua,rmse,0.735124256423288,1.4059240777644468,16.769489886242102,16.034365629818815,245,0,0.497391,0.085579
E1,12,seasonal,vua,smape,11.17843442908448,22.94179144383057,55.61404517092598,44.4356107418415,245,0,0.497391,0.085579
E1,12,seasonal,vua,mase,1.079310945147118,1.741732775408843,3.695334031764799,2.6160230866176812,245,0,0.497391,0.085579
E1,12,seasonal,vua,r2,-1.5165495173778587,-0.8419539072922007,-0.2887880328146209,1.2277614845632379,243,2,0.497391,0.085579
E1,12,seasonal,cao,mae,1.9472139303482583,13.482960199004976,52.77966417910448,50.832450248756224,245,0,1.266228,0.694067
E1,12,seasonal,cao,rmse,5.712552295720651,23.288058420750577,66.38669797931551,60.674145683594865,245,0,1.266228,0.694067
E1,12,seasonal,cao,smape,35.71091958404448,105.5771604403033,132.1292803605866,96.4183607765421,245,0,1.266228,0.694067
E1,12,seasonal,cao,mase,2.2709631815142504,4.662935443390523,10.760654185118536,8.489691003604285,245,0,1.266228,0.694067
E1,12,seasonal,cao,r2,-1.9384842682824392,-1.3005227434578992,-0.45568816755665253,1.4827961007257868,242,3,1.266228,0.694067
E1,12,lr,thap,mae,0.6185431853337074,0.6461922307072079,0.6770600702140716,0.058516884880364106,245,0,0.130146,0.019106
E1,12,lr,thap,rmse,0.7000365329558202,0.7260385350708474,0.7755994667249625,0.07556293376914225,245,0,0.130146,0.019106
E1,12,lr,thap,smape,22.72363931432858,30.61946184874894,34.41762722617286,11.693987911844282,245,0,0.130146,0.019106
E1,12,lr,thap,mase,4.365599671968486,7.469527998629156,9.220118525506994,4.854518853538508,245,0,0.130146,0.019106
E1,12,lr,thap,r2,-32.45230836294532,-16.455499165218672,-4.1506562027411045,28.301652160204213,245,0,0.130146,0.019106
E1,12,lr,vua,mae,0.7905465297793869,1.088620233867892,8.972728637012082,8.182182107232695,245,0,0.497391,0.085579
E1,12,lr,vua,rmse,0.9430318558754583,1.6003711576166162,12.858818011286187,11.915786155410728,245,0,0.497391,0.085579
E1,12,lr,vua,smape,29.74347745334866,43.43653618383438,57.63479172342944,27.891314270080777,245,0,0.497391,0.085579
E1,12,lr,vua,mase,2.417637442680511,3.8177483918712,5.476931828401959,3.059294385721448,245,0,0.497391,0.085579
E1,12,lr,vua,r2,-2.1790623789480534,-0.7846077736943196,-0.0226383289838776,2.156424049964176,243,2,0.497391,0.085579
E1,12,lr,cao,mae,2.5151626565088683,7.347025849546366,20.21946534607541,17.704302689566543,245,0,1.266228,0.694067
E1,12,lr,cao,rmse,4.75259973064854,18.380204883517795,31.543136903801635,26.790537173153094,245,0,1.266228,0.694067
E1,12,lr,cao,smape,51.35470040375844,61.94147203610021,72.01349367052502,20.65879326676658,245,0,1.266228,0.694067
E1,12,lr,cao,mase,2.4879568416984914,3.2173558689089576,5.443811008852954,2.9558541671544627,245,0,1.266228,0.694067
E1,12,lr,cao,r2,-0.5925569130406156,-0.02087606723272365,0.43972260690499587,1.0322795199456114,242,3,1.266228,0.694067
E1,12,ridge,thap,mae,0.6185712518264999,0.6462236364835022,0.6770964891858023,0.058525237359302484,245,0,0.130146,0.019106
E1,12,ridge,thap,rmse,0.7000756038078695,0.726078177747873,0.7756414348076599,0.07556583099979042,245,0,0.130146,0.019106
E1,12,ridge,thap,smape,22.72444428382463,30.62055395967545,34.418769773380184,11.694325489555553,245,0,0.130146,0.019106
E1,12,ridge,thap,mase,4.365802956921972,7.4699353058274784,9.220577671618592,4.85477471469662,245,0,0.130146,0.019106
E1,12,ridge,thap,r2,-32.45586614082507,-16.45722151848354,-4.151407525188366,28.304458615636705,245,0,0.130146,0.019106
E1,12,ridge,vua,mae,0.7906005191328515,1.0886775340369683,8.973151778036089,8.182551258903237,245,0,0.497391,0.085579
E1,12,ridge,vua,rmse,0.9430859507788524,1.6004685918183494,12.858835913531776,11.915749962752923,245,0,0.497391,0.085579
E1,12,ridge,vua,smape,29.744262368989748,43.43782043532444,57.63669280409341,27.89243043510366,245,0,0.497391,0.085579
E1,12,ridge,vua,mase,2.417794191053639,3.8179830475906007,5.477259843747127,3.0594656526934885,245,0,0.497391,0.085579
E1,12,ridge,vua,r2,-2.179485498779469,-0.7849102198898323,-0.02262802105537315,2.156857477724096,243,2,0.497391,0.085579
E1,12,ridge,cao,mae,2.515119486377014,7.347199476631127,20.219118356657265,17.70399887028025,245,0,1.266228,0.694067
E1,12,ridge,cao,rmse,4.752607422802045,18.38046732698073,31.54321498772336,26.790607564921316,245,0,1.266228,0.694067
E1,12,ridge,cao,smape,51.35658959157393,61.94230182298717,72.01379365158867,20.65720406001474,245,0,1.266228,0.694067
E1,12,ridge,cao,mase,2.487945084664075,3.2175735613755228,5.443790542401098,2.955845457737023,245,0,1.266228,0.694067
E1,12,ridge,cao,r2,-0.5926756898437219,-0.02093039159290795,0.4397244649488772,1.0324001547925992,242,3,1.266228,0.694067
E1,12,rf,thap,mae,0.0952668351342916,0.1529744227165551,0.2894618332028959,0.19419499806860432,245,0,0.130146,0.019106
E1,12,rf,thap,rmse,0.1394649844963676,0.2456541104863458,0.4428471285522674,0.3033821440558998,245,0,0.130146,0.019106
E1,12,rf,thap,smape,4.870547775226411,7.714735824173176,10.433690019525775,5.563142244299364,245,0,0.130146,0.019106
E1,12,rf,thap,mase,1.0466491747077982,1.3062641678574236,1.925065571974612,0.8784163972668138,245,0,0.130146,0.019106
E1,12,rf,thap,r2,-0.6690442505927783,-0.2919699193391327,-0.0923642625168619,0.5766799880759164,245,0,0.130146,0.019106
E1,12,rf,vua,mae,0.34815647635749,0.6748932888371376,8.827975621832548,8.479819145475059,245,0,0.497391,0.085579
E1,12,rf,vua,rmse,0.6645865479762315,1.3459224830095893,13.4467128038875,12.782126255911269,245,0,0.497391,0.085579
E1,12,rf,vua,smape,14.499897771719446,19.968282343347774,47.97341981545663,33.473522043737184,245,0,0.497391,0.085579
E1,12,rf,vua,mase,1.336616884852313,1.7503670783025624,3.5693482521672792,2.2327313673149662,245,0,0.497391,0.085579
E1,12,rf,vua,r2,-0.2795550068853495,-0.1210321647784724,0.258809140570027,0.5383641474553765,243,2,0.497391,0.085579
E1,12,rf,cao,mae,1.9247866370500897,7.290313487801649,18.26434033252743,16.33955369547734,245,0,1.266228,0.694067
E1,12,rf,cao,rmse,4.624852055791425,16.10723025460126,29.848898125365263,25.224046069573838,245,0,1.266228,0.694067
E1,12,rf,cao,smape,32.51169358916961,61.25010128624457,70.01288477704557,37.50119118787596,245,0,1.266228,0.694067
E1,12,rf,cao,mase,1.8692652834509764,2.7948584173226627,4.363358300734919,2.494093017283942,245,0,1.266228,0.694067
E1,12,rf,cao,r2,-0.2174342276023101,0.0646384024077412,0.4896062999706803,0.7070405275729904,242,3,1.266228,0.694067
E1,12,xgb,thap,mae,0.1459341837517657,0.2010894617932999,0.3180709548537841,0.17213677110201842,245,0,0.130146,0.019106
E1,12,xgb,thap,rmse,0.2116644345422385,0.300053779767303,0.4809458743046143,0.2692814397623758,245,0,0.130146,0.019106
E1,12,xgb,thap,smape,7.008021537749645,9.64316882363667,12.805440488983876,5.797418951234231,245,0,0.130146,0.019106
E1,12,xgb,thap,mase,1.3269375101056105,1.845889887708331,2.688360599019485,1.3614230889138745,245,0,0.130146,0.019106
E1,12,xgb,thap,r2,-2.3936426430291635,-0.8312976346962406,-0.3825977978067165,2.011044845222447,245,0,0.130146,0.019106
E1,12,xgb,vua,mae,0.4142090762432534,0.6621551316531736,7.913134202340348,7.498925126097095,245,0,0.497391,0.085579
E1,12,xgb,vua,rmse,0.6665697207517649,1.3049095936123931,12.841424144827048,12.174854424075283,245,0,0.497391,0.085579
E1,12,xgb,vua,smape,16.083159393280575,21.34897289109437,49.77927903752041,33.696119644239836,245,0,0.497391,0.085579
E1,12,xgb,vua,mase,1.459597334359824,1.8945738308986624,3.7717999175249175,2.312202583165093,245,0,0.497391,0.085579
E1,12,xgb,vua,r2,-0.3656134179030665,-0.1686487394780571,0.2021656997581823,0.5677791176612488,243,2,0.497391,0.085579
E1,12,xgb,cao,mae,1.9032678526783973,7.140769113984274,18.619400618491483,16.716132765813086,245,0,1.266228,0.694067
E1,12,xgb,cao,rmse,4.396942542855802,16.451720437518475,28.840293252473145,24.44335070961734,245,0,1.266228,0.694067
E1,12,xgb,cao,smape,33.39372124161075,62.232572427956434,71.41881758143604,38.025096339825296,245,0,1.266228,0.694067
E1,12,xgb,cao,mase,1.847058885459565,2.861265658372397,4.7598870276886815,2.9128281422291167,245,0,1.266228,0.694067
E1,12,xgb,cao,r2,-0.21598520653116943,0.048440349676206446,0.5161816422172966,0.732166848748466,242,3,1.266228,0.694067
E1,12,svr,thap,mae,0.0682681647200082,0.0910001661231747,0.1779382257585478,0.10967006103853962,245,0,0.130146,0.019106
E1,12,svr,thap,rmse,0.1180441107902059,0.1592936406181785,0.3344552516335647,0.21641114084335883,245,0,0.130146,0.019106
E1,12,svr,thap,smape,3.8008466010589728,4.757156589065051,6.932977874603373,3.1321312735444002,245,0,0.130146,0.019106
E1,12,svr,thap,mase,0.8273998518397992,0.9564230927294516,1.262409069243727,0.43500921740392784,245,0,0.130146,0.019106
E1,12,svr,thap,r2,-0.0939018281250709,0.0350388526854633,0.1764256475106443,0.2703274756357152,245,0,0.130146,0.019106
E1,12,svr,vua,mae,0.2226884411950961,0.4157198781663337,8.932373736762166,8.70968529556707,245,0,0.497391,0.085579
E1,12,svr,vua,rmse,0.5225781334009828,1.125244376506488,15.077979006847777,14.555400873446795,245,0,0.497391,0.085579
E1,12,svr,vua,smape,9.464144568307702,14.613099452073822,33.45832595010074,23.99418138179304,245,0,0.497391,0.085579
E1,12,svr,vua,mase,0.882538753823267,1.2474796496661025,2.4461740720521963,1.5636353182289293,245,0,0.497391,0.085579
E1,12,svr,vua,r2,-0.1197800627936027,-0.0384786919965005,0.31022543934026614,0.43000550213386884,243,2,0.497391,0.085579
E1,12,svr,cao,mae,1.643843512387478,6.558542659747865,16.527461576182798,14.88361806379532,245,0,1.266228,0.694067
E1,12,svr,cao,rmse,4.524116369061126,19.490496618974888,31.56499330578936,27.040876936728235,245,0,1.266228,0.694067
E1,12,svr,cao,smape,25.124778964172208,42.45166183459483,58.50036136508378,33.375582400911576,245,0,1.266228,0.694067
E1,12,svr,cao,mase,1.6237164623484024,2.6193877285433382,3.912995567314794,2.2892791049663916,245,0,1.266228,0.694067
E1,12,svr,cao,r2,-0.1910514506092416,-0.00776521403579715,0.4562663796110574,0.6473178302202991,242,3,1.266228,0.694067
E2,1,naive,thap,mae,0.073121387283237,0.1277456647398844,0.2210019267822736,0.1478805394990366,101,0,0.117021,0.018462
E2,1,naive,thap,rmse,0.1503645084072959,0.2527790024047043,0.5215491227831902,0.37118461437589434,101,0,0.117021,0.018462
E2,1,naive,thap,smape,3.7264129127218353,4.964506288204975,7.703350659389025,3.9769377466671894,101,0,0.117021,0.018462
E2,1,naive,thap,mase,0.8158460810556044,0.9136054039612596,1.0443506401558071,0.22850455910020273,101,0,0.117021,0.018462
E2,1,naive,thap,r2,-0.9053019027079694,-0.5680363155035864,-0.0547445501772438,0.8505573525307256,101,0,0.117021,0.018462
E2,1,naive,vua,mae,0.2302780071566198,0.47969309110927605,0.9838150289017342,0.7535370217451144,100,0,0.5369165,0.0998655
E2,1,naive,vua,rmse,0.6157474018124363,1.4924082986271547,2.7519673598076295,2.136219957995193,100,0,0.5369165,0.0998655
E2,1,naive,vua,smape,8.14352413891039,14.860847029911021,21.36576357453028,13.22223943561989,100,0,0.5369165,0.0998655
E2,1,naive,vua,mase,0.8720449264448654,1.093778444388171,1.7165480577593846,0.8445031313145192,100,0,0.5369165,0.0998655
E2,1,naive,vua,r2,-0.8478762464521633,-0.22377348667039434,0.2663004430067529,1.1141766894589162,100,0,0.5369165,0.0998655
E2,1,naive,cao,mae,0.6477566749243049,1.6671242774566473,3.130571612074502,2.482814937150197,101,0,1.587348,0.574619
E2,1,naive,cao,rmse,2.665121169523622,5.42084332460254,12.002449534456682,9.337328364933061,101,0,1.587348,0.574619
E2,1,naive,cao,smape,10.83309207608633,17.946392863816612,27.372445505994307,16.539353429907976,101,0,1.587348,0.574619
E2,1,naive,cao,mase,0.8839186427266407,1.2330241025814437,2.634062242077684,1.750143599351043,101,0,1.587348,0.574619
E2,1,naive,cao,r2,0.2903041872533626,0.7259196593755026,0.8838219376429167,0.5935177503895541,101,0,1.587348,0.574619
E2,1,ma6,thap,mae,0.0699261400128452,0.1161689145793192,0.2040023961266736,0.1340762561138284,101,0,0.117021,0.018462
E2,1,ma6,thap,rmse,0.1246654876088664,0.2287960696248353,0.4372138848109838,0.31254839720211736,101,0,0.117021,0.018462
E2,1,ma6,thap,smape,3.910027107818796,4.86524857087081,7.152034724282975,3.2420076164641793,101,0,0.117021,0.018462
E2,1,ma6,thap,mase,0.7311841191631556,0.8156906974231536,0.9991888653850068,0.2680047462218512,101,0,0.117021,0.018462
E2,1,ma6,thap,r2,-0.2089191953897322,-0.1195615343327891,0.1723379982259011,0.38125719361563326,101,0,0.117021,0.018462
E2,1,ma6,vua,mae,0.21918065877603443,0.4668673731535003,1.2751098151206532,1.055929156344619,100,0,0.5369165,0.0998655
E2,1,ma6,vua,rmse,0.5650836184015713,1.296941588726322,3.2234615607765607,2.6583779423749894,100,0,0.5369165,0.0998655
E2,1,ma6,vua,smape,9.124366576550647,16.2004454387392,24.559642420119825,15.435275843569178,100,0,0.5369165,0.0998655
E2,1,ma6,vua,mase,0.9419092033962841,1.2567640517656964,2.018018208026924,1.07610900463064,100,0,0.5369165,0.0998655
E2,1,ma6,vua,r2,-0.20579403669411434,-0.1051903828446141,0.09946339990055313,0.3052574365946675,100,0,0.5369165,0.0998655
E2,1,ma6,cao,mae,1.0853186072116707,2.8993697816313424,4.806996628131022,3.721678020919351,101,0,1.587348,0.574619
E2,1,ma6,cao,rmse,2.766420118334486,9.787189390641924,15.279197259160767,12.512777140826282,101,0,1.587348,0.574619
E2,1,ma6,cao,smape,14.82233879893435,29.465547834848348,44.2967306678095,29.47439186887515,101,0,1.587348,0.574619
E2,1,ma6,cao,mase,1.1340186340629703,3.080167924957609,6.207335968382052,5.073317334319082,101,0,1.587348,0.574619
E2,1,ma6,cao,r2,-0.1891668758700482,0.3523646703993431,0.6767158602953398,0.865882736165388,101,0,1.587348,0.574619
E2,1,seasonal,thap,mae,0.1055394990366088,0.1933594825213321,0.4119190459508378,0.306379546914229,101,0,0.117021,0.018462
E2,1,seasonal,thap,rmse,0.183825862314714,0.3116140832938554,0.5807802649201719,0.3969544026054579,101,0,0.117021,0.018462
E2,1,seasonal,thap,smape,5.031270074647167,7.455194717540868,13.957953226186756,8.926683151539589,101,0,0.117021,0.018462
E2,1,seasonal,thap,mase,0.974086030361674,1.1672547383195742,2.007778069183824,1.0336920388221502,101,0,0.117021,0.018462
E2,1,seasonal,thap,r2,-1.4374068184077131,-0.9754318574302172,-0.6540461793232599,0.7833606390844532,101,0,0.117021,0.018462
E2,1,seasonal,vua,mae,0.3421724470134874,0.7410817506193229,1.7409200385356456,1.398747591522158,100,0,0.5369165,0.0998655
E2,1,seasonal,vua,rmse,0.8152586865647675,1.8396645185815188,4.253722613026743,3.438463926461975,100,0,0.5369165,0.0998655
E2,1,seasonal,vua,smape,14.768090175547732,22.902383674052185,34.96882038872644,20.20073021317871,100,0,0.5369165,0.0998655
E2,1,seasonal,vua,mase,1.1938757622794893,2.1401733137279453,3.03835151596179,1.8444757536823009,100,0,0.5369165,0.0998655
E2,1,seasonal,vua,r2,-1.4879924756163243,-0.8522615584989024,-0.1821970574558293,1.305795418160495,100,0,0.5369165,0.0998655
E2,1,seasonal,cao,mae,0.9233966418937516,4.331220754197632,41.59031791907515,40.666921277181395,101,0,1.587348,0.574619
E2,1,seasonal,cao,rmse,3.148962184302941,13.915538931343242,59.82653683671452,56.67757465241158,101,0,1.587348,0.574619
E2,1,seasonal,cao,smape,25.35077595389187,52.19292857034702,111.0989589015756,85.74818294768373,101,0,1.587348,0.574619
E2,1,seasonal,cao,mase,1.0733023902841967,4.635948360108975,20.14391541572737,19.070613025443173,101,0,1.587348,0.574619
E2,1,seasonal,cao,r2,-1.530026515112588,-0.6860466186544911,-0.0735555040563535,1.4564710110562344,101,0,1.587348,0.574619
E2,1,lr,thap,mae,0.1687650139391537,0.2060907293146975,0.3119350874355073,0.1431700734963536,101,0,0.117021,0.018462
E2,1,lr,thap,rmse,0.2101367085225122,0.3126901580276004,0.5559331473232075,0.3457964388006953,101,0,0.117021,0.018462
E2,1,lr,thap,smape,7.667888760585777,10.31178292854887,12.098709858706473,4.4308210981206955,101,0,0.117021,0.018462
E2,1,lr,thap,mase,1.2144231226221958,1.7200024668391007,2.032130311377349,0.817707188755153,101,0,0.117021,0.018462
E2,1,lr,thap,r2,-2.329169655340494,-1.236123980330043,-0.4135756078458723,1.9155940474946218,101,0,0.117021,0.018462
E2,1,lr,vua,mae,0.2946673932890573,0.5589503106026159,1.1768406253788972,0.8821732320898399,100,0,0.5369165,0.0998655
E2,1,lr,vua,rmse,0.6440801654798451,1.5026486764220908,2.708196926975978,2.0641167614961327,100,0,0.5369165,0.0998655
E2,1,lr,vua,smape,11.430146547314681,20.544963278890506,29.41986864442004,17.989722097105357,100,0,0.5369165,0.0998655
E2,1,lr,vua,mase,1.067061464163508,1.3814947713747365,2.0820500249291003,1.0149885607655922,100,0,0.5369165,0.0998655
E2,1,lr,vua,r2,-1.0337562195836187,-0.2588712897187134,0.3683211718081715,1.4020773913917903,100,0,0.5369165,0.0998655
E2,1,lr,cao,mae,0.8403186922522244,2.609018141147751,4.239407597157767,3.3990889049055424,101,0,1.587348,0.574619
E2,1,lr,cao,rmse,2.703297599158132,5.855125277672846,11.396611133346363,8.693313534188231,101,0,1.587348,0.574619
E2,1,lr,cao,smape,24.111336209530982,46.36486927290248,57.00913463541981,32.89779842588883,101,0,1.587348,0.574619
E2,1,lr,cao,mase,1.12201967201268,1.7077335849078477,3.721969851325936,2.599950179313256,101,0,1.587348,0.574619
E2,1,lr,cao,r2,0.2793492667732228,0.7174459524521931,0.88663925712046,0.6072899903472372,101,0,1.587348,0.574619
E2,1,ridge,thap,mae,0.168865907720518,0.2061124736403684,0.312041974756759,0.143176067036241,101,0,0.117021,0.018462
E2,1,ridge,thap,rmse,0.2102306850998725,0.3127346094803727,0.5559623053995801,0.3457316202997076,101,0,0.117021,0.018462
E2,1,ridge,thap,smape,7.668377990583554,10.315831132055903,12.105254910533336,4.436876919949782,101,0,0.117021,0.018462
E2,1,ridge,thap,mase,1.214413248314944,1.720930203828928,2.0333498351177632,0.8189365868028193,101,0,0.117021,0.018462
E2,1,ridge,thap,r2,-2.3306298998494825,-1.2364216061592717,-0.4136556185406523,1.9169742813088302,101,0,0.117021,0.018462
E2,1,ridge,vua,mae,0.29475287220676905,0.5590080747386492,1.1769071806832316,0.8821543084764626,100,0,0.5369165,0.0998655
E2,1,ridge,vua,rmse,0.6440985733231928,1.5026485891908337,2.7084318894220187,2.0643333160988258,100,0,0.5369165,0.0998655
E2,1,ridge,vua,smape,11.436525824881821,20.546847092980602,29.4245915545431,17.98806572966128,100,0,0.5369165,0.0998655
E2,1,ridge,vua,mase,1.067130891500401,1.3816225356955283,2.082011698589455,1.0148808070890538,100,0,0.5369165,0.0998655
E2,1,ridge,vua,r2,-1.0339980148730499,-0.2588526059890645,0.3683435090707312,1.402341523943781,100,0,0.5369165,0.0998655
E2,1,ridge,cao,mae,0.8403178998205308,2.609134625850418,4.239589917085533,3.3992720172650026,101,0,1.587348,0.574619
E2,1,ridge,cao,rmse,2.703375957264901,5.855932968263945,11.396675994143624,8.693300036878723,101,0,1.587348,0.574619
E2,1,ridge,cao,smape,24.11402210884192,46.37641743664055,57.02101003488048,32.90698792603857,101,0,1.587348,0.574619
E2,1,ridge,cao,mase,1.1220601812853694,1.7076827004775372,3.721858707499496,2.5997985262141263,101,0,1.587348,0.574619
E2,1,ridge,cao,r2,0.279333741539728,0.7174582085142647,0.8866353449285986,0.6073016033888706,101,0,1.587348,0.574619
E2,1,rf,thap,mae,0.0779162492614732,0.1220213982707111,0.2182768309864571,0.1403605817249839,101,0,0.117021,0.018462
E2,1,rf,thap,rmse,0.1209559938197426,0.217515248132017,0.431092087524388,0.3101360937046454,101,0,0.117021,0.018462
E2,1,rf,thap,smape,4.153087434470034,5.356112850226114,6.995169517534057,2.8420820830640228,101,0,0.117021,0.018462
E2,1,rf,thap,mase,0.7793405740700156,0.9012701407747016,1.0679598492375943,0.2886192751675788,101,0,0.117021,0.018462
E2,1,rf,thap,r2,-0.1659442513082687,-0.0351159464384889,0.2372563087287199,0.40320056003698856,101,0,0.117021,0.018462
E2,1,rf,vua,mae,0.21708572979309546,0.43360147790420767,0.9679396936337694,0.7508539638406739,100,0,0.5369165,0.0998655
E2,1,rf,vua,rmse,0.575327571588878,1.2684704538140577,2.3928875534394836,1.8175599818506054,100,0,0.5369165,0.0998655
E2,1,rf,vua,smape,8.495925616729489,15.072104362219651,22.625831937577047,14.129906320847558,100,0,0.5369165,0.0998655
E2,1,rf,vua,mase,0.8956442034942003,1.0800491070481109,1.770044578893133,0.8744003753989327,100,0,0.5369165,0.0998655
E2,1,rf,vua,r2,-0.12590635907508824,0.0626114852900444,0.5168317447489994,0.6427381038240876,100,0,0.5369165,0.0998655
E2,1,rf,cao,mae,0.7790205500331397,2.1036534241368465,3.658911743172528,2.8798911931393887,101,0,1.587348,0.574619
E2,1,rf,cao,rmse,2.5631260899581267,5.903111860848377,11.859853267279965,9.296727177321838,101,0,1.587348,0.574619
E2,1,rf,cao,smape,18.55878459913486,40.246653507335004,55.61329882204937,37.05451422291451,101,0,1.587348,0.574619
E2,1,rf,cao,mase,0.9082893877537408,1.2437035908460536,3.270497080021457,2.3622076922677158,101,0,1.587348,0.574619
E2,1,rf,cao,r2,0.3671977726037596,0.8196013253052343,0.8943002884521545,0.5271025158483948,101,0,1.587348,0.574619
E2,1,xgb,thap,mae,0.0839826883903521,0.1201928095321434,0.2240938539909259,0.1401111656005738,101,0,0.117021,0.018462
E2,1,xgb,thap,rmse,0.1261573347605418,0.2218801465971212,0.4440170788634079,0.3178597441028661,101,0,0.117021,0.018462
E2,1,xgb,thap,smape,4.20783220251667,5.673527624406717,6.87387459775984,2.6660423952431698,101,0,0.117021,0.018462
E2,1,xgb,thap,mase,0.8139828027110594,0.959043400554308,1.0979038408787496,0.2839210381676902,101,0,0.117021,0.018462
E2,1,xgb,thap,r2,-0.2608955045450947,-0.0293582243662062,0.1860534755387416,0.4469489800838363,101,0,0.117021,0.018462
E2,1,xgb,vua,mae,0.21490341088281592,0.4453254791369885,0.9793113324765559,0.7644079215937399,100,0,0.5369165,0.0998655
E2,1,xgb,vua,rmse,0.5773608270211733,1.2904303872680352,2.499072663027683,1.9217118360065095,100,0,0.5369165,0.0998655
E2,1,xgb,vua,smape,8.86255083008538,14.923296656126201,23.15396333784708,14.2914125077617,100,0,0.5369165,0.0998655
E2,1,xgb,vua,mase,0.8997037719058067,1.0938285907194392,1.767701273509708,0.8679975016039012,100,0,0.5369165,0.0998655
E2,1,xgb,vua,r2,-0.1873224394436301,0.055107562295820145,0.5033060507580658,0.6906284902016959,100,0,0.5369165,0.0998655
E2,1,xgb,cao,mae,0.7350191047786846,2.097618626160232,3.8488158850440746,3.11379678026539,101,0,1.587348,0.574619
E2,1,xgb,cao,rmse,2.4437712308361066,5.610847677033777,11.382781616029725,8.939010385193619,101,0,1.587348,0.574619
E2,1,xgb,cao,smape,19.10185221801209,39.97640782592098,53.65912014948672,34.55726793147463,101,0,1.587348,0.574619
E2,1,xgb,cao,mase,0.8906571417120009,1.3244893408551406,3.7958042123499096,2.905147070637909,101,0,1.587348,0.574619
E2,1,xgb,cao,r2,0.2573452454644669,0.8276385992577673,0.9012205240971464,0.6438752786326795,101,0,1.587348,0.574619
E2,1,svr,thap,mae,0.0698490824957932,0.1029282504705182,0.1952589828829661,0.12540990038717287,101,0,0.117021,0.018462
E2,1,svr,thap,rmse,0.1193125783361093,0.21967568031345,0.4377670828250145,0.31845450448890517,101,0,0.117021,0.018462
E2,1,svr,thap,smape,3.980812425329471,4.755138377824256,6.454206781390607,2.4733943560611364,101,0,0.117021,0.018462
E2,1,svr,thap,mase,0.7492885886153323,0.8370181942215077,1.0345729143299045,0.2852843257145722,101,0,0.117021,0.018462
E2,1,svr,thap,r2,-0.1144945848220937,-0.0129504798476913,0.2780514740203456,0.39254605884243926,101,0,0.117021,0.018462
E2,1,svr,vua,mae,0.18218527102532356,0.4054610968946788,0.9231785196257142,0.7409932486003906,100,0,0.5369165,0.0998655
E2,1,svr,vua,rmse,0.5158244301822184,1.2538333810804658,2.5948018585242982,2.07897742834208,100,0,0.5369165,0.0998655
E2,1,svr,vua,smape,7.929410533787562,13.403656880870802,18.889755482709475,10.960344948921913,100,0,0.5369165,0.0998655
E2,1,svr,vua,mase,0.818280225358301,0.9991163781454041,1.5661354944225656,0.7478552690642646,100,0,0.5369165,0.0998655
E2,1,svr,vua,r2,-0.09275066774424533,0.0867714416070775,0.3872659274663779,0.48001659521062323,100,0,0.5369165,0.0998655
E2,1,svr,cao,mae,0.666287869137021,2.253140145908907,3.9485654946375854,3.2822776255005643,101,0,1.587348,0.574619
E2,1,svr,cao,rmse,2.652314592548735,6.006517465910532,11.463279621025135,8.8109650284764,101,0,1.587348,0.574619
E2,1,svr,cao,smape,16.815831686669107,32.04566594821788,44.64301485279378,27.827183166124676,101,0,1.587348,0.574619
E2,1,svr,cao,mase,0.8530898772965165,1.6915364315939476,4.175143455829397,3.32205357853288,101,0,1.587348,0.574619
E2,1,svr,cao,r2,0.3307103168533903,0.7451166910489744,0.8775320186882429,0.5468217018348527,101,0,1.587348,0.574619
E2,6,naive,thap,mae,0.0837732160312805,0.1309139784946236,0.237871805613741,0.15409858958246048,101,0,0.117021,0.018462
E2,6,naive,thap,rmse,0.1632394447568837,0.2939288329452474,0.5053969243707152,0.34215747961383147,101,0,0.117021,0.018462
E2,6,naive,thap,smape,4.289338134469225,5.380231713277333,7.578920679031956,3.289582544562731,101,0,0.117021,0.018462
E2,6,naive,thap,mase,0.858910219653937,0.9939321161384774,1.1889974171094146,0.33008719745547765,101,0,0.117021,0.018462
E2,6,naive,thap,r2,-1.0468723231227657,-0.8055971871794847,-0.2212929395826248,0.8255793835401408,101,0,0.117021,0.018462
E2,6,naive,vua,mae,0.24588046362239907,0.5675708699902249,1.6932272029046223,1.4473467392822232,100,0,0.5369165,0.0998655
E2,6,naive,vua,rmse,0.6867471091196433,1.7723461731217611,4.132488698042215,3.445741588922571,100,0,0.5369165,0.0998655
E2,6,naive,vua,smape,9.535022001056843,16.715423166037084,24.243897114118806,14.708875113061962,100,0,0.5369165,0.0998655
E2,6,naive,vua,mase,1.1002223623164635,1.5000932539035443,2.3716526140581737,1.2714302517417102,100,0,0.5369165,0.0998655
E2,6,naive,vua,r2,-1.0359336862629613,-0.9158753773135575,-0.5024774106066237,0.5334562756563377,100,0,0.5369165,0.0998655
E2,6,naive,cao,mae,1.3063049853372433,3.738074291300098,6.107697947214076,4.801392961876832,101,0,1.587348,0.574619
E2,6,naive,cao,rmse,3.5817124061982493,12.33419279190807,19.60362304508969,16.02191063889144,101,0,1.587348,0.574619
E2,6,naive,cao,smape,16.034685600595093,28.9769219275336,46.70531981257817,30.670634211983074,101,0,1.587348,0.574619
E2,6,naive,cao,mase,1.4080981258556713,4.070971368567703,6.838825834149279,5.430727708293608,101,0,1.587348,0.574619
E2,6,naive,cao,r2,-0.9862603714655664,-0.0980954527054216,0.4559179537478091,1.4421783252133755,101,0,1.587348,0.574619
E2,6,ma6,thap,mae,0.0691348973607038,0.1192426748878361,0.212907880649816,0.1437729832891122,101,0,0.117021,0.018462
E2,6,ma6,thap,rmse,0.124536143190937,0.217781290256256,0.438393861102359,0.31385771791142203,101,0,0.117021,0.018462
E2,6,ma6,thap,smape,3.702060309435757,5.103451473929683,7.205528132033957,3.5034678225982003,101,0,0.117021,0.018462
E2,6,ma6,thap,mase,0.715505627421645,0.815219954354523,1.0761103453007306,0.36060471787908555,101,0,0.117021,0.018462
E2,6,ma6,thap,r2,-0.1721285776368111,-0.0680987975783216,0.0853412070611794,0.25746978469799053,101,0,0.117021,0.018462
E2,6,ma6,vua,mae,0.2235418703160638,0.4910301168365685,1.6350949006190938,1.41155303030303,100,0,0.5369165,0.0998655
E2,6,ma6,vua,rmse,0.5767828958198415,1.2706964727525656,3.378098093556332,2.8013151977364905,100,0,0.5369165,0.0998655
E2,6,ma6,vua,smape,9.804978175749238,16.99419612510205,24.96559460306347,15.160616427314231,100,0,0.5369165,0.0998655
E2,6,ma6,vua,mase,0.9561477286273966,1.4045220473923297,2.024143914893984,1.0679961862665874,100,0,0.5369165,0.0998655
E2,6,ma6,vua,r2,-0.21604953622325546,-0.1220699959603285,0.015160200265199701,0.23120973648845516,100,0,0.5369165,0.0998655
E2,6,ma6,cao,mae,1.2039193781129265,4.436713913326817,8.134469696969697,6.9305503188567705,101,0,1.587348,0.574619
E2,6,ma6,cao,rmse,3.4525693228674994,12.644880276490191,20.72415247037757,17.27158314751007,101,0,1.587348,0.574619
E2,6,ma6,cao,smape,17.69066982781696,38.29641709591176,58.17097129288549,40.48030146506853,101,0,1.587348,0.574619
E2,6,ma6,cao,mase,1.3743969678482442,4.145693774114264,9.75779933367098,8.383402365822736,101,0,1.587348,0.574619
E2,6,ma6,cao,r2,-0.2865028164500831,-0.0580182292777045,0.3810460386310687,0.6675488550811517,101,0,1.587348,0.574619
E2,6,seasonal,thap,mae,0.1037285295349811,0.1921728808825583,0.4077293674067866,0.30400083787180554,101,0,0.117021,0.018462
E2,6,seasonal,thap,rmse,0.1991351658340378,0.3168903613772228,0.5918943086370548,0.39275914280301705,101,0,0.117021,0.018462
E2,6,seasonal,thap,smape,4.739994791269483,7.133991061101691,12.925709168247648,8.185714376978165,101,0,0.117021,0.018462
E2,6,seasonal,thap,mase,0.9627736829108016,1.1698671186683505,2.0398581078965146,1.077084424985713,101,0,0.117021,0.018462
E2,6,seasonal,thap,r2,-1.5102204218410509,-0.9928335835426816,-0.635033305328041,0.8751871165130098,101,0,0.117021,0.018462
E2,6,seasonal,vua,mae,0.3635106828655215,0.7979384862449379,2.10738287250384,1.7438721896383187,100,0,0.5369165,0.0998655
E2,6,seasonal,vua,rmse,0.8802084992757847,1.8745960275946216,4.770867756170027,3.890659256894242,100,0,0.5369165,0.0998655
E2,6,seasonal,vua,smape,15.046509511858542,23.530532450212345,38.14427457885023,23.097765066991688,100,0,0.5369165,0.0998655
E2,6,seasonal,vua,mase,1.2932209295347161,2.2042929476418056,3.2476576693901906,1.9544367398554745,100,0,0.5369165,0.0998655
E2,6,seasonal,vua,r2,-1.6791091354168313,-1.0838169362819692,-0.3251479254328075,1.3539612099840237,100,0,0.5369165,0.0998655
E2,6,seasonal,cao,mae,1.4487082809663456,4.748456919424661,44.77384443513476,43.32513615416842,101,0,1.587348,0.574619
E2,6,seasonal,cao,rmse,4.308006377505936,15.95303556186072,61.26568019585512,56.957673818349186,101,0,1.587348,0.574619
E2,6,seasonal,cao,smape,27.33561560240439,51.49671512510754,111.75167535416432,84.41605975175993,101,0,1.587348,0.574619
E2,6,seasonal,cao,mase,1.7635928566884218,4.922876221530107,20.2631170575092,18.499524200820776,101,0,1.587348,0.574619
E2,6,seasonal,cao,r2,-1.747744264911367,-1.016169531872916,-0.3526615569988625,1.3950827079125045,101,0,1.587348,0.574619
E2,6,lr,thap,mae,0.6196027446235963,0.639707472340988,0.6862926677990985,0.06668992317550215,101,0,0.117021,0.018462
E2,6,lr,thap,rmse,0.6593365988568616,0.6760661623849712,0.7928793945120073,0.1335427956551457,101,0,0.117021,0.018462
E2,6,lr,thap,smape,12.20094093764316,30.12231448765269,34.779886058268005,22.578945120624844,101,0,0.117021,0.018462
E2,6,lr,thap,mase,2.7159591617694665,5.822961750305677,7.415876135462927,4.69991697369346,101,0,0.117021,0.018462
E2,6,lr,thap,r2,-29.12360908368442,-10.118413986166903,-2.320018810980844,26.803590272703577,101,0,0.117021,0.018462
E2,6,lr,vua,mae,0.7488985706679004,1.0329524738488867,1.862236959307308,1.1133383886394075,100,0,0.5369165,0.0998655
E2,6,lr,vua,rmse,0.9357820598684627,1.6124891335450837,3.467323521698923,2.5315414618304604,100,0,0.5369165,0.0998655
E2,6,lr,vua,smape,27.036746562861786,37.16163520890744,49.341943785684634,22.305197222822848,100,0,0.5369165,0.0998655
E2,6,lr,vua,mase,2.0396208656491206,3.2811919406139225,4.389310840572086,2.349689974922965,100,0,0.5369165,0.0998655
E2,6,lr,vua,r2,-2.0014301229547184,-0.67519725791872,-0.3425115970157195,1.658918525938999,100,0,0.5369165,0.0998655
E2,6,lr,cao,mae,1.8565483084871623,5.121542436519559,10.11183013356676,8.255281825079598,101,0,1.587348,0.574619
E2,6,lr,cao,rmse,3.442377548085118,12.819113157637934,20.1730494086131,16.73067186052798,101,0,1.587348,0.574619
E2,6,lr,cao,smape,51.82035827566784,80.7960776428467,103.26013474814236,51.43977647247452,101,0,1.587348,0.574619
E2,6,lr,cao,mase,2.438482566659566,4.479348812420875,13.927346274769784,11.488863708110218,101,0,1.587348,0.574619
E2,6,lr,cao,r2,-0.6229952531365333,0.0611592161748515,0.4724339016075081,1.0954291547440413,101,0,1.587348,0.574619
E2,6,ridge,thap,mae,0.6196525272619224,0.6397594545829793,0.6863377687635076,0.06668524150158517,101,0,0.117021,0.018462
E2,6,ridge,thap,rmse,0.6593887718624444,0.6761022534385538,0.7929245330758758,0.13353576121343147,101,0,0.117021,0.018462
E2,6,ridge,thap,smape,12.20140283439259,30.124145143881293,34.78189140851637,22.580488574123784,101,0,0.117021,0.018462
E2,6,ridge,thap,mase,2.71570374547433,5.823546640765044,7.416466802763857,4.700763057289527,101,0,0.117021,0.018462
E2,6,ridge,thap,r2,-29.12833237387497,-10.120141730933652,-2.320173842359266,26.8081585315157,101,0,0.117021,0.018462
E2,6,ridge,vua,mae,0.7489360876841351,1.0329463819395621,1.8621614421451083,1.1132253544609731,100,0,0.5369165,0.0998655
E2,6,ridge,vua,rmse,0.9357927324087906,1.6124647690477225,3.4673264446579926,2.531533712249202,100,0,0.5369165,0.0998655
E2,6,ridge,vua,smape,27.037704911435732,37.16254885330048,49.34328260596966,22.30557769453393,100,0,0.5369165,0.0998655
E2,6,ridge,vua,mase,2.0396388999748987,3.2812821988638765,4.389244025436727,2.3496051254618284,100,0,0.5369165,0.0998655
E2,6,ridge,vua,r2,-2.001615592964802,-0.6751075574623332,-0.3424836121583879,1.659131980806414,100,0,0.5369165,0.0998655
E2,6,ridge,cao,mae,1.8565414411930743,5.121338217372652,10.111899876244957,8.255358435051882,101,0,1.587348,0.574619
E2,6,ridge,cao,rmse,3.4423120137673204,12.818944674892824,20.17283206189498,16.73052004812766,101,0,1.587348,0.574619
E2,6,ridge,cao,smape,51.82118502739779,80.79756584231822,103.26352619798833,51.44234117059054,101,0,1.587348,0.574619
E2,6,ridge,cao,mase,2.4383890442432627,4.479332243498066,13.926998779308857,11.488609735065594,101,0,1.587348,0.574619
E2,6,ridge,cao,r2,-0.6228036405238793,0.0611620756773675,0.4724273891503674,1.0952310296742467,101,0,1.587348,0.574619
E2,6,rf,thap,mae,0.0986574688914671,0.1635805454786618,0.2546083424680633,0.1559508735765962,101,0,0.117021,0.018462
E2,6,rf,thap,rmse,0.1346198970048791,0.2386032308249147,0.4723617131439403,0.3377418161390612,101,0,0.117021,0.018462
E2,6,rf,thap,smape,4.668015815973557,6.449715490212232,8.892336004694391,4.224320188720834,101,0,0.117021,0.018462
E2,6,rf,thap,mase,0.8321177810244268,1.0813837574223817,1.445488701644678,0.6133709206202512,101,0,0.117021,0.018462
E2,6,rf,thap,r2,-0.4367311612202031,-0.121375520609007,0.1243267600070042,0.5610579212272073,101,0,0.117021,0.018462
E2,6,rf,vua,mae,0.2926009094906198,0.5829133330741849,1.4805328941763483,1.1879319846857284,100,0,0.5369165,0.0998655
E2,6,rf,vua,rmse,0.6579076529223945,1.3572310287996334,3.176718726312657,2.5188110733902622,100,0,0.5369165,0.0998655
E2,6,rf,vua,smape,12.382641839671837,19.061752364088278,26.504743733486094,14.122101893814257,100,0,0.5369165,0.0998655
E2,6,rf,vua,mase,1.1212488236296456,1.6883501933489362,2.312066686317706,1.1908178626880603,100,0,0.5369165,0.0998655
E2,6,rf,vua,r2,-0.2599417893310722,-0.0870897211055322,0.06228910531013618,0.32223089464120835,100,0,0.5369165,0.0998655
E2,6,rf,cao,mae,1.1896476265676408,4.457945426092058,8.992767145025049,7.803119518457407,101,0,1.587348,0.574619
E2,6,rf,cao,rmse,3.104940326270891,11.4056045679184,19.09344815793681,15.988507831665919,101,0,1.587348,0.574619
E2,6,rf,cao,smape,30.632219643389963,81.0131472574311,109.05242326145483,78.42020361806487,101,0,1.587348,0.574619
E2,6,rf,cao,mase,1.4884183346823918,4.029993990452303,13.501058903192735,12.012640568510344,101,0,1.587348,0.574619
E2,6,rf,cao,r2,-0.0866536817822998,0.1620289327693107,0.5090413643387057,0.5956950461210055,101,0,1.587348,0.574619
E2,6,xgb,thap,mae,0.1130535588353027,0.1642123589883918,0.283466844755213,0.17041328591991028,101,0,0.117021,0.018462
E2,6,xgb,thap,rmse,0.1508694383583442,0.2567578081351621,0.4981054782280783,0.3472360398697341,101,0,0.117021,0.018462
E2,6,xgb,thap,smape,5.209151689529135,7.015428252332702,9.425844510202094,4.216692820672958,101,0,0.117021,0.018462
E2,6,xgb,thap,mase,0.994930943307629,1.2269111836528703,1.619259762819016,0.624328819511387,101,0,0.117021,0.018462
E2,6,xgb,thap,r2,-0.6027746336362823,-0.2244670962163242,-0.0137259296433205,0.5890487039929617,101,0,0.117021,0.018462
E2,6,xgb,vua,mae,0.2887097955031059,0.6514752611639507,1.6239047995657945,1.3351950040626885,100,0,0.5369165,0.0998655
E2,6,xgb,vua,rmse,0.6430262698030984,1.5180443404499497,3.5088699010185165,2.865843631215418,100,0,0.5369165,0.0998655
E2,6,xgb,vua,smape,13.539146301433979,18.386498773691105,28.141008560222076,14.601862258788097,100,0,0.5369165,0.0998655
E2,6,xgb,vua,mase,1.1210490966893443,1.7336449667656928,2.3063334104129325,1.1852843137235882,100,0,0.5369165,0.0998655
E2,6,xgb,vua,r2,-0.3068246585544687,-0.14412618911892766,-0.01650239696869825,0.29032226158577046,100,0,0.5369165,0.0998655
E2,6,xgb,cao,mae,1.1814839964750428,4.995253675727434,10.149145094460406,8.967661097985363,101,0,1.587348,0.574619
E2,6,xgb,cao,rmse,3.1308573019698547,11.120568531684691,19.41155265390577,16.280695351935915,101,0,1.587348,0.574619
E2,6,xgb,cao,smape,30.978076457804484,89.50563447681209,126.4091354972231,95.43105903941861,101,0,1.587348,0.574619
E2,6,xgb,cao,mase,1.602971636797392,4.074503046693333,13.3485741174835,11.745602480686108,101,0,1.587348,0.574619
E2,6,xgb,cao,r2,-0.1339606088357263,0.1188437115839546,0.4767341923700453,0.6106948012057716,101,0,1.587348,0.574619
E2,6,svr,thap,mae,0.0793975402768477,0.1141384255966913,0.2068266865461072,0.1274291462692595,101,0,0.117021,0.018462
E2,6,svr,thap,rmse,0.1216399870770637,0.2173411169435178,0.4444326520920604,0.3227926650149967,101,0,0.117021,0.018462
E2,6,svr,thap,smape,4.372170721042698,5.242765060415209,7.331645138890417,2.9594744178477193,101,0,0.117021,0.018462
E2,6,svr,thap,mase,0.7772620196040648,0.916785430992998,1.2130638768133402,0.43580185720927533,101,0,0.117021,0.018462
E2,6,svr,thap,r2,-0.1201253856480704,-0.028347044499178,0.1419717614532645,0.2620971471013349,101,0,0.117021,0.018462
E2,6,svr,vua,mae,0.19547895392946762,0.38393414005453474,1.3784555872958841,1.1829766333664165,100,0,0.5369165,0.0998655
E2,6,svr,vua,rmse,0.5454148317166343,1.2342945545285628,3.358670451514613,2.8132556197979786,100,0,0.5369165,0.0998655
E2,6,svr,vua,smape,9.801903091077811,14.2467015617573,21.436449697913098,11.634546606835286,100,0,0.5369165,0.0998655
E2,6,svr,vua,mase,0.8396010906414062,1.2482939445839483,1.6480902491420952,0.808489158500689,100,0,0.5369165,0.0998655
E2,6,svr,vua,r2,-0.09733957850368295,-0.0252867301929117,0.04676149400547577,0.1441010725091587,100,0,0.5369165,0.0998655
E2,6,svr,cao,mae,1.0147651732829115,4.293022148321646,7.788177098875775,6.773411925592864,101,0,1.587348,0.574619
E2,6,svr,cao,rmse,3.2834672814859927,12.424897408635871,19.48571182595147,16.202244544465476,101,0,1.587348,0.574619
E2,6,svr,cao,smape,21.58298595098254,44.53184552034672,58.0834156811944,36.50042973021186,101,0,1.587348,0.574619
E2,6,svr,cao,mase,1.169204552600002,3.919048651675298,10.505949984827389,9.336745432227387,101,0,1.587348,0.574619
E2,6,svr,cao,r2,-0.0838514394009795,0.0457364490540374,0.5154200784561358,0.5992715178571153,101,0,1.587348,0.574619
E2,12,naive,thap,mae,0.0566098081023454,0.1145984363894812,0.2333333333333333,0.17672352523098792,101,0,0.117021,0.018462
E2,12,naive,thap,rmse,0.1334918212288367,0.2542638057583887,0.5522621064219382,0.41877028519310144,101,0,0.117021,0.018462
E2,12,naive,thap,smape,3.008110316026277,4.547930944752814,7.028318515383601,4.020208199357324,101,0,0.117021,0.018462
E2,12,naive,thap,mase,0.5938036484292633,0.8506879174896166,1.181088512482948,0.5872848640536847,101,0,0.117021,0.018462
E2,12,naive,thap,r2,-0.9276051794469916,-0.4200546529278284,-0.0159912410826377,0.9116139383643539,101,0,0.117021,0.018462
E2,12,naive,vua,mae,0.24599502487562186,0.4990476190476191,1.725087064676617,1.479092039800995,100,0,0.5369165,0.0998655
E2,12,naive,vua,rmse,0.6870923049491279,1.5859115604983365,3.9089310387578955,3.2218387338087675,100,0,0.5369165,0.0998655
E2,12,naive,vua,smape,9.50688921786416,15.066467342916148,22.847941861699116,13.341052643834956,100,0,0.5369165,0.0998655
E2,12,naive,vua,mase,0.9479866788020621,1.5047376687990797,1.9296099254003953,0.9816232465983332,100,0,0.5369165,0.0998655
E2,12,naive,vua,r2,-0.9579821853111079,-0.7739295679959999,-0.5106620371268458,0.44732014818426213,100,0,0.5369165,0.0998655
E2,12,naive,cao,mae,1.228457711442786,4.657412935323383,9.056169154228856,7.82771144278607,101,0,1.587348,0.574619
E2,12,naive,cao,rmse,3.973850010631457,14.589199770855632,24.435306600169326,20.461456589537868,101,0,1.587348,0.574619
E2,12,naive,cao,smape,17.95375125478173,35.831226034109335,56.63415640353191,38.68040514875018,101,0,1.587348,0.574619
E2,12,naive,cao,mase,1.531121793435226,5.100345389793539,11.524833920465994,9.993712127030768,101,0,1.587348,0.574619
E2,12,naive,cao,r2,-0.9593450669491186,-0.5291064412844546,0.1332632687069295,1.092608335656048,101,0,1.587348,0.574619
E2,12,ma6,thap,mae,0.0780928689883913,0.1320066334991708,0.2196351575456053,0.141542288557214,101,0,0.117021,0.018462
E2,12,ma6,thap,rmse,0.1341606021310991,0.2333425366081501,0.440516431439463,0.3063558293083639,101,0,0.117021,0.018462
E2,12,ma6,thap,smape,4.154035544026796,5.555861040586479,7.816328802788032,3.6622932587612356,101,0,0.117021,0.018462
E2,12,ma6,thap,mase,0.7635650321042953,0.8752862602873479,1.1561006920887515,0.3925356599844563,101,0,0.117021,0.018462
E2,12,ma6,thap,r2,-0.2365201979544766,-0.1626245361275662,-0.0482426453599482,0.18827755259452839,101,0,0.117021,0.018462
E2,12,ma6,vua,mae,0.22580993840322203,0.5111324330727316,1.8719500710732053,1.6461401326699834,100,0,0.5369165,0.0998655
E2,12,ma6,vua,rmse,0.5936864759501557,1.3841259452416366,3.920740075204958,3.3270535992548025,100,0,0.5369165,0.0998655
E2,12,ma6,vua,smape,11.568035787259076,17.750417399939632,27.16221829901506,15.594182511755983,100,0,0.5369165,0.0998655
E2,12,ma6,vua,mase,1.004737560518406,1.4775337085304956,2.2450325863500473,1.2402950258316414,100,0,0.5369165,0.0998655
E2,12,ma6,vua,r2,-0.37934664980198374,-0.2076541668795637,-0.12292380711933645,0.25642284268264726,100,0,0.5369165,0.0998655
E2,12,ma6,cao,mae,1.3339386401326698,5.3553701729448,9.86023217247098,8.52629353233831,101,0,1.587348,0.574619
E2,12,ma6,cao,rmse,3.966178013258055,13.34642846083785,26.010055830583045,22.04387781732499,101,0,1.587348,0.574619
E2,12,ma6,cao,smape,24.19801007060321,44.62359811904078,65.34945096095129,41.15144089034808,101,0,1.587348,0.574619
E2,12,ma6,cao,mase,1.4738190135565248,5.174203677655252,11.973755390885971,10.499936377329446,101,0,1.587348,0.574619
E2,12,ma6,cao,r2,-0.6057708449626187,-0.2319582892106693,0.0419846194237903,0.647755464386409,101,0,1.587348,0.574619
E2,12,seasonal,thap,mae,0.0887420042643923,0.1752238805970149,0.3786353944562899,0.28989339019189764,101,0,0.117021,0.018462
E2,12,seasonal,thap,rmse,0.1854195290292238,0.2947767380914814,0.6059753955272702,0.42055586649804644,101,0,0.117021,0.018462
E2,12,seasonal,thap,smape,3.887917634635581,6.4498123514868375,12.16764124019151,8.27972360555593,101,0,0.117021,0.018462
E2,12,seasonal,thap,mase,0.7586760742443118,1.170961231471377,1.8546909273948424,1.0960148531505305,101,0,0.117021,0.018462
E2,12,seasonal,thap,r2,-1.1825050300918485,-0.7149150643168982,-0.2461490721294483,0.9363559579624001,101,0,0.117021,0.018462
E2,12,seasonal,vua,mae,0.34955223880597014,0.720950604122246,2.1235110163468374,1.7739587775408672,100,0,0.5369165,0.0998655
E2,12,seasonal,vua,rmse,0.8275915392304221,1.889595915583501,4.760382494753886,3.9327909555234637,100,0,0.5369165,0.0998655
E2,12,seasonal,vua,smape,13.640127438935501,21.103443246778355,36.79837886520608,23.15825142627058,100,0,0.5369165,0.0998655
E2,12,seasonal,vua,mase,1.1840291416382995,2.169572604229042,3.1204426358163095,1.93641349417801,100,0,0.5369165,0.0998655
E2,12,seasonal,vua,r2,-1.5154889876264899,-1.03783293093654,-0.28570469387842135,1.2297842937480685,100,0,0.5369165,0.0998655
E2,12,seasonal,cao,mae,1.5360056858564322,4.707512437810945,46.92228855721393,45.3862828713575,101,0,1.587348,0.574619
E2,12,seasonal,cao,rmse,3.950617768060414,16.09752335250914,62.79204498791636,58.84142721985595,101,0,1.587348,0.574619
E2,12,seasonal,cao,smape,26.948314663212653,51.41017345674018,115.85790741200984,88.90959274879718,101,0,1.587348,0.574619
E2,12,seasonal,cao,mase,1.8407129153047288,5.482831885778336,20.042122109610943,18.201409194306216,101,0,1.587348,0.574619
E2,12,seasonal,cao,r2,-1.6845839107014746,-1.034285642702344,-0.3523508263885706,1.332233084312904,101,0,1.587348,0.574619
E2,12,lr,thap,mae,0.9076273944315204,0.9423658461662244,0.9835451689762854,0.075917774544765,101,0,0.117021,0.018462
E2,12,lr,thap,rmse,0.9755774176584028,0.9928274561058834,1.0492963786212943,0.07371896096289154,101,0,0.117021,0.018462
E2,12,lr,thap,smape,15.251281160653996,41.27318320688229,47.203595325034094,31.9523141643801,101,0,0.117021,0.018462
E2,12,lr,thap,mase,3.737535484215886,8.137523908582185,10.99411822987008,7.256582745654194,101,0,0.117021,0.018462
E2,12,lr,thap,r2,-65.8301856246708,-22.42722485671094,-4.765053187990993,61.06513243667981,101,0,0.117021,0.018462
E2,12,lr,vua,mae,1.0473514574101062,1.2897144677949104,2.20164940340602,1.1542979459959137,100,0,0.5369165,0.0998655
E2,12,lr,vua,rmse,1.1898115588028015,1.7223417304776867,3.827046494051608,2.6372349352488063,100,0,0.5369165,0.0998655
E2,12,lr,vua,smape,31.804915459092456,46.69107673167336,59.34272896323816,27.537813504145703,100,0,0.5369165,0.0998655
E2,12,lr,vua,mase,2.7004990862727976,4.061392622972111,5.208285913040738,2.5077868267679406,100,0,0.5369165,0.0998655
E2,12,lr,vua,r2,-4.399246166074002,-0.918978813279144,-0.3422930035176889,4.056953162556313,100,0,0.5369165,0.0998655
E2,12,lr,cao,mae,2.1411083899920262,6.31031000355583,13.81002565089743,11.668917260905403,101,0,1.587348,0.574619
E2,12,lr,cao,rmse,3.915281010165908,13.529213149482825,26.191860729094444,22.276579718928534,101,0,1.587348,0.574619
E2,12,lr,cao,smape,64.60782796075029,95.62292647261091,122.36501466847449,57.7571867077242,101,0,1.587348,0.574619
E2,12,lr,cao,mase,2.91279455321376,5.215277679566242,18.63543083549345,15.72263628227969,101,0,1.587348,0.574619
E2,12,lr,cao,r2,-0.433008307034473,-0.2473668144567347,0.0773954409109651,0.5104037479454381,101,0,1.587348,0.574619
E2,12,ridge,thap,mae,0.9075297808833552,0.9423283098298096,0.9834696280066644,0.07593984712330915,101,0,0.117021,0.018462
E2,12,ridge,thap,rmse,0.9754806376316256,0.9927581692545032,1.0492195722732072,0.07373893464158154,101,0,0.117021,0.018462
E2,12,ridge,thap,smape,15.24868229806838,41.27022806892207,47.20043828484046,31.951755986772078,101,0,0.117021,0.018462
E2,12,ridge,thap,mase,3.737369500371635,8.136948685825045,10.993090718421865,7.25572121805023,101,0,0.117021,0.018462
E2,12,ridge,thap,r2,-65.81752608787738,-22.423922396716566,-4.76439802549652,61.053128062380864,101,0,0.117021,0.018462
E2,12,ridge,vua,mae,1.0473408826565014,1.289681941807143,2.2017874730285723,1.1544465903720709,100,0,0.5369165,0.0998655
E2,12,ridge,vua,rmse,1.189801800780724,1.7223315062313274,3.8270989479235036,2.6372971471427795,100,0,0.5369165,0.0998655
E2,12,ridge,vua,smape,31.80510377679401,46.69008000721624,59.34257323914092,27.53746946234691,100,0,0.5369165,0.0998655
E2,12,ridge,vua,mase,2.7003594392885644,4.061450821853727,5.208132092949128,2.507772653660564,100,0,0.5369165,0.0998655
E2,12,ridge,vua,r2,-4.3989076642273055,-0.9189401401464932,-0.3423439151871024,4.056563749040203,100,0,0.5369165,0.0998655
E2,12,ridge,cao,mae,2.141075315997375,6.310541762072056,13.810153347888397,11.669078031891022,101,0,1.587348,0.574619
E2,12,ridge,cao,rmse,3.915359915320833,13.52967444897138,26.19203794152315,22.27667802620232,101,0,1.587348,0.574619
E2,12,ridge,cao,smape,64.60627762890819,95.62823777903338,122.361596137207,57.755318508298814,101,0,1.587348,0.574619
E2,12,ridge,cao,mase,2.9128539730999274,5.215345751516773,18.63556969785234,15.722715724752412,101,0,1.587348,0.574619
E2,12,ridge,cao,r2,-0.4330273048273254,-0.2473013185243289,0.0773973701232635,0.5104246749505889,101,0,1.587348,0.574619
E2,12,rf,thap,mae,0.1143440861126878,0.1853084582333915,0.2745792461137503,0.16023516000106247,101,0,0.117021,0.018462
E2,12,rf,thap,rmse,0.1584687492202135,0.2619214845554971,0.481847271974572,0.3233785227543585,101,0,0.117021,0.018462
E2,12,rf,thap,smape,4.929090082376006,7.322262786444813,10.321229264757612,5.392139182381606,101,0,0.117021,0.018462
E2,12,rf,thap,mase,0.8973945612180104,1.2207311815563482,1.763217321621322,0.8658227604033116,101,0,0.117021,0.018462
E2,12,rf,thap,r2,-0.7251161902624195,-0.1844085002281867,0.0105575048871084,0.7356736951495279,101,0,0.117021,0.018462
E2,12,rf,vua,mae,0.30009940280109154,0.7278274804502678,2.00551010784915,1.7054107050480587,100,0,0.5369165,0.0998655
E2,12,rf,vua,rmse,0.694798969388068,1.5879748882246076,4.042995523675516,3.3481965542874477,100,0,0.5369165,0.0998655
E2,12,rf,vua,smape,13.816105259426722,21.304650378938277,30.293357235623816,16.477251976197095,100,0,0.5369165,0.0998655
E2,12,rf,vua,mase,1.2110127516885578,1.808044324231094,2.8626476193098607,1.6516348676213028,100,0,0.5369165,0.0998655
E2,12,rf,vua,r2,-0.34080392065245657,-0.21537618627206284,-0.0426057407336885,0.29819817991876807,100,0,0.5369165,0.0998655
E2,12,rf,cao,mae,1.5007426414931142,6.605386400981255,15.22533449007733,13.724591848584216,101,0,1.587348,0.574619
E2,12,rf,cao,rmse,3.805650284314324,12.855757822744444,27.77418424792888,23.968533963614554,101,0,1.587348,0.574619
E2,12,rf,cao,smape,34.152463279427145,90.2609241936229,117.64784237055557,83.49537909112843,101,0,1.587348,0.574619
E2,12,rf,cao,mase,1.7548732302633714,5.061629032422833,20.553922225225435,18.799048994962064,101,0,1.587348,0.574619
E2,12,rf,cao,r2,-0.323150467276593,-0.15690981681114,0.2862825884866927,0.6094330557632857,101,0,1.587348,0.574619
E2,12,xgb,thap,mae,0.1247975409581632,0.1928016026814779,0.3247324526759014,0.1999349117177382,101,0,0.117021,0.018462
E2,12,xgb,thap,rmse,0.168404621903152,0.269196239627554,0.5251978815168215,0.3567932596136695,101,0,0.117021,0.018462
E2,12,xgb,thap,smape,5.673576111042093,8.239300479823598,10.378411662054807,4.704835551012715,101,0,0.117021,0.018462
E2,12,xgb,thap,mase,1.093807820742914,1.3352357078960602,1.902514294170078,0.8087064734271638,101,0,0.117021,0.018462
E2,12,xgb,thap,r2,-1.2165556343220092,-0.4512946479184756,-0.1898962604559684,1.0266593738660408,101,0,0.117021,0.018462
E2,12,xgb,vua,mae,0.3363832606166002,0.7477138759885098,2.056793795272486,1.7204105346558858,100,0,0.5369165,0.0998655
E2,12,xgb,vua,rmse,0.6489475352111199,1.4514847441570207,3.87210592693761,3.22315839172649,100,0,0.5369165,0.0998655
E2,12,xgb,vua,smape,15.840250455673544,21.572539177763204,31.187833311486603,15.347582855813059,100,0,0.5369165,0.0998655
E2,12,xgb,vua,mase,1.1833100648951158,1.9645314572806403,2.956617169960471,1.7733071050653553,100,0,0.5369165,0.0998655
E2,12,xgb,vua,r2,-0.4426127035022137,-0.2036672865532661,-0.09401417069631232,0.34859853280590136,100,0,0.5369165,0.0998655
E2,12,xgb,cao,mae,1.5629866561679102,6.47427461415381,14.227617819668792,12.664631163500882,101,0,1.587348,0.574619
E2,12,xgb,cao,rmse,3.8642073843573024,12.561657444497577,26.92987168141161,23.065664297054305,101,0,1.587348,0.574619
E2,12,xgb,cao,smape,34.459692393702824,105.93046656640186,141.61587216139878,107.15617976769596,101,0,1.587348,0.574619
E2,12,xgb,cao,mase,1.7115626159688928,4.9556561099741305,20.07532305280481,18.363760436835914,101,0,1.587348,0.574619
E2,12,xgb,cao,r2,-0.3260233649617794,-0.1207097860203387,0.25493355411719,0.5809569190789694,101,0,1.587348,0.574619
E2,12,svr,thap,mae,0.0753872118818072,0.1194524657037789,0.2209916354228704,0.14560442354106318,101,0,0.117021,0.018462
E2,12,svr,thap,rmse,0.1163369010777021,0.2202419065663422,0.4536210562184308,0.3372841551407287,101,0,0.117021,0.018462
E2,12,svr,thap,smape,4.145738490792575,5.042193562432671,7.834572102192647,3.6888336114000717,101,0,0.117021,0.018462
E2,12,svr,thap,mase,0.7492803687483006,0.871885109353417,1.2591217876588887,0.5098414189105881,101,0,0.117021,0.018462
E2,12,svr,thap,r2,-0.1317893552781743,-0.0175293898616044,0.116552779987607,0.2483421352657813,101,0,0.117021,0.018462
E2,12,svr,vua,mae,0.20605093638303967,0.40526842177735195,1.705816275999851,1.4997653396168114,100,0,0.5369165,0.0998655
E2,12,svr,vua,rmse,0.5578053215080326,1.3018740170506362,3.9259396365960777,3.368134315088045,100,0,0.5369165,0.0998655
E2,12,svr,vua,smape,9.890997751412788,15.182053155305018,23.983514163030335,14.092516411617547,100,0,0.5369165,0.0998655
E2,12,svr,vua,mase,0.8428338152393199,1.2748779143151157,1.7184842965488594,0.8756504813095395,100,0,0.5369165,0.0998655
E2,12,svr,vua,r2,-0.21857263048790737,-0.054974400798438,0.0095082274781689,0.22808085796607627,100,0,0.5369165,0.0998655
E2,12,svr,cao,mae,1.0539978730620614,4.799642568587759,10.533125683923084,9.479127810861023,101,0,1.587348,0.574619
E2,12,svr,cao,rmse,3.62006464843909,13.836970492289698,24.87217330740224,21.25210865896315,101,0,1.587348,0.574619
E2,12,svr,cao,smape,22.56611248473703,50.419403726060565,64.71984797986937,42.15373549513234,101,0,1.587348,0.574619
E2,12,svr,cao,mase,1.3323380840922945,4.622947182215799,14.983683354593266,13.651345270500972,101,0,1.587348,0.574619
E2,12,svr,cao,r2,-0.2949012770324644,-0.0690818046732799,0.1320854198175616,0.426986696850026,101,0,1.587348,0.574619
E3,1,naive,thap,mae,3.7653639132473047,4.1301875895729765,4.329858610387608,0.5644946971403031,166,0,0.22706199999999999,0.206012
E3,1,naive,thap,rmse,5.029498467468714,5.411984712999472,5.706946118797902,0.6774476513291878,166,0,0.22706199999999999,0.206012
E3,1,naive,thap,smape,7.790293989458485,9.235511962137956,9.906059769153936,2.115765779695451,166,0,0.22706199999999999,0.206012
E3,1,naive,thap,mase,0.9412875520995835,0.9933111961192584,1.0472845135343372,0.10599696143475368,166,0,0.22706199999999999,0.206012
E3,1,naive,thap,r2,0.6111578021666428,0.6514814876221013,0.7040640287554327,0.09290622658878989,166,0,0.22706199999999999,0.206012
E3,1,naive,vua,mae,4.029569563347717,4.3782769456678166,4.538292190292455,0.5087226269447376,165,0,0.285999,0.233127
E3,1,naive,vua,rmse,5.560965895653249,5.798041186277304,6.062179711644665,0.5012138159914166,165,0,0.285999,0.233127
E3,1,naive,vua,smape,9.890128230234104,11.030640460581564,11.713373276114432,1.823245045880327,165,0,0.285999,0.233127
E3,1,naive,vua,mase,0.905579839677302,0.9681890702740114,1.0129338468237865,0.10735400714648446,165,0,0.285999,0.233127
E3,1,naive,vua,r2,0.6337908753618028,0.6776030761701987,0.8599655312384022,0.22617465587659946,165,0,0.285999,0.233127
E3,1,naive,cao,mae,4.121311414290082,4.403367278167131,4.616670157706378,0.49535874341629604,166,0,0.3644935,0.2653765
E3,1,naive,cao,rmse,5.697719308474722,6.109112168236749,6.461622681783172,0.7639033733084499,166,0,0.3644935,0.2653765
E3,1,naive,cao,smape,11.117939463716153,13.12986167719848,14.767758840602374,3.649819376886221,166,0,0.3644935,0.2653765
E3,1,naive,cao,mase,0.8750146073697308,0.9422598921672595,0.9890261908990394,0.11401158352930862,166,0,0.3644935,0.2653765
E3,1,naive,cao,r2,0.642308671470599,0.7155971792134493,0.9031399011220762,0.2608312296514772,166,0,0.3644935,0.2653765
E3,1,ma6,thap,mae,4.529933892022696,4.7795419121689475,5.031683306937587,0.5017494149148902,166,0,0.22706199999999999,0.206012
E3,1,ma6,thap,rmse,5.9422640411857355,6.298558396961482,6.6102814010794715,0.668017359893736,166,0,0.22706199999999999,0.206012
E3,1,ma6,thap,smape,9.39590162528137,10.7422400773065,11.655989444449657,2.2600878191682874,166,0,0.22706199999999999,0.206012
E3,1,ma6,thap,mase,1.1095650067014406,1.1674640082552434,1.2200127229525126,0.11044771625107197,166,0,0.22706199999999999,0.206012
E3,1,ma6,thap,r2,0.4966829003816411,0.5374823402877811,0.598931777172101,0.10224887679045991,166,0,0.22706199999999999,0.206012
E3,1,ma6,vua,mae,4.865582878402624,5.125460633714492,5.355248485808333,0.4896656074057084,165,0,0.285999,0.233127
E3,1,ma6,vua,rmse,6.526933365993621,6.874533100058261,7.392140442025258,0.8652070760316368,165,0,0.285999,0.233127
E3,1,ma6,vua,smape,11.6708097723802,12.712927435750176,13.552873173934476,1.8820634015542765,165,0,0.285999,0.233127
E3,1,ma6,vua,mase,1.084783980594627,1.152663625632712,1.2105368773579344,0.12575289676330725,165,0,0.285999,0.233127
E3,1,ma6,vua,r2,0.5036601068121218,0.5624448538247766,0.755321529730743,0.25166142291862115,165,0,0.285999,0.233127
E3,1,ma6,cao,mae,5.013503708952685,5.289509487797927,5.553604212616438,0.5401005036637532,166,0,0.3644935,0.2653765
E3,1,ma6,cao,rmse,6.777894803175551,7.401082737052519,8.543891044503567,1.7659962413280166,166,0,0.3644935,0.2653765
E3,1,ma6,cao,smape,13.5268776377001,15.265981302989447,17.42756508106669,3.9006874433665892,166,0,0.3644935,0.2653765
E3,1,ma6,cao,mase,1.0607043413016313,1.150488657038626,1.2197314601250546,0.15902711882342335,166,0,0.3644935,0.2653765
E3,1,ma6,cao,r2,0.5444782817875432,0.6184004617180558,0.7992939314898196,0.25481564970227644,166,0,0.3644935,0.2653765
E3,1,seasonal,thap,mae,6.259431538309066,6.705098981161742,7.334729673312843,1.0752981350037771,166,0,0.22706199999999999,0.206012
E3,1,seasonal,thap,rmse,7.885580108326124,8.479809882604709,9.241788544500059,1.3562084361739348,166,0,0.22706199999999999,0.206012
E3,1,seasonal,thap,smape,13.703734831009974,15.31149444584116,17.008130930852218,3.3043960998422435,166,0,0.22706199999999999,0.206012
E3,1,seasonal,thap,mase,1.5188307719141922,1.6270450389725326,1.8247895384559756,0.30595876654178333,166,0,0.22706199999999999,0.206012
E3,1,seasonal,thap,r2,-0.046890254306461925,0.1167227026853537,0.23835978175529984,0.28525003606176175,166,0,0.22706199999999999,0.206012
E3,1,seasonal,vua,mae,6.9401437425793295,7.623393954044643,11.224095233454802,4.283951490875473,165,0,0.285999,0.233127
E3,1,seasonal,vua,rmse,8.986048186066094,9.765142364771402,18.20995463668482,9.223906450618726,165,0,0.285999,0.233127
E3,1,seasonal,vua,smape,17.966988344030955,19.70257938500435,23.106815939954,5.139827595923045,165,0,0.285999,0.233127
E3,1,seasonal,vua,mase,1.5685310696946764,1.6673469114992128,2.571984883283356,1.0034538135886795,165,0,0.285999,0.233127
E3,1,seasonal,vua,r2,-0.414447958114875,0.014221276166851,0.1829483434273139,0.5973963015421889,165,0,0.285999,0.233127
E3,1,seasonal,cao,mae,7.132905632726345,8.791190858547234,15.67295120630727,8.540045573580924,166,0,0.3644935,0.2653765
E3,1,seasonal,cao,rmse,9.409163187871304,11.763822445467472,25.33892495971279,15.929761771841488,166,0,0.3644935,0.2653765
E3,1,seasonal,cao,smape,22.87319960980927,28.043886811396547,33.13096082771628,10.25776121790701,166,0,0.3644935,0.2653765
E3,1,seasonal,cao,mase,1.5242536861060194,1.8544377878366993,3.615058817430074,2.0908051313240548,166,0,0.3644935,0.2653765
E3,1,seasonal,cao,r2,-0.5236619064769514,-0.16909203050118898,0.18260910094371297,0.7062710074206644,166,0,0.3644935,0.2653765
E3,1,lr,thap,mae,3.6288632923087225,3.8378065768605056,4.052406568240344,0.42354327593162155,166,0,0.22706199999999999,0.206012
E3,1,lr,thap,rmse,4.764914520432631,5.017397404999507,5.249458079927108,0.4845435594944769,166,0,0.22706199999999999,0.206012
E3,1,lr,thap,smape,7.938428689207015,8.82026192986243,9.639940900443504,1.7015122112364889,166,0,0.22706199999999999,0.206012
E3,1,lr,thap,mase,0.8907502128426233,0.9323355848569794,0.9775765829726212,0.08682637012999783,166,0,0.22706199999999999,0.206012
E3,1,lr,thap,r2,0.6638238281606286,0.6998749290787831,0.7378470001533666,0.074023171992738,166,0,0.22706199999999999,0.206012
E3,1,lr,vua,mae,3.9591212211688975,4.092858030395128,4.271552316404754,0.3124310952358562,165,0,0.285999,0.233127
E3,1,lr,vua,rmse,5.18132260895555,5.4170167821423325,5.688596047847189,0.5072734388916391,165,0,0.285999,0.233127
E3,1,lr,vua,smape,9.332453005685908,10.259371640081188,11.031684765910404,1.699231760224496,165,0,0.285999,0.233127
E3,1,lr,vua,mase,0.8824774656273405,0.9207899881681556,0.9618042090427356,0.07932674341539503,165,0,0.285999,0.233127
E3,1,lr,vua,r2,0.688121818399374,0.7278540228312491,0.8600722373182352,0.1719504189188612,165,0,0.285999,0.233127
E3,1,lr,cao,mae,4.097803148708716,4.30393123721241,4.491916882563688,0.3941137338549714,166,0,0.3644935,0.2653765
E3,1,lr,cao,rmse,5.433860868389754,5.751655558870235,6.313732000269963,0.8798711318802086,166,0,0.3644935,0.2653765
E3,1,lr,cao,smape,11.179202811426356,12.642485307908004,14.385253314885608,3.2060505034592524,166,0,0.3644935,0.2653765
E3,1,lr,cao,mase,0.8756927384127289,0.9357933385458463,0.9927522068043839,0.11705946839165504,166,0,0.3644935,0.2653765
E3,1,lr,cao,r2,0.7049471105943871,0.7566422183964083,0.8941284894491854,0.18918137885479835,166,0,0.3644935,0.2653765
E3,1,ridge,thap,mae,3.628909309850773,3.838078668963085,4.052222091520228,0.4233127816694551,166,0,0.22706199999999999,0.206012
E3,1,ridge,thap,rmse,4.765068226570671,5.017267260367686,5.249521367054028,0.48445314048335675,166,0,0.22706199999999999,0.206012
E3,1,ridge,thap,smape,7.938565436440056,8.82066855382421,9.639873216724812,1.7013077802847558,166,0,0.22706199999999999,0.206012
E3,1,ridge,thap,mase,0.8907659050783997,0.9323331669143851,0.9776998361670923,0.08693393108869263,166,0,0.22706199999999999,0.206012
E3,1,ridge,thap,r2,0.6637996909749277,0.6998826367737597,0.7378468306195247,0.07404713964459697,166,0,0.22706199999999999,0.206012
E3,1,ridge,vua,mae,3.9591924656016455,4.093195620445503,4.271946950144423,0.3127544845427779,165,0,0.285999,0.233127
E3,1,ridge,vua,rmse,5.182054544639179,5.41751955584554,5.689040929229617,0.5069863845904381,165,0,0.285999,0.233127
E3,1,ridge,vua,smape,9.331533282912462,10.260910173712528,11.031343996781173,1.699810713868711,165,0,0.285999,0.233127
E3,1,ridge,vua,mase,0.8825181583149365,0.9209248112692752,0.961932048494479,0.07941389017954248,165,0,0.285999,0.233127
E3,1,ridge,vua,r2,0.6880867959426857,0.7278876265650638,0.8600888376877301,0.1720020417450444,165,0,0.285999,0.233127
E3,1,ridge,cao,mae,4.097757936001637,4.3043318829780794,4.4921546754662876,0.3943967394646508,166,0,0.3644935,0.2653765
E3,1,ridge,cao,rmse,5.4340601792233825,5.752071522272961,6.314238267866662,0.8801780886432793,166,0,0.3644935,0.2653765
E3,1,ridge,cao,smape,11.180850211669574,12.64230932069089,14.385933296662971,3.2050830849933973,166,0,0.3644935,0.2653765
E3,1,ridge,cao,mase,0.8758391856121818,0.9359664914419088,0.9929572088005594,0.1171180231883776,166,0,0.3644935,0.2653765
E3,1,ridge,cao,r2,0.7049258351351244,0.7566066229516948,0.8941175655565929,0.18919173042146853,166,0,0.3644935,0.2653765
E3,1,rf,thap,mae,3.634913587265344,3.8459413054499567,4.0871152577411785,0.4522016704758345,166,0,0.22706199999999999,0.206012
E3,1,rf,thap,rmse,4.811278324233915,5.041551090019032,5.378213561311245,0.5669352370773302,166,0,0.22706199999999999,0.206012
E3,1,rf,thap,smape,7.629580780024628,8.623811558534083,9.189070647464316,1.5594898674396882,166,0,0.22706199999999999,0.206012
E3,1,rf,thap,mase,0.888037862825773,0.932835451197928,0.9933338591123808,0.1052959962866078,166,0,0.22706199999999999,0.206012
E3,1,rf,thap,r2,0.6660335015503335,0.6964510447977934,0.7417265109400438,0.07569300938971035,166,0,0.22706199999999999,0.206012
E3,1,rf,vua,mae,3.9633046772130247,4.178683927688568,4.367247063390403,0.4039423861773783,165,0,0.285999,0.233127
E3,1,rf,vua,rmse,5.21886864471228,5.5124483723272615,6.1456797721406105,0.9268111274283308,165,0,0.285999,0.233127
E3,1,rf,vua,smape,9.330817626238192,10.212292136553431,11.00091800304018,1.6701003768019884,165,0,0.285999,0.233127
E3,1,rf,vua,mase,0.8738833129542203,0.9306399336569658,0.9838809291322236,0.1099976161780033,165,0,0.285999,0.233127
E3,1,rf,vua,r2,0.6899025955148868,0.7275985166784279,0.8101997664477745,0.12029717093288772,165,0,0.285999,0.233127
E3,1,rf,cao,mae,4.14802959007314,4.3807864197964,4.851722006699138,0.7036924166259979,166,0,0.3644935,0.2653765
E3,1,rf,cao,rmse,5.513545300980299,6.079797958724609,7.4469666105899215,1.9334213096096224,166,0,0.3644935,0.2653765
E3,1,rf,cao,smape,11.391486887171574,12.801045578737448,14.395366404350018,3.0038795171784436,166,0,0.3644935,0.2653765
E3,1,rf,cao,mase,0.8933075485942662,0.9594078310853524,1.0719523196756953,0.17864477108142907,166,0,0.3644935,0.2653765
E3,1,rf,cao,r2,0.7030855869849202,0.7490114940194614,0.8502220066242356,0.14713641963931545,166,0,0.3644935,0.2653765
E3,1,xgb,thap,mae,3.5285495298352116,3.7522684286938035,3.988585293971349,0.46003576413613745,166,0,0.22706199999999999,0.206012
E3,1,xgb,thap,rmse,4.642167567131667,4.932465924914606,5.192168687000003,0.5500011198683366,166,0,0.22706199999999999,0.206012
E3,1,xgb,thap,smape,7.858533163339519,8.55390716335467,9.15779702789826,1.2992638645587409,166,0,0.22706199999999999,0.206012
E3,1,xgb,thap,mase,0.8648934335505458,0.909797978466399,0.9851568726466333,0.1202634390960875,166,0,0.22706199999999999,0.206012
E3,1,xgb,thap,r2,0.6773669784841057,0.7098705395274278,0.7475025933480972,0.07013561486399156,166,0,0.22706199999999999,0.206012
E3,1,xgb,vua,mae,3.890246961012741,4.091206688688967,4.343995527273419,0.4537485662606784,165,0,0.285999,0.233127
E3,1,xgb,vua,rmse,5.085542542911517,5.369853973976861,6.087625758610182,1.002083215698665,165,0,0.285999,0.233127
E3,1,xgb,vua,smape,9.422535209380625,10.060935824177408,10.975283161380988,1.552747952000363,165,0,0.285999,0.233127
E3,1,xgb,vua,mase,0.8640135532758375,0.9118229829501736,0.9921079887203244,0.12809443544448684,165,0,0.285999,0.233127
E3,1,xgb,vua,r2,0.7039366342700542,0.7401887377693295,0.7958063970039854,0.09186976273393122,165,0,0.285999,0.233127
E3,1,xgb,cao,mae,4.108781169199078,4.35425022168412,5.406086015144172,1.297304845945094,166,0,0.3644935,0.2653765
E3,1,xgb,cao,rmse,5.33931735638157,5.849189952051665,7.94515321443174,2.6058358580501704,166,0,0.3644935,0.2653765
E3,1,xgb,cao,smape,11.702516169236446,12.968831384699861,14.402472054359484,2.699955885123037,166,0,0.3644935,0.2653765
E3,1,xgb,cao,mase,0.8848430310830789,0.9667917407795281,1.2055026605608528,0.3206596294777738,166,0,0.3644935,0.2653765
E3,1,xgb,cao,r2,0.7190629860562798,0.7621679930245162,0.8539481187327783,0.1348851326764985,166,0,0.3644935,0.2653765
E3,1,svr,thap,mae,3.6830728492233993,3.8990640011788003,4.132993074814214,0.449920225590815,166,0,0.22706199999999999,0.206012
E3,1,svr,thap,rmse,4.874860690112351,5.13171715224119,5.423485358207615,0.5486246680952638,166,0,0.22706199999999999,0.206012
E3,1,svr,thap,smape,7.974214695213304,8.979603375349605,9.657744126508513,1.6835294312952094,166,0,0.22706199999999999,0.206012
E3,1,svr,thap,mase,0.8938322733368865,0.9454962890526049,1.031361885234533,0.13752961189764645,166,0,0.22706199999999999,0.206012
E3,1,svr,thap,r2,0.6341442880381227,0.683221793468483,0.710523838456786,0.07637955041866329,166,0,0.22706199999999999,0.206012
E3,1,svr,vua,mae,3.9923909530647057,4.204294584376333,6.964737783788515,2.9723468307238097,165,0,0.285999,0.233127
E3,1,svr,vua,rmse,5.234293938934108,5.525273598687632,11.074252215688375,5.839958276754267,165,0,0.285999,0.233127
E3,1,svr,vua,smape,10.241486063365926,11.126330637109758,13.209073338573814,2.9675872752078885,165,0,0.285999,0.233127
E3,1,svr,vua,mase,0.8870813204892143,0.9458992488493558,1.6524368621731949,0.7653555416839806,165,0,0.285999,0.233127
E3,1,svr,vua,r2,0.5355378327534305,0.6864954041188002,0.7213316985325949,0.18579386577916446,165,0,0.285999,0.233127
E3,1,svr,cao,mae,4.184616576233971,4.49488789056131,8.992191080998598,4.807574504764627,166,0,0.3644935,0.2653765
E3,1,svr,cao,rmse,5.457651305829558,6.122006529340377,16.00858574672082,10.550934440891261,166,0,0.3644935,0.2653765
E3,1,svr,cao,smape,13.324584436648559,15.495838963297505,18.35906073025572,5.034476293607161,166,0,0.3644935,0.2653765
E3,1,svr,cao,mase,0.8862931045357735,0.9979841321471157,2.2457433299713045,1.359450225435531,166,0,0.3644935,0.2653765
E3,1,svr,cao,r2,0.3643393094864066,0.6573723786990197,0.714017292223198,0.3496779827367914,166,0,0.3644935,0.2653765
E3,6,naive,thap,mae,5.811006456412296,6.142043725908139,6.4991953125843125,0.6881888561720162,166,0,0.22706199999999999,0.206012
E3,6,naive,thap,rmse,7.624848891641805,8.09873764224297,8.484632111592505,0.8597832199507005,166,0,0.22706199999999999,0.206012
E3,6,naive,thap,smape,11.943887150883183,13.73111572650308,14.837017807311739,2.8931306564285553,166,0,0.22706199999999999,0.206012
E3,6,naive,thap,mase,1.4187390257369727,1.4932942484522702,1.5677378115103349,0.14899878577336212,166,0,0.22706199999999999,0.206012
E3,6,naive,thap,r2,0.16163501757809587,0.23980106386542938,0.3543933044214527,0.19275828684335686,166,0,0.22706199999999999,0.206012
E3,6,naive,vua,mae,6.212242884098584,6.60302346239335,6.937666288105665,0.7254234040070804,165,0,0.285999,0.233127
E3,6,naive,vua,rmse,8.458544849319797,8.845090401439094,9.564411454531456,1.1058666052116592,165,0,0.285999,0.233127
E3,6,naive,vua,smape,14.789429597399048,16.135236033504842,17.456618040428356,2.6671884430293087,165,0,0.285999,0.233127
E3,6,naive,vua,mase,1.3811472202756965,1.476649058113402,1.5691703610867445,0.18802314081104798,165,0,0.285999,0.233127
E3,6,naive,vua,r2,0.1816202568503593,0.2868041489312739,0.5887670824659261,0.4071468256155668,165,0,0.285999,0.233127
E3,6,naive,cao,mae,6.400480740678182,6.791411028811778,7.21056959437412,0.8100888536959383,166,0,0.3644935,0.2653765
E3,6,naive,cao,rmse,8.796800912169653,9.564617269337118,11.094667419978721,2.2978665078090685,166,0,0.3644935,0.2653765
E3,6,naive,cao,smape,17.507472111339105,19.475100401206397,21.948254103874593,4.440781992535488,166,0,0.3644935,0.2653765
E3,6,naive,cao,mase,1.3527047995677295,1.4805358148549979,1.5944487754028256,0.2417439758350961,166,0,0.3644935,0.2653765
E3,6,naive,cao,r2,0.2420621760556892,0.361916477195768,0.6657005124478396,0.42363833639215037,166,0,0.3644935,0.2653765
E3,6,ma6,thap,mae,5.1929597601892175,5.4918530914696655,5.8824336213470545,0.689473861157837,166,0,0.22706199999999999,0.206012
E3,6,ma6,thap,rmse,6.789992161937471,7.218420212916199,7.780424779155384,0.9904326172179125,166,0,0.22706199999999999,0.206012
E3,6,ma6,thap,smape,10.889603210464504,12.207660789408056,13.254727926938893,2.365124716474389,166,0,0.22706199999999999,0.206012
E3,6,ma6,thap,mase,1.269704801439878,1.3502130332729472,1.4317859979378933,0.16208119649801533,166,0,0.22706199999999999,0.206012
E3,6,ma6,thap,r2,0.3217677508012125,0.389087809791079,0.4860360698559846,0.16426831905477207,166,0,0.22706199999999999,0.206012
E3,6,ma6,vua,mae,5.615778817725607,5.947622810695669,6.35289182942907,0.737113011703463,165,0,0.285999,0.233127
E3,6,ma6,vua,rmse,7.534690552002751,8.01312765030159,9.454985138336312,1.9202945863335605,165,0,0.285999,0.233127
E3,6,ma6,vua,smape,13.383345431181915,14.594614628972815,15.750857482045284,2.3675120508633682,165,0,0.285999,0.233127
E3,6,ma6,vua,mase,1.2478098046622068,1.3354553508415,1.4341647306445906,0.1863549259823838,165,0,0.285999,0.233127
E3,6,ma6,vua,r2,0.3479998663036376,0.4332864050735556,0.5920505551140979,0.24405068881046027,165,0,0.285999,0.233127
E3,6,ma6,cao,mae,5.829908860106861,6.298097403070869,6.962742982246638,1.1328341221397773,166,0,0.3644935,0.2653765
E3,6,ma6,cao,rmse,7.762041918858198,8.761663183073967,11.458021459572404,3.6959795407142053,166,0,0.3644935,0.2653765
E3,6,ma6,cao,smape,16.1809500646689,18.03829813126454,20.021485844838722,3.840535780169823,166,0,0.3644935,0.2653765
E3,6,ma6,cao,mase,1.2506341620258126,1.3838465013223546,1.5315896282547108,0.2809554662288982,166,0,0.3644935,0.2653765
E3,6,ma6,cao,r2,0.38151473133136266,0.4761748745503235,0.6119997292777846,0.2304849979464219,166,0,0.3644935,0.2653765
E3,6,seasonal,thap,mae,6.560537255631674,7.062936891566439,7.745110031228849,1.184572775597175,166,0,0.22706199999999999,0.206012
E3,6,seasonal,thap,rmse,8.187356526795682,8.788035051405654,9.554867669332612,1.3675111425369302,166,0,0.22706199999999999,0.206012
E3,6,seasonal,thap,smape,14.552371490722452,15.950272009546929,17.945100979613187,3.392729488890735,166,0,0.22706199999999999,0.206012
E3,6,seasonal,thap,mase,1.614996998422028,1.6951338310710762,1.944273826039675,0.329276827617647,166,0,0.22706199999999999,0.206012
E3,6,seasonal,thap,r2,-0.1194472169839792,0.07796706498595865,0.21609721521436515,0.33554443219834434,166,0,0.22706199999999999,0.206012
E3,6,seasonal,vua,mae,7.250286520937905,8.000345944413919,11.66443412003072,4.414147599092814,165,0,0.285999,0.233127
E3,6,seasonal,vua,rmse,9.355636453515524,10.0122437037402,18.40070396746393,9.045067513948405,165,0,0.285999,0.233127
E3,6,seasonal,vua,smape,18.716678088799988,20.75041089766292,24.211446420836104,5.4947683320361165,165,0,0.285999,0.233127
E3,6,seasonal,vua,mase,1.6446031022903134,1.755747412809086,2.711985918732878,1.0673828164425647,165,0,0.285999,0.233127
E3,6,seasonal,vua,r2,-0.4121345068365887,-0.0393005090182729,0.1178000458738862,0.5299345527104748,165,0,0.285999,0.233127
E3,6,seasonal,cao,mae,7.589591658698239,9.22240671994382,16.145567057552697,8.555975398854457,166,0,0.3644935,0.2653765
E3,6,seasonal,cao,rmse,9.764282273556198,12.125454371197627,25.32832083035639,15.564038556800192,166,0,0.3644935,0.2653765
E3,6,seasonal,cao,smape,23.800701600131518,29.13033296538979,34.52878140528947,10.728079805157954,166,0,0.3644935,0.2653765
E3,6,seasonal,cao,mase,1.6244360321159996,1.9266322773912026,3.7415724674811344,2.1171364353651345,166,0,0.3644935,0.2653765
E3,6,seasonal,cao,r2,-0.5119939256057056,-0.2313461999724828,0.11943329924207084,0.6314272248477764,166,0,0.3644935,0.2653765
E3,6,lr,thap,mae,4.97793094384846,5.276209822186244,5.623939229816415,0.6460082859679552,166,0,0.22706199999999999,0.206012
E3,6,lr,thap,rmse,6.524802819601603,6.909298716246859,7.369903539639491,0.8451007200378884,166,0,0.22706199999999999,0.206012
E3,6,lr,thap,smape,11.16320695847637,12.106322446101604,13.03573637601899,1.872529417542621,166,0,0.22706199999999999,0.206012
E3,6,lr,thap,mase,1.2190014287889928,1.2905688999929172,1.4120522853566357,0.19305085656764298,166,0,0.22706199999999999,0.206012
E3,6,lr,thap,r2,0.35866032026393624,0.43208179304863914,0.5076646832424698,0.1490043629785336,166,0,0.22706199999999999,0.206012
E3,6,lr,vua,mae,5.3755335667005975,5.702933084162528,6.4843899038494826,1.108856337148885,165,0,0.285999,0.233127
E3,6,lr,vua,rmse,7.145571610950224,7.565205471403989,9.22849460890799,2.082922997957766,165,0,0.285999,0.233127
E3,6,lr,vua,smape,13.064084199789658,14.148722768311064,15.178938735808764,2.114854536019106,165,0,0.285999,0.233127
E3,6,lr,vua,mase,1.1890584584526032,1.2852763701055476,1.458620312383741,0.26956185393113774,165,0,0.285999,0.233127
E3,6,lr,vua,r2,0.4050708085756732,0.4861188557774016,0.5848824319920516,0.1798116234163784,165,0,0.285999,0.233127
E3,6,lr,cao,mae,5.574491043508967,6.199387255431102,7.212250916499411,1.6377598729904435,166,0,0.3644935,0.2653765
E3,6,lr,cao,rmse,7.409204193941075,8.215497370433008,11.256512368079521,3.8473081741384467,166,0,0.3644935,0.2653765
E3,6,lr,cao,smape,15.649435488573506,17.71117921850194,19.737665899526412,4.088230410952907,166,0,0.3644935,0.2653765
E3,6,lr,cao,mase,1.1894774991081571,1.363998233325424,1.6377079152713057,0.4482304161631485,166,0,0.3644935,0.2653765
E3,6,lr,cao,r2,0.4446249694192568,0.5182953606139996,0.6430788154544385,0.19845384603518168,166,0,0.3644935,0.2653765
E3,6,ridge,thap,mae,4.977474307246231,5.276085108993307,5.624294153277255,0.6468198460310237,166,0,0.22706199999999999,0.206012
E3,6,ridge,thap,rmse,6.524506534955829,6.90897807997559,7.369165574559904,0.8446590396040756,166,0,0.22706199999999999,0.206012
E3,6,ridge,thap,smape,11.162436122302125,12.106131723881944,13.034680812537383,1.8722446902352576,166,0,0.22706199999999999,0.206012
E3,6,ridge,thap,mase,1.2189650912497616,1.2904956657220785,1.4119444783126194,0.19297938706285778,166,0,0.22706199999999999,0.206012
E3,6,ridge,thap,r2,0.3585908046181259,0.4322636488141593,0.5077485048512607,0.14915770023313474,166,0,0.22706199999999999,0.206012
E3,6,ridge,vua,mae,5.376065381365287,5.702364487314233,6.484093705471622,1.1080283241063347,165,0,0.285999,0.233127
E3,6,ridge,vua,rmse,7.146066484702375,7.565310022373675,9.22840071110278,2.0823342264004054,165,0,0.285999,0.233127
E3,6,ridge,vua,smape,13.064854540027742,14.149255495716226,15.178851831504106,2.1139972914763643,165,0,0.285999,0.233127
E3,6,ridge,vua,mase,1.1890821236169726,1.2854279001010946,1.4586283498950845,0.26954622627811187,165,0,0.285999,0.233127
E3,6,ridge,vua,r2,0.4050720450757432,0.4861290392501129,0.5848595239021332,0.17978747882639007,165,0,0.285999,0.233127
E3,6,ridge,cao,mae,5.574099389603451,6.199429832374777,7.212692964121958,1.6385935745185067,166,0,0.3644935,0.2653765
E3,6,ridge,cao,rmse,7.409628674208457,8.21501764908189,11.256264976800908,3.8466363025924517,166,0,0.3644935,0.2653765
E3,6,ridge,cao,smape,15.648351665773678,17.71072831478168,19.739236696508215,4.090885030734537,166,0,0.3644935,0.2653765
E3,6,ridge,cao,mase,1.189522002883486,1.3639230766830466,1.637749858066283,0.44822785518279695,166,0,0.3644935,0.2653765
E3,6,ridge,cao,r2,0.4445154311992031,0.5183491193082022,0.6430682530219314,0.19855282182272826,166,0,0.3644935,0.2653765
E3,6,rf,thap,mae,4.776717626183821,5.05989411520962,5.367734797997313,0.5910171718134922,166,0,0.22706199999999999,0.206012
E3,6,rf,thap,rmse,6.11508730075132,6.453306525458169,6.90112423251494,0.7860369317636202,166,0,0.22706199999999999,0.206012
E3,6,rf,thap,smape,10.337080428972188,11.345267762546769,12.296288607898713,1.9592081789265254,166,0,0.22706199999999999,0.206012
E3,6,rf,thap,mase,1.1509062714708937,1.233273157902909,1.374587091100162,0.22368081962926833,166,0,0.22706199999999999,0.206012
E3,6,rf,thap,r2,0.4611539819958312,0.5144014403086448,0.5719012036133424,0.11074722161751122,166,0,0.22706199999999999,0.206012
E3,6,rf,vua,mae,5.062188801029818,5.441520435763261,6.849004643401424,1.7868158423716052,165,0,0.285999,0.233127
E3,6,rf,vua,rmse,6.601441655623306,7.06637243391012,9.63227006282706,3.030828407203753,165,0,0.285999,0.233127
E3,6,rf,vua,smape,12.775238066768758,13.991292757940288,14.89870131957771,2.1234632528089517,165,0,0.285999,0.233127
E3,6,rf,vua,mase,1.12737994240704,1.2373083420226374,1.5643942918009035,0.4370143493938634,165,0,0.285999,0.233127
E3,6,rf,vua,r2,0.4767979596553161,0.5377608924659423,0.5921546083037519,0.11535664864843581,165,0,0.285999,0.233127
E3,6,rf,cao,mae,5.372962873683774,6.0136003504935776,8.632954679119143,3.2599918054353694,166,0,0.3644935,0.2653765
E3,6,rf,cao,rmse,6.858238264196019,8.010203489215787,13.960770124178527,7.102531859982508,166,0,0.3644935,0.2653765
E3,6,rf,cao,smape,16.082124333874628,18.308503298534596,20.08122850619248,3.9991041723178533,166,0,0.3644935,0.2653765
E3,6,rf,cao,mase,1.1651969217878677,1.3496442976081626,1.939334805701035,0.7741378839131672,166,0,0.3644935,0.2653765
E3,6,rf,cao,r2,0.4579005095123441,0.5346605758046927,0.5874126472730437,0.12951213776069953,166,0,0.3644935,0.2653765
E3,6,xgb,thap,mae,4.79470533623484,5.1177643917341555,5.39286817570285,0.5981628394680092,166,0,0.22706199999999999,0.206012
E3,6,xgb,thap,rmse,6.124803943807182,6.490987311794536,6.923517251268143,0.7987133074609609,166,0,0.22706199999999999,0.206012
E3,6,xgb,thap,smape,10.794110681782366,11.732249703750092,12.679719880807934,1.8856091990255681,166,0,0.22706199999999999,0.206012
E3,6,xgb,thap,mase,1.1669384010074793,1.2380319801583206,1.37828623616122,0.21134783515374078,166,0,0.22706199999999999,0.206012
E3,6,xgb,thap,r2,0.44192213476915565,0.5062925415135371,0.5471918736698836,0.105269738900728,166,0,0.22706199999999999,0.206012
E3,6,xgb,vua,mae,5.185907770481282,5.523614794105455,6.389967144098294,1.204059373617012,165,0,0.285999,0.233127
E3,6,xgb,vua,rmse,6.63332354770677,7.064861283280281,9.37195985068034,2.738636302973571,165,0,0.285999,0.233127
E3,6,xgb,vua,smape,12.780711322976174,13.92528623319112,15.019168359700233,2.238457036724059,165,0,0.285999,0.233127
E3,6,xgb,vua,mase,1.140597881798424,1.2444679138831063,1.5191478195700974,0.37854993777167345,165,0,0.285999,0.233127
E3,6,xgb,vua,r2,0.4832180285314799,0.5268219854358619,0.5847884272411045,0.10157039870962459,165,0,0.285999,0.233127
E3,6,xgb,cao,mae,5.351814208310426,5.946756768768447,8.393268152076423,3.0414539437659975,166,0,0.3644935,0.2653765
E3,6,xgb,cao,rmse,6.818341009112702,7.764906315396597,13.480295005647369,6.661953996534667,166,0,0.3644935,0.2653765
E3,6,xgb,cao,smape,15.878620122885192,17.987212508620786,19.756821999531187,3.8782018766459956,166,0,0.3644935,0.2653765
E3,6,xgb,cao,mase,1.1504495621740187,1.3381399763696717,1.852497450948583,0.7020478887745643,166,0,0.3644935,0.2653765
E3,6,xgb,cao,r2,0.4783585515518661,0.5454001244184012,0.6053240596736175,0.1269655081217514,166,0,0.3644935,0.2653765
E3,6,svr,thap,mae,4.809149757812891,5.060998218023813,5.4184715419638465,0.6093217841509553,166,0,0.22706199999999999,0.206012
E3,6,svr,thap,rmse,6.273372984803602,6.599809039746074,7.088316342024903,0.814943357221301,166,0,0.22706199999999999,0.206012
E3,6,svr,thap,smape,10.298225981990894,11.465081091933268,12.583298860007648,2.285072878016754,166,0,0.22706199999999999,0.206012
E3,6,svr,thap,mase,1.1629406397791815,1.239265742526287,1.3832585408041154,0.22031790102493387,166,0,0.22706199999999999,0.206012
E3,6,svr,thap,r2,0.391163333725698,0.47124367564497965,0.5262043811110236,0.13504104738532563,166,0,0.22706199999999999,0.206012
E3,6,svr,vua,mae,5.172757092137912,5.502136243681688,9.041512749826186,3.868755657688274,165,0,0.285999,0.233127
E3,6,svr,vua,rmse,6.781652837338192,7.216227324583762,15.558469326501328,8.776816489163135,165,0,0.285999,0.233127
E3,6,svr,vua,smape,12.966460987969525,14.29787525077548,17.06576006389607,4.099299075926547,165,0,0.285999,0.233127
E3,6,svr,vua,mase,1.142113094751064,1.244212604793403,2.1092016501799327,0.9670885554288686,165,0,0.285999,0.233127
E3,6,svr,vua,r2,0.0467710777549252,0.4654883864978704,0.539177932374484,0.4924068546195588,165,0,0.285999,0.233127
E3,6,svr,cao,mae,5.362661553763387,6.012705697496184,11.069171680416854,5.706510126653467,166,0,0.3644935,0.2653765
E3,6,svr,cao,rmse,7.088941870450098,7.867284074099377,19.669218575259283,12.580276704809185,166,0,0.3644935,0.2653765
E3,6,svr,cao,smape,17.057827897496054,20.29249425466143,24.919104754418164,7.86127685692211,166,0,0.3644935,0.2653765
E3,6,svr,cao,mase,1.1590384728703857,1.3337719641983776,2.9279708493099115,1.7689323764395257,166,0,0.3644935,0.2653765
E3,6,svr,cao,r2,0.034744512252356176,0.4210820523501514,0.5284674850941196,0.49372297284176336,166,0,0.3644935,0.2653765
E3,12,naive,thap,mae,6.205374064413302,6.550413720312587,6.997738211089343,0.7923641466760412,166,0,0.22706199999999999,0.206012
E3,12,naive,thap,rmse,8.23120615428245,8.70089489046024,9.245755392651912,1.0145492383694616,166,0,0.22706199999999999,0.206012
E3,12,naive,thap,smape,12.814839336925603,14.419467878286314,15.59955102897791,2.7847116920523067,166,0,0.22706199999999999,0.206012
E3,12,naive,thap,mase,1.513654636618125,1.611349597997421,1.703947955163727,0.19029331854560216,166,0,0.22706199999999999,0.206012
E3,12,naive,thap,r2,0.03566621405198767,0.12143709535128724,0.26857633681599075,0.23291012276400308,166,0,0.22706199999999999,0.206012
E3,12,naive,vua,mae,6.719841454812477,7.127575217523011,7.679068729067678,0.959227274255201,165,0,0.285999,0.233127
E3,12,naive,vua,rmse,8.93890891227841,9.527793311091598,11.229872670825786,2.2909637585473757,165,0,0.285999,0.233127
E3,12,naive,vua,smape,15.78530226093685,17.086502639751096,18.62654718158152,2.8412449206446677,165,0,0.285999,0.233127
E3,12,naive,vua,mase,1.4966195517040757,1.6013608264630377,1.74084632597969,0.24422677427561434,165,0,0.285999,0.233127
E3,12,naive,vua,r2,0.064003949057069,0.1717721886104249,0.3923326172380781,0.3283286681810091,165,0,0.285999,0.233127
E3,12,naive,cao,mae,6.942961628828844,7.4814467199736505,8.491921812222087,1.548960183393243,166,0,0.3644935,0.2653765
E3,12,naive,cao,rmse,9.405151593458616,10.550941971160174,13.796320954921285,4.391169361462669,166,0,0.3644935,0.2653765
E3,12,naive,cao,smape,19.07877437292393,21.49779693295375,23.58497422844433,4.5061998555204,166,0,0.3644935,0.2653765
E3,12,naive,cao,mase,1.4820314968788388,1.6449058880616265,1.8515087739261509,0.36947727704731204,166,0,0.3644935,0.2653765
E3,12,naive,cao,r2,0.12397925617169883,0.2330586606162655,0.45178725215460536,0.32780799598290655,166,0,0.3644935,0.2653765
E3,12,ma6,thap,mae,5.919092524200586,6.360460943517671,6.807011126497063,0.8879186022964767,166,0,0.22706199999999999,0.206012
E3,12,ma6,thap,rmse,7.732009320878414,8.20393747377782,8.779722671406503,1.0477133505280891,166,0,0.22706199999999999,0.206012
E3,12,ma6,thap,smape,12.344177600400421,13.965715108079015,15.225171494397603,2.880993893997182,166,0,0.22706199999999999,0.206012
E3,12,ma6,thap,mase,1.4583497417294533,1.550313114589116,1.680048294370368,0.22169855264091476,166,0,0.22706199999999999,0.206012
E3,12,ma6,thap,r2,0.12941488617505395,0.21989965623221755,0.3465198302013656,0.21710494402631167,166,0,0.22706199999999999,0.206012
E3,12,ma6,vua,mae,6.505257151188589,7.027647999038919,7.68807621647573,1.1828190652871413,165,0,0.285999,0.233127
E3,12,ma6,vua,rmse,8.42709732397398,8.986332838425847,11.40068685099163,2.9735895270176496,165,0,0.285999,0.233127
E3,12,ma6,vua,smape,15.470457814208231,16.674898847229738,18.416648138992883,2.946190324784652,165,0,0.285999,0.233127
E3,12,ma6,vua,mase,1.4402883594822482,1.5554784037106966,1.7386836857443817,0.2983953262621335,165,0,0.285999,0.233127
E3,12,ma6,vua,r2,0.1908077813090247,0.2715582884807466,0.3928783637816987,0.202070582472674,165,0,0.285999,0.233127
E3,12,ma6,cao,mae,6.70829631761338,7.505439236975219,8.74602218588359,2.0377258682702095,166,0,0.3644935,0.2653765
E3,12,ma6,cao,rmse,8.789520716391483,9.870108413809216,14.173792732827964,5.384272016436482,166,0,0.3644935,0.2653765
E3,12,ma6,cao,smape,18.942660336209602,21.547789772853946,23.337579273617713,4.394918937408111,166,0,0.3644935,0.2653765
E3,12,ma6,cao,mase,1.4482133079646224,1.6506273468767292,1.9277460677572065,0.47953275979258403,166,0,0.3644935,0.2653765
E3,12,ma6,cao,r2,0.20598962844464538,0.30789306453676335,0.413119110448519,0.20712948200387363,166,0,0.3644935,0.2653765
E3,12,seasonal,thap,mae,6.721415978243384,7.228870565784101,7.803622914313586,1.0822069360702011,166,0,0.22706199999999999,0.206012
E3,12,seasonal,thap,rmse,8.54172307116949,9.146758848806982,9.851674303864321,1.3099512326948322,166,0,0.22706199999999999,0.206012
E3,12,seasonal,thap,smape,14.709374146929635,16.35882533014457,18.03070839504763,3.321334248117994,166,0,0.22706199999999999,0.206012
E3,12,seasonal,thap,mase,1.6460021780282366,1.7428729313351734,2.007218813872532,0.3612166358442954,166,0,0.22706199999999999,0.206012
E3,12,seasonal,thap,r2,-0.20859491010500597,-0.01078908119083905,0.1275248828291653,0.33611979293417127,166,0,0.22706199999999999,0.206012
E3,12,seasonal,vua,mae,7.370170793098463,8.100901383278313,11.391973630798908,4.021802837700445,165,0,0.285999,0.233127
E3,12,seasonal,vua,rmse,9.52399124140849,10.296860328113402,18.06532101858193,8.54132977717344,165,0,0.285999,0.233127
E3,12,seasonal,vua,smape,18.75943011841551,20.85800119240937,24.096493821240475,5.337063702824967,165,0,0.285999,0.233127
E3,12,seasonal,vua,mase,1.6576179748168396,1.778555694805197,2.6956811096941578,1.0380631348773182,165,0,0.285999,0.233127
E3,12,seasonal,vua,r2,-0.3814960790201775,-0.0951145502045927,0.0803974328004641,0.46189351182064164,165,0,0.285999,0.233127
E3,12,seasonal,cao,mae,7.741849836173641,9.780740346321963,16.318307785813325,8.576457949639684,166,0,0.3644935,0.2653765
E3,12,seasonal,cao,rmse,9.998134517909158,12.693904626934145,25.076585923063902,15.078451405154745,166,0,0.3644935,0.2653765
E3,12,seasonal,cao,smape,24.730595575108417,29.14974021959758,34.57955003311138,9.848954458002964,166,0,0.3644935,0.2653765
E3,12,seasonal,cao,mase,1.6347978043008187,1.955102294722142,3.738623916742703,2.1038261124418844,166,0,0.3644935,0.2653765
E3,12,seasonal,cao,r2,-0.4801486015575635,-0.28752592033352453,0.050860871272947174,0.5310094728305107,166,0,0.3644935,0.2653765
E3,12,lr,thap,mae,5.690213979343999,6.031963406816063,6.463317881454077,0.7731039021100781,166,0,0.22706199999999999,0.206012
E3,12,lr,thap,rmse,7.369568719535085,7.764774535703152,8.299523238599406,0.9299545190643208,166,0,0.22706199999999999,0.206012
E3,12,lr,thap,smape,12.699575183540235,13.916899279950186,15.133779117708304,2.4342039341680692,166,0,0.22706199999999999,0.206012
E3,12,lr,thap,mase,1.3686402023399626,1.4780412522453734,1.651911082585479,0.2832708802455164,166,0,0.22706199999999999,0.206012
E3,12,lr,thap,r2,0.17508630746357048,0.2914320794837057,0.3765505763146533,0.2014642688510828,166,0,0.22706199999999999,0.206012
E3,12,lr,vua,mae,6.041565954846633,6.456467110854806,8.192583804953388,2.151017850106755,165,0,0.285999,0.233127
E3,12,lr,vua,rmse,7.924401501745305,8.35925153731625,11.826007188205557,3.9016056864602513,165,0,0.285999,0.233127
E3,12,lr,vua,smape,14.987232155223678,16.34216008217166,17.53098070480356,2.543748549579883,165,0,0.285999,0.233127
E3,12,lr,vua,mase,1.3405711046028408,1.445645775772428,1.835015609683575,0.49444450508073423,165,0,0.285999,0.233127
E3,12,lr,vua,r2,0.2816094526863041,0.3529003758507248,0.4086326877318958,0.1270232350455917,165,0,0.285999,0.233127
E3,12,lr,cao,mae,6.360593543007997,7.252263984267167,9.272906038767603,2.912312495759606,166,0,0.3644935,0.2653765
E3,12,lr,cao,rmse,8.256742189160095,9.264675634108837,14.651716560103923,6.394974370943828,166,0,0.3644935,0.2653765
E3,12,lr,cao,smape,18.829556501905135,20.720065590325238,22.57377128424327,3.744214782338137,166,0,0.3644935,0.2653765
E3,12,lr,cao,mase,1.3853240976163184,1.5981880983772043,2.0557919250635233,0.6704678274472049,166,0,0.3644935,0.2653765
E3,12,lr,cao,r2,0.2819838907385218,0.3790099703115649,0.4266569236429699,0.1446730329044481,166,0,0.3644935,0.2653765
E3,12,ridge,thap,mae,5.6898295474938525,6.030950046721394,6.4631452406868135,0.773315693192961,166,0,0.22706199999999999,0.206012
E3,12,ridge,thap,rmse,7.368126366425852,7.764120070925109,8.298400913489896,0.9302745470640446,166,0,0.22706199999999999,0.206012
E3,12,ridge,thap,smape,12.698812539937494,13.915749120744819,15.130760893038662,2.431948353101168,166,0,0.22706199999999999,0.206012
E3,12,ridge,thap,mase,1.3683837722218752,1.4778730955237998,1.651515758793692,0.2831319865718167,166,0,0.22706199999999999,0.206012
E3,12,ridge,thap,r2,0.17536590476815325,0.29138651649925307,0.37669608207261457,0.20133017730446132,166,0,0.22706199999999999,0.206012
E3,12,ridge,vua,mae,6.043239081067336,6.457580393243522,8.190565135483356,2.1473260544160198,165,0,0.285999,0.233127
E3,12,ridge,vua,rmse,7.92347720113429,8.359600760107956,11.825281153803743,3.9018039526694537,165,0,0.285999,0.233127
E3,12,ridge,vua,smape,14.989904662191195,16.339957763731483,17.52841615648335,2.5385114942921536,165,0,0.285999,0.233127
E3,12,ridge,vua,mase,1.3403559155805072,1.4452748546814422,1.834591464122137,0.4942355485416299,165,0,0.285999,0.233127
E3,12,ridge,vua,r2,0.281586504161861,0.3529062447343306,0.408755713320257,0.12716920915839602,165,0,0.285999,0.233127
E3,12,ridge,cao,mae,6.360209821471333,7.252091426151677,9.275113095923384,2.914903274452051,166,0,0.3644935,0.2653765
E3,12,ridge,cao,rmse,8.255522598182989,9.264066949166658,14.652952162168804,6.397429563985815,166,0,0.3644935,0.2653765
E3,12,ridge,cao,smape,18.828240559619353,20.720736205775083,22.575280437836767,3.7470398782174144,166,0,0.3644935,0.2653765
E3,12,ridge,cao,mase,1.3854961550802365,1.598546019485688,2.0559717682062386,0.6704756131260021,166,0,0.3644935,0.2653765
E3,12,ridge,cao,r2,0.2821397767477898,0.37878880043931074,0.42663999895022897,0.1445002222024392,166,0,0.3644935,0.2653765
E3,12,rf,thap,mae,5.149521344386184,5.502690101054971,5.955784448916566,0.8062631045303821,166,0,0.22706199999999999,0.206012
E3,12,rf,thap,rmse,6.620871992114277,7.051549512481786,7.568306159582549,0.9474341674682716,166,0,0.22706199999999999,0.206012
E3,12,rf,thap,smape,11.41111910550709,12.35711475672848,13.564580879749391,2.1534617742423006,166,0,0.22706199999999999,0.206012
E3,12,rf,thap,mase,1.2473144011372401,1.3361297213683816,1.5694606201797825,0.32214621904254237,166,0,0.22706199999999999,0.206012
E3,12,rf,thap,r2,0.3097483496506995,0.404490629710342,0.4716587304452591,0.1619103807945596,166,0,0.22706199999999999,0.206012
E3,12,rf,vua,mae,5.397649919912305,5.833055773674717,7.779324990576168,2.3816750706638627,165,0,0.285999,0.233127
E3,12,rf,vua,rmse,7.024124481385069,7.541650555829255,13.03081148359025,6.006687002205181,165,0,0.285999,0.233127
E3,12,rf,vua,smape,13.576886656048831,15.010021605169182,16.408596099725067,2.8317094436762353,165,0,0.285999,0.233127
E3,12,rf,vua,mase,1.209188868771146,1.3102780115292247,1.780808453613611,0.571619584842465,165,0,0.285999,0.233127
E3,12,rf,vua,r2,0.346434623288062,0.4479327102936949,0.5011694581734363,0.15473483488537426,165,0,0.285999,0.233127
E3,12,rf,cao,mae,5.7491042115563324,6.6621144205029506,9.250512546814763,3.5014083352584304,166,0,0.3644935,0.2653765
E3,12,rf,cao,rmse,7.368326173605698,8.559743850692549,16.468418256039442,9.100092082433743,166,0,0.3644935,0.2653765
E3,12,rf,cao,smape,17.12131780205262,19.561602141301158,21.63159116971731,4.510273367664691,166,0,0.3644935,0.2653765
E3,12,rf,cao,mase,1.2462104376282572,1.5009782400461318,2.0410088995471485,0.7947984619188913,166,0,0.3644935,0.2653765
E3,12,rf,cao,r2,0.27429624159371047,0.43847173767801106,0.5149675531475513,0.2406713115538408,166,0,0.3644935,0.2653765
E3,12,xgb,thap,mae,5.100043618978887,5.4736850742152106,5.902494585086582,0.8024509661076946,166,0,0.22706199999999999,0.206012
E3,12,xgb,thap,rmse,6.638188979792345,7.1502415227254215,7.582149618116549,0.9439606383242047,166,0,0.22706199999999999,0.206012
E3,12,xgb,thap,smape,11.347466310939764,12.713296775640003,13.955058647977427,2.607592337037664,166,0,0.22706199999999999,0.206012
E3,12,xgb,thap,mase,1.2469665461545614,1.3378539055560632,1.4668732107935931,0.21990666463903175,166,0,0.22706199999999999,0.206012
E3,12,xgb,thap,r2,0.3266945483526573,0.3931816407537917,0.4517872739444787,0.12509272559182139,166,0,0.22706199999999999,0.206012
E3,12,xgb,vua,mae,5.607577357340581,5.968315176711009,7.557574141177441,1.94999678383686,165,0,0.285999,0.233127
E3,12,xgb,vua,rmse,7.296773241558163,7.742999432262403,12.1500523607812,4.8532791192230365,165,0,0.285999,0.233127
E3,12,xgb,vua,smape,14.000209756109951,15.385959979634569,16.664523012491834,2.6643132563818828,165,0,0.285999,0.233127
E3,12,xgb,vua,mase,1.2391179599921864,1.3492575257450312,1.788407277157947,0.5492893171657605,165,0,0.285999,0.233127
E3,12,xgb,vua,r2,0.3481684383465729,0.4185535398297766,0.4756788270201122,0.1275103886735393,165,0,0.285999,0.233127
E3,12,xgb,cao,mae,5.87063410627914,6.764515912004487,9.664926841387325,3.7942927351081854,166,0,0.3644935,0.2653765
E3,12,xgb,cao,rmse,7.562192531558554,8.62536388510534,16.376015189058087,8.813822657499532,166,0,0.3644935,0.2653765
E3,12,xgb,cao,smape,17.605602226475607,20.04069991697534,22.206604895527065,4.601002669051457,166,0,0.3644935,0.2653765
E3,12,xgb,cao,mase,1.2685557629740876,1.5028006726900707,2.1502219098256683,0.8816661468515807,166,0,0.3644935,0.2653765
E3,12,xgb,cao,r2,0.2775513808006962,0.42915676064479813,0.4826903123674178,0.20513893156672158,166,0,0.3644935,0.2653765
E3,12,svr,thap,mae,5.351277882800719,5.664530894187402,6.099027631723985,0.7477497489232654,166,0,0.22706199999999999,0.206012
E3,12,svr,thap,rmse,6.87717988272802,7.254471680456075,7.84851816348573,0.9713382807577098,166,0,0.22706199999999999,0.206012
E3,12,svr,thap,smape,11.364423496557608,12.788990297861702,14.029798735638026,2.6653752390804186,166,0,0.22706199999999999,0.206012
E3,12,svr,thap,mase,1.289555499700423,1.3866249975319311,1.5458836443006985,0.2563281446002754,166,0,0.22706199999999999,0.206012
E3,12,svr,thap,r2,0.26783668620733164,0.36338922481054603,0.4224979639265938,0.15466127771926214,166,0,0.22706199999999999,0.206012
E3,12,svr,vua,mae,5.771200251643524,6.147549088078753,9.593441478147502,3.8222412265039782,165,0,0.285999,0.233127
E3,12,svr,vua,rmse,7.439741671814469,7.958311416127795,15.875938260835838,8.43619658902137,165,0,0.285999,0.233127
E3,12,svr,vua,smape,14.425499157684817,16.016443192508003,19.054595201491576,4.62909604380676,165,0,0.285999,0.233127
E3,12,svr,vua,mase,1.2852713649594518,1.385638842345654,2.231452014468541,0.9461806495090892,165,0,0.285999,0.233127
E3,12,svr,vua,r2,0.001224659000148,0.3557071867363964,0.4314717978963136,0.4302471388961656,165,0,0.285999,0.233127
E3,12,svr,cao,mae,6.2015908330640865,6.994125949379467,12.037844390210013,5.836253557145927,166,0,0.3644935,0.2653765
E3,12,svr,cao,rmse,7.987587865226148,8.911915768718268,20.512711947518795,12.525124082292647,166,0,0.3644935,0.2653765
E3,12,svr,cao,smape,19.496064206081755,22.403827031093797,26.66667469936126,7.170610493279504,166,0,0.3644935,0.2653765
E3,12,svr,cao,mase,1.3294999214860956,1.5488184257821576,3.144387900615227,1.8148879791291312,166,0,0.3644935,0.2653765
E3,12,svr,cao,r2,-0.04641986956581258,0.2519242070852949,0.41089141506256244,0.457311284628375,166,0,0.3644935,0.2653765
