nguon,dich,mode,lich,h,model,metric,p25,p50,p75,iqr,n_chuoi,n_loai,n_dong_test
E1,E2,N0,khong,1,lr,mae,0.201994908405325,0.5230375811112855,2.193699899850185,1.9917049914448604,302,0,104492
E1,E2,N0,khong,1,lr,rmse,0.3695628153481634,1.1222991274000482,5.162020942258182,4.792458126910018,302,0,104492
E1,E2,N0,khong,1,lr,smape,8.037779233129289,15.90748325636049,32.799859656804216,24.762080423674927,302,0,104492
E1,E2,N0,khong,1,lr,mase,1.098973486817168,1.3400335823294487,2.1666952981030976,1.0677218112859297,302,0,104492
E1,E2,N0,khong,1,lr,r2,-0.9387353967734836,-0.1334605338278197,0.6153239978330078,1.5540593946064916,302,0,104492
E1,E3,N0,khong,1,lr,mae,4.074309955970964,4.326101743696819,4.591185465446015,0.5168755094750503,497,1,171716
E1,E3,N0,khong,1,lr,rmse,5.409093740149156,5.774542021428652,6.13653420155483,0.7274404614056742,497,1,171716
E1,E3,N0,khong,1,lr,smape,9.28466260128779,10.782734538310576,12.675512854762056,3.390850253474266,497,1,171716
E1,E3,N0,khong,1,lr,mase,0.9329312509811756,0.9831617746728218,1.0390969562995347,0.1061657053183592,497,1,171716
E1,E3,N0,khong,1,lr,r2,0.633776834153098,0.6780392356173954,0.8476507997229903,0.2138739655698922,497,1,171716
E1,E2,N0,khong,1,ridge,mae,0.2019000410992155,0.5231552547245559,2.1941408055118257,1.99224076441261,302,0,104492
E1,E2,N0,khong,1,ridge,rmse,0.3695469222059831,1.1224232527646474,5.161693190403565,4.792146268197582,302,0,104492
E1,E2,N0,khong,1,ridge,smape,8.031713486674487,15.902933848771848,32.76477257050986,24.73305908383537,302,0,104492
E1,E2,N0,khong,1,ridge,mase,1.0992376412136706,1.3388935520140983,2.168129807558,1.068892166344329,302,0,104492
E1,E2,N0,khong,1,ridge,r2,-0.9422814139060464,-0.1339622787291685,0.615407060767659,1.5576884746737054,302,0,104492
E1,E3,N0,khong,1,ridge,mae,4.0740843848190185,4.325897616609904,4.591939874111306,0.5178554892922875,497,1,171716
E1,E3,N0,khong,1,ridge,rmse,5.408260289991319,5.774804723995231,6.135822534363912,0.7275622443725922,497,1,171716
E1,E3,N0,khong,1,ridge,smape,9.284100777573938,10.780561939368832,12.674244518787347,3.390143741213409,497,1,171716
E1,E3,N0,khong,1,ridge,mase,0.9328787236630918,0.9830899920347472,1.0391702904346536,0.1062915667715618,497,1,171716
E1,E3,N0,khong,1,ridge,r2,0.6338423680557344,0.6780974745286471,0.8477058192202069,0.2138634511644725,497,1,171716
E1,E2,N0,khong,1,ma6,mae,0.1538527043765483,0.4099831406551059,2.672728862739701,2.518876158363153,302,0,104492
E1,E2,N0,khong,1,ma6,rmse,0.2909994948619503,1.0725498450752826,6.942744540006254,6.651745045144304,302,0,104492
E1,E2,N0,khong,1,ma6,smape,5.641191225657653,12.64980019928802,27.62023059027881,21.979039364621155,302,0,104492
E1,E2,N0,khong,1,ma6,mase,0.7833682804904883,1.131888108743642,2.344000779279049,1.5606324987885607,302,0,104492
E1,E2,N0,khong,1,ma6,r2,-0.2019030212423998,-0.0653761582364315,0.351984499613185,0.5538875208555849,302,0,104492
E1,E2,N0,khong,1,naive,mae,0.1493514313239746,0.4140311037709882,1.5524841728598957,1.403132741535921,302,0,104492
E1,E2,N0,khong,1,naive,rmse,0.3539186649903049,1.1163320988389458,4.616851088334903,4.262932423344598,302,0,104492
E1,E2,N0,khong,1,naive,smape,5.133720752279617,10.84516067824362,19.90302285768643,14.769302105406814,302,0,104492
E1,E2,N0,khong,1,naive,mase,0.8403180781954053,1.0366111468479566,1.5005089953693287,0.6601909171739234,302,0,104492
E1,E2,N0,khong,1,naive,r2,-0.7968314539756255,-0.0710302374440685,0.628646891282471,1.4254783452580964,302,0,104492
E1,E2,N0,khong,1,seasonal,mae,0.2314349366914395,0.5996881881365262,3.6570247691454334,3.4255898324539946,302,0,104492
E1,E2,N0,khong,1,seasonal,rmse,0.4327348549244975,1.310730097897849,8.944734444010859,8.511999589086361,302,0,104492
E1,E2,N0,khong,1,seasonal,smape,9.607966616482017,18.94994804382252,46.64013501517019,37.03216839868817,302,0,104492
E1,E2,N0,khong,1,seasonal,mase,1.0312831008141004,1.736112451523507,3.617974395622676,2.586691294808576,302,0,104492
E1,E2,N0,khong,1,seasonal,r2,-1.4779786944172528,-0.8953840406387032,-0.2338242989170905,1.2441543955001624,302,0,104492
E1,E3,N0,khong,1,ma6,mae,4.749803650062228,5.06576629737134,5.343694565525287,0.5938909154630592,497,1,171716
E1,E3,N0,khong,1,ma6,rmse,6.347088849648669,6.772582280674524,7.410380823881188,1.063291974232519,497,1,171716
E1,E3,N0,khong,1,ma6,smape,10.945167820801773,12.56061533204126,14.442267785000892,3.497099964199121,497,1,171716
E1,E3,N0,khong,1,ma6,mase,1.0843291373453352,1.1560797778025578,1.2165569325330636,0.1322277951877284,497,1,171716
E1,E3,N0,khong,1,ma6,r2,0.5068256340909038,0.5646748217687418,0.7573496260358685,0.2505239919449648,497,1,171716
E1,E3,N0,khong,1,naive,mae,3.970035799527029,4.295534398772086,4.526510880294463,0.5564750807674339,497,1,171716
E1,E3,N0,khong,1,naive,rmse,5.417410410733828,5.763078529762594,6.113433583437809,0.6960231727039812,497,1,171716
E1,E3,N0,khong,1,naive,smape,9.139480528881624,10.731463976725072,12.387164482071196,3.247683953189572,497,1,171716
E1,E3,N0,khong,1,naive,mase,0.9126073134974731,0.9642806844147828,1.021691351324008,0.1090840378265348,497,1,171716
E1,E3,N0,khong,1,naive,r2,0.6282119314434735,0.6750786883674674,0.8600235834197678,0.2318116519762942,497,1,171716
E1,E3,N0,khong,1,seasonal,mae,6.691305085813738,7.352796566082352,11.315531460221834,4.624226374408096,497,1,171716
E1,E3,N0,khong,1,seasonal,rmse,8.557767920721663,9.506436876001723,17.868304950676293,9.31053702995463,497,1,171716
E1,E3,N0,khong,1,seasonal,smape,16.266229986073665,19.97106637064108,25.9689168640858,9.702686878012134,497,1,171716
E1,E3,N0,khong,1,seasonal,mase,1.5371925879826964,1.6722166388410462,2.6123318186736446,1.0751392306909482,497,1,171716
E1,E3,N0,khong,1,seasonal,r2,-0.3861096255917426,0.0318498289358574,0.2113555269759308,0.5974651525676735,497,1,171716
E1,E2,N0,khong,6,lr,mae,0.4580077075051053,0.7429011005465145,3.935484164992652,3.4774764574875463,302,0,102982
E1,E2,N0,khong,6,lr,rmse,0.5147223541382111,1.3355154058436471,9.031337145202803,8.516614791064594,302,0,102982
E1,E2,N0,khong,6,lr,smape,21.10233921215332,30.85974364154789,56.14970894709933,35.04736973494602,302,0,102982
E1,E2,N0,khong,6,lr,mase,1.9235542515697228,3.4854831960710086,4.919302138115018,2.995747886545296,302,0,102982
E1,E2,N0,khong,6,lr,r2,-2.505660191979425,-0.620946572843716,-0.0696318720129801,2.436028319966445,302,0,102982
E1,E3,N0,khong,6,lr,mae,5.218878741215206,5.654772190630483,6.342979445856959,1.1241007046417533,497,1,169209
E1,E3,N0,khong,6,lr,rmse,7.107199534644097,7.627894193023541,9.01604362411671,1.9088440894726133,497,1,169209
E1,E3,N0,khong,6,lr,smape,12.260799880327497,14.030948390432837,16.46857570544345,4.207775825115954,497,1,169209
E1,E3,N0,khong,6,lr,mase,1.2009182900176896,1.3116155291536742,1.4873161499146956,0.286397859897006,497,1,169209
E1,E3,N0,khong,6,lr,r2,0.3745105405769315,0.4578175897534826,0.585717533417197,0.2112069928402654,497,1,169209
E1,E2,N0,khong,6,ridge,mae,0.4580077258161186,0.7429011110619079,3.9354841409433554,3.477476415127237,302,0,102982
E1,E2,N0,khong,6,ridge,rmse,0.5147223659319049,1.3355153950112926,9.031337132712409,8.516614766780503,302,0,102982
E1,E2,N0,khong,6,ridge,smape,21.10234000228137,30.85974365554976,56.14971003670956,35.047370034428184,302,0,102982
E1,E2,N0,khong,6,ridge,mase,1.9235542170750763,3.485483390652652,4.919302075402604,2.995747858327528,302,0,102982
E1,E2,N0,khong,6,ridge,r2,-2.505660390575046,-0.6209464692331867,-0.0696318931678354,2.4360284974072104,302,0,102982
E1,E3,N0,khong,6,ridge,mae,5.2188787168280255,5.654772158321164,6.342979439237166,1.1241007224091408,497,1,169209
E1,E3,N0,khong,6,ridge,rmse,7.107199519922999,7.6278941326197565,9.016043598732049,1.9088440788090504,497,1,169209
E1,E3,N0,khong,6,ridge,smape,12.26079987853634,14.030948319506958,16.46857593127588,4.207776052739538,497,1,169209
E1,E3,N0,khong,6,ridge,mase,1.2009182831560774,1.31161552961783,1.4873161626637788,0.2863978795077013,497,1,169209
E1,E3,N0,khong,6,ridge,r2,0.3745105404585864,0.4578175956880995,0.5857175280972365,0.2112069876386501,497,1,169209
E1,E2,N0,khong,6,ma6,mae,0.1502286691802824,0.4466136014523111,3.516106921752083,3.3658782525718003,302,0,102982
E1,E2,N0,khong,6,ma6,rmse,0.2960420181378536,1.1030950260519925,9.174840444790604,8.87879842665275,302,0,102982
E1,E2,N0,khong,6,ma6,smape,5.942399536947526,14.136673558714117,32.393437994689435,26.45103845774191,302,0,102982
E1,E2,N0,khong,6,ma6,mase,0.7835085387753631,1.2940617002637738,2.840736542625937,2.057228003850573,302,0,102982
E1,E2,N0,khong,6,ma6,r2,-0.2241353708845661,-0.0815948382898481,0.0950688743062816,0.3192042451908476,302,0,102982
E1,E2,N0,khong,6,naive,mae,0.1703550481776288,0.4807987711213518,3.186587068845133,3.0162320206675046,302,0,102982
E1,E2,N0,khong,6,naive,rmse,0.3675436949653333,1.3919800593738558,9.145744634868167,8.778200939902835,302,0,102982
E1,E2,N0,khong,6,naive,smape,6.234226986774637,14.040678358325197,28.015010377143867,21.78078339036923,302,0,102982
E1,E2,N0,khong,6,naive,mase,0.9502681275515148,1.3738582862275623,2.7237365917698964,1.7734684642183816,302,0,102982
E1,E2,N0,khong,6,naive,r2,-1.0212537378616848,-0.7373032450367851,-0.0334340520905988,0.987819685771086,302,0,102982
E1,E2,N0,khong,6,seasonal,mae,0.2320817623236978,0.7206605222734255,4.266275659824046,4.034193897500349,302,0,102982
E1,E2,N0,khong,6,seasonal,rmse,0.4410830413901536,1.525229579180075,10.2744859620524,9.833402920662245,302,0,102982
E1,E2,N0,khong,6,seasonal,smape,9.544368978193638,20.04752737341606,46.86031143323049,37.31594245503685,302,0,102982
E1,E2,N0,khong,6,seasonal,mase,1.075772205841881,2.044025063269125,4.340616370864421,3.26484416502254,302,0,102982
E1,E2,N0,khong,6,seasonal,r2,-1.6419523214204783,-1.0069625022384356,-0.4791392648780159,1.1628130565424626,302,0,102982
E1,E3,N0,khong,6,ma6,mae,5.4812972212261855,5.908679851405509,6.384683759036873,0.9033865378106878,497,1,169209
E1,E3,N0,khong,6,ma6,rmse,7.26243755726358,7.851596735704417,9.204468858349063,1.9420313010854828,497,1,169209
E1,E3,N0,khong,6,ma6,smape,12.49783881924162,14.517608269728196,16.83996098122448,4.342122161982859,497,1,169209
E1,E3,N0,khong,6,ma6,mase,1.2526205994525772,1.3534966856096435,1.4627846208211637,0.2101640213685864,497,1,169209
E1,E3,N0,khong,6,ma6,r2,0.347081900291284,0.4289665463293419,0.568991822050126,0.2219099217588419,497,1,169209
E1,E3,N0,khong,6,naive,mae,6.09421915480338,6.508720663903487,6.882027785455243,0.7878086306518632,497,1,169209
E1,E3,N0,khong,6,naive,rmse,8.160487858478517,8.769037575571055,9.573329038042552,1.412841179564035,497,1,169209
E1,E3,N0,khong,6,naive,smape,13.934352049443111,15.942816991101257,18.34479586590525,4.410443816462138,497,1,169209
E1,E3,N0,khong,6,naive,mase,1.3815355835305874,1.4844202205694677,1.5774947438434206,0.1959591603128332,497,1,169209
E1,E3,N0,khong,6,naive,r2,0.1895962572334864,0.2855839298578277,0.5936796121223067,0.4040833548888203,497,1,169209
E1,E3,N0,khong,6,seasonal,mae,7.024329594225878,7.764345332953728,11.671995187269554,4.647665593043675,497,1,169209
E1,E3,N0,khong,6,seasonal,rmse,8.865107120010862,9.862350790804824,17.902632271175264,9.037525151164402,497,1,169209
E1,E3,N0,khong,6,seasonal,smape,16.902860686812616,21.089289288175564,27.11602446748972,10.213163780677103,497,1,169209
E1,E3,N0,khong,6,seasonal,mase,1.6260141826412449,1.747159670533888,2.778717298373658,1.1527031157324132,497,1,169209
E1,E3,N0,khong,6,seasonal,r2,-0.4029470328288373,-0.0176332393607621,0.1615029953915355,0.5644500282203729,497,1,169209
E1,E2,N0,khong,12,lr,mae,0.6927076940926342,1.0162294802006298,4.557318248306839,3.864610554214204,302,0,101170
E1,E2,N0,khong,12,lr,rmse,0.7420431442155566,1.502049096765245,9.591506763245658,8.8494636190301,302,0,101170
E1,E2,N0,khong,12,lr,smape,29.09093133588768,41.2225971499548,64.87867750725002,35.787746171362336,302,0,101170
E1,E2,N0,khong,12,lr,mase,2.5400608371727893,4.515527110959517,7.266393872955366,4.726333035782576,302,0,101170
E1,E2,N0,khong,12,lr,r2,-6.087027710672659,-0.946044068073244,-0.3375325749263586,5.749495135746301,302,0,101170
E1,E3,N0,khong,12,lr,mae,6.007550148401449,6.46225956554657,7.882129645557687,1.8745794971562384,497,1,166203
E1,E3,N0,khong,12,lr,rmse,8.115202869721568,8.646455134873404,11.156489766194325,3.041286896472755,497,1,166203
E1,E3,N0,khong,12,lr,smape,14.30081838378427,16.468572949833987,19.437015445371845,5.136197061587575,497,1,166203
E1,E3,N0,khong,12,lr,mase,1.379098729254132,1.4972127827746289,1.8798723690159216,0.5007736397617895,497,1,166203
E1,E3,N0,khong,12,lr,r2,0.207442308769038,0.2936666125615885,0.3828151486795478,0.1753728399105097,497,1,166203
E1,E2,N0,khong,12,ridge,mae,0.692707718618428,1.0162295036574218,4.557318210836819,3.864610492218391,302,0,101170
E1,E2,N0,khong,12,ridge,rmse,0.7420431707269799,1.5020490644107136,9.591506526913678,8.849463356186698,302,0,101170
E1,E2,N0,khong,12,ridge,smape,29.090932699289183,41.22259894647237,64.87867633803955,35.78774363875037,302,0,101170
E1,E2,N0,khong,12,ridge,mase,2.5400607804019777,4.515527124656074,7.266394169007212,4.726333388605234,302,0,101170
E1,E2,N0,khong,12,ridge,r2,-6.087028103078056,-0.9460437376042992,-0.3375325577330791,5.749495545344978,302,0,101170
E1,E3,N0,khong,12,ridge,mae,6.007550049422033,6.462259407381908,7.882129321103032,1.8745792716809992,497,1,166203
E1,E3,N0,khong,12,ridge,rmse,8.115202474461386,8.646454696637269,11.156489385084846,3.041286910623461,497,1,166203
E1,E3,N0,khong,12,ridge,smape,14.30081812420272,16.46857257059849,19.437014804593275,5.136196680390556,497,1,166203
E1,E3,N0,khong,12,ridge,mase,1.3790987282979548,1.497212780657242,1.8798723093609693,0.500773581063015,497,1,166203
E1,E3,N0,khong,12,ridge,r2,0.2074423379277745,0.2936666585420938,0.3828151598743634,0.1753728219465888,497,1,166203
E1,E2,N0,khong,12,ma6,mae,0.1651365197820421,0.4632921245421245,3.798718313195925,3.633581793413883,302,0,101170
E1,E2,N0,khong,12,ma6,rmse,0.2969308585650491,1.1148629896239068,10.037563421214678,9.740632562649628,302,0,101170
E1,E2,N0,khong,12,ma6,smape,6.497973271285784,15.344176068900492,38.22842538369924,31.730452112413456,302,0,101170
E1,E2,N0,khong,12,ma6,mase,0.841735849432535,1.368815529483027,3.197542629579294,2.355806780146759,302,0,101170
E1,E2,N0,khong,12,ma6,r2,-0.3587782642985221,-0.1876846201847666,-0.0491645369034824,0.3096137273950397,302,0,101170
E1,E2,N0,khong,12,naive,mae,0.1514153135421792,0.4649182658137881,3.6815778251599145,3.530162511617735,302,0,101170
E1,E2,N0,khong,12,naive,rmse,0.3570362657796322,1.3867216185280946,10.209596025791653,9.85255976001202,302,0,101170
E1,E2,N0,khong,12,naive,smape,5.216072626749324,12.704738274578316,31.943407258534613,26.72733463178529,302,0,101170
E1,E2,N0,khong,12,naive,mase,0.7595636446503289,1.4399804305765174,3.1728939575492205,2.413330312898892,302,0,101170
E1,E2,N0,khong,12,naive,r2,-0.951576306542724,-0.6168209223160894,-0.0684045728768881,0.8831717336658358,302,0,101170
E1,E2,N0,khong,12,seasonal,mae,0.2217700660657749,0.6644314143567873,4.32600302061123,4.104232954545455,302,0,101170
E1,E2,N0,khong,12,seasonal,rmse,0.4377587097856494,1.5367172080573206,10.061076827298129,9.62331811751248,302,0,101170
E1,E2,N0,khong,12,seasonal,smape,8.760920030443096,19.570210254956773,47.3985457716018,38.6376257411587,302,0,101170
E1,E2,N0,khong,12,seasonal,mase,0.9817993200377956,1.940666902752136,4.524870848324969,3.543071528287174,302,0,101170
E1,E2,N0,khong,12,seasonal,r2,-1.483669523618236,-0.94219188446899,-0.2670308259445879,1.216638697673648,302,0,101170
E1,E3,N0,khong,12,ma6,mae,6.314665400220645,6.821390907131799,7.635122457111312,1.3204570568906675,497,1,166203
E1,E3,N0,khong,12,ma6,rmse,8.203507676399992,8.87129606671091,11.03946087646361,2.835953200063617,497,1,166203
E1,E3,N0,khong,12,ma6,smape,14.523016442185408,16.714469928423885,19.803672480511192,5.280656038325786,497,1,166203
E1,E3,N0,khong,12,ma6,mase,1.4465546633389994,1.582640904237436,1.7707403359745515,0.3241856726355521,497,1,166203
E1,E3,N0,khong,12,ma6,r2,0.1730614207075862,0.2720472191994195,0.3889665263801701,0.2159051056725839,497,1,166203
E1,E3,N0,khong,12,naive,mae,6.511001105701592,7.027038242901766,7.636535104151676,1.1255339984500845,497,1,166203
E1,E3,N0,khong,12,naive,rmse,8.748969290108352,9.403386450492176,10.932976659384805,2.1840073692764506,497,1,166203
E1,E3,N0,khong,12,naive,smape,15.029792644330964,17.055551682784838,20.01504575704251,4.985253112711547,497,1,166203
E1,E3,N0,khong,12,naive,mase,1.497877857176389,1.6167033967689304,1.764409564970831,0.2665317077944416,497,1,166203
E1,E3,N0,khong,12,naive,r2,0.064003949057069,0.1776023727654847,0.3921428034341919,0.3281388543771228,497,1,166203
E1,E3,N0,khong,12,seasonal,mae,7.172804194680674,7.87776164648527,11.632942051562742,4.460137856882067,497,1,166203
E1,E3,N0,khong,12,seasonal,rmse,9.15607732005079,10.064433391868604,17.338436686600943,8.182359366550154,497,1,166203
E1,E3,N0,khong,12,seasonal,smape,17.192879837396887,21.036878180376657,26.80936783706668,9.616487999669786,497,1,166203
E1,E3,N0,khong,12,seasonal,mase,1.65220474992197,1.79600697260624,2.770897442805587,1.118692692883617,497,1,166203
E1,E3,N0,khong,12,seasonal,r2,-0.3934407423857853,-0.0896472004197239,0.0903453415842105,0.4837860839699959,497,1,166203
E1,E2,N1,khong,1,lr,mae,0.1504656433681935,0.4003573638784303,2.4961755073517047,2.3457098639835112,302,0,104492
E1,E2,N1,khong,1,lr,rmse,0.2987927598011658,1.015199795859372,4.894382169461963,4.595589409660797,302,0,104492
E1,E2,N1,khong,1,lr,smape,5.66353797982371,13.996332728617311,38.66244202138471,32.998904041561,302,0,104492
E1,E2,N1,khong,1,lr,mase,0.7711008923023437,1.0313222896252712,2.060761859892564,1.28966096759022,302,0,104492
E1,E2,N1,khong,1,lr,r2,-0.1252369384548468,0.1824838565675819,0.6155957186612342,0.740832657116081,302,0,104492
E1,E3,N1,khong,1,lr,mae,3.917279658846455,4.132510083844508,4.36444674805483,0.4471670892083748,497,1,171716
E1,E3,N1,khong,1,lr,rmse,5.164214697928939,5.469126823489451,5.955159518513636,0.7909448205846967,497,1,171716
E1,E3,N1,khong,1,lr,smape,8.840658403110782,10.226135307819078,12.003165908198502,3.1625075050877207,497,1,171716
E1,E3,N1,khong,1,lr,mase,0.8897691873041506,0.9378389141356346,0.9904351919610052,0.1006660046568546,497,1,171716
E1,E3,N1,khong,1,lr,r2,0.6749297930837885,0.7129134749083612,0.8509908632112337,0.1760610701274452,497,1,171716
E1,E2,N1,khong,1,ridge,mae,0.1504719380913023,0.4003595269474541,2.496265460123144,2.345793522031841,302,0,104492
E1,E2,N1,khong,1,ridge,rmse,0.2987846460155272,1.015181102384173,4.894192547285586,4.595407901270059,302,0,104492
E1,E2,N1,khong,1,ridge,smape,5.663459821535899,13.995888518433787,38.66271904952006,32.999259227984155,302,0,104492
E1,E2,N1,khong,1,ridge,mase,0.7712072000082538,1.031354339610969,2.0607326475527588,1.2895254475445048,302,0,104492
E1,E2,N1,khong,1,ridge,r2,-0.1252059585154996,0.1823082804696525,0.6155810986833271,0.7407870571988268,302,0,104492
E1,E3,N1,khong,1,ridge,mae,3.917433710454461,4.132263607367406,4.3643989038005895,0.4469651933461285,497,1,171716
E1,E3,N1,khong,1,ridge,rmse,5.164393617638576,5.469271894689539,5.95534734584637,0.7909537282077936,497,1,171716
E1,E3,N1,khong,1,ridge,smape,8.840794178038237,10.226193380753656,12.002869736463804,3.162075558425567,497,1,171716
E1,E3,N1,khong,1,ridge,mase,0.8897657029502413,0.9378459107475476,0.9903926633801386,0.1006269604298973,497,1,171716
E1,E3,N1,khong,1,ridge,r2,0.6749279048537848,0.7128882896252065,0.8509848912614044,0.1760569864076195,497,1,171716
E1,E2,N1,khong,1,ma6,mae,0.1538527043765483,0.4099831406551059,2.672728862739701,2.518876158363153,302,0,104492
E1,E2,N1,khong,1,ma6,rmse,0.2909994948619503,1.0725498450752826,6.942744540006254,6.651745045144304,302,0,104492
E1,E2,N1,khong,1,ma6,smape,5.641191225657653,12.64980019928802,27.62023059027881,21.979039364621155,302,0,104492
E1,E2,N1,khong,1,ma6,mase,0.7833682804904883,1.131888108743642,2.344000779279049,1.5606324987885607,302,0,104492
E1,E2,N1,khong,1,ma6,r2,-0.2019030212423998,-0.0653761582364315,0.351984499613185,0.5538875208555849,302,0,104492
E1,E2,N1,khong,1,naive,mae,0.1493514313239746,0.4140311037709882,1.5524841728598957,1.403132741535921,302,0,104492
E1,E2,N1,khong,1,naive,rmse,0.3539186649903049,1.1163320988389458,4.616851088334903,4.262932423344598,302,0,104492
E1,E2,N1,khong,1,naive,smape,5.133720752279617,10.84516067824362,19.90302285768643,14.769302105406814,302,0,104492
E1,E2,N1,khong,1,naive,mase,0.8403180781954053,1.0366111468479566,1.5005089953693287,0.6601909171739234,302,0,104492
E1,E2,N1,khong,1,naive,r2,-0.7968314539756255,-0.0710302374440685,0.628646891282471,1.4254783452580964,302,0,104492
E1,E2,N1,khong,1,seasonal,mae,0.2314349366914395,0.5996881881365262,3.6570247691454334,3.4255898324539946,302,0,104492
E1,E2,N1,khong,1,seasonal,rmse,0.4327348549244975,1.310730097897849,8.944734444010859,8.511999589086361,302,0,104492
E1,E2,N1,khong,1,seasonal,smape,9.607966616482017,18.94994804382252,46.64013501517019,37.03216839868817,302,0,104492
E1,E2,N1,khong,1,seasonal,mase,1.0312831008141004,1.736112451523507,3.617974395622676,2.586691294808576,302,0,104492
E1,E2,N1,khong,1,seasonal,r2,-1.4779786944172528,-0.8953840406387032,-0.2338242989170905,1.2441543955001624,302,0,104492
E1,E3,N1,khong,1,ma6,mae,4.749803650062228,5.06576629737134,5.343694565525287,0.5938909154630592,497,1,171716
E1,E3,N1,khong,1,ma6,rmse,6.347088849648669,6.772582280674524,7.410380823881188,1.063291974232519,497,1,171716
E1,E3,N1,khong,1,ma6,smape,10.945167820801773,12.56061533204126,14.442267785000892,3.497099964199121,497,1,171716
E1,E3,N1,khong,1,ma6,mase,1.0843291373453352,1.1560797778025578,1.2165569325330636,0.1322277951877284,497,1,171716
E1,E3,N1,khong,1,ma6,r2,0.5068256340909038,0.5646748217687418,0.7573496260358685,0.2505239919449648,497,1,171716
E1,E3,N1,khong,1,naive,mae,3.970035799527029,4.295534398772086,4.526510880294463,0.5564750807674339,497,1,171716
E1,E3,N1,khong,1,naive,rmse,5.417410410733828,5.763078529762594,6.113433583437809,0.6960231727039812,497,1,171716
E1,E3,N1,khong,1,naive,smape,9.139480528881624,10.731463976725072,12.387164482071196,3.247683953189572,497,1,171716
E1,E3,N1,khong,1,naive,mase,0.9126073134974731,0.9642806844147828,1.021691351324008,0.1090840378265348,497,1,171716
E1,E3,N1,khong,1,naive,r2,0.6282119314434735,0.6750786883674674,0.8600235834197678,0.2318116519762942,497,1,171716
E1,E3,N1,khong,1,seasonal,mae,6.691305085813738,7.352796566082352,11.315531460221834,4.624226374408096,497,1,171716
E1,E3,N1,khong,1,seasonal,rmse,8.557767920721663,9.506436876001723,17.868304950676293,9.31053702995463,497,1,171716
E1,E3,N1,khong,1,seasonal,smape,16.266229986073665,19.97106637064108,25.9689168640858,9.702686878012134,497,1,171716
E1,E3,N1,khong,1,seasonal,mase,1.5371925879826964,1.6722166388410462,2.6123318186736446,1.0751392306909482,497,1,171716
E1,E3,N1,khong,1,seasonal,r2,-0.3861096255917426,0.0318498289358574,0.2113555269759308,0.5974651525676735,497,1,171716
E1,E2,N1,khong,6,lr,mae,0.158836536850972,0.4847912113825982,4.312929067235292,4.15409253038432,302,0,102982
E1,E2,N1,khong,6,lr,rmse,0.3048675908289531,1.088566808556499,8.73602554224934,8.431157951420387,302,0,102982
E1,E2,N1,khong,6,lr,smape,6.7001352769444456,16.422516207106135,57.91900912912574,51.2188738521813,302,0,102982
E1,E2,N1,khong,6,lr,mase,0.8488324290789322,1.3099166502993054,3.171872587166844,2.3230401580879114,302,0,102982
E1,E2,N1,khong,6,lr,r2,-0.128427685147693,-0.041441045521202,0.2099313396145511,0.3383590247622442,302,0,102982
E1,E3,N1,khong,6,lr,mae,5.170438411580501,5.561623833928954,6.446197654702281,1.2757592431217797,497,1,169209
E1,E3,N1,khong,6,lr,rmse,6.924425932082145,7.444636627288392,9.120688343745382,2.1962624116632368,497,1,169209
E1,E3,N1,khong,6,lr,smape,12.111391564810525,14.0255953150124,16.25126337246781,4.139871807657288,497,1,169209
E1,E3,N1,khong,6,lr,mase,1.1766461836725142,1.2797870116578831,1.4729059469653276,0.2962597632928134,497,1,169209
E1,E3,N1,khong,6,lr,r2,0.4142034603115172,0.4862270581027574,0.6036358491333541,0.1894323888218368,497,1,169209
E1,E2,N1,khong,6,ridge,mae,0.1588365402638327,0.484791188646009,4.312929074640994,4.1540925343771615,302,0,102982
E1,E2,N1,khong,6,ridge,rmse,0.3048675924027074,1.0885667927802354,8.736025057996834,8.431157465594126,302,0,102982
E1,E2,N1,khong,6,ridge,smape,6.7001352130338905,16.422516266326596,57.91900943510062,51.21887422206673,302,0,102982
E1,E2,N1,khong,6,ridge,mase,0.8488324093972087,1.309916721677892,3.1718724830917253,2.3230400736945165,302,0,102982
E1,E2,N1,khong,6,ridge,r2,-0.1284277125982965,-0.041440966558377,0.2099314107692186,0.3383591233675151,302,0,102982
E1,E3,N1,khong,6,ridge,mae,5.1704380004597,5.5616235402973455,6.446197531767954,1.275759531308254,497,1,169209
E1,E3,N1,khong,6,ridge,rmse,6.924425738145517,7.444636465921561,9.12068809599613,2.196262357850612,497,1,169209
E1,E3,N1,khong,6,ridge,smape,12.111391370756069,14.025595100855288,16.251262778700955,4.139871407944886,497,1,169209
E1,E3,N1,khong,6,ridge,mase,1.176646147304549,1.2797870073023494,1.4729059256702923,0.2962597783657434,497,1,169209
E1,E3,N1,khong,6,ridge,r2,0.4142034968744174,0.4862270829009589,0.603635870873952,0.1894323739995346,497,1,169209
E1,E2,N1,khong,6,ma6,mae,0.1502286691802824,0.4466136014523111,3.516106921752083,3.3658782525718003,302,0,102982
E1,E2,N1,khong,6,ma6,rmse,0.2960420181378536,1.1030950260519925,9.174840444790604,8.87879842665275,302,0,102982
E1,E2,N1,khong,6,ma6,smape,5.942399536947526,14.136673558714117,32.393437994689435,26.45103845774191,302,0,102982
E1,E2,N1,khong,6,ma6,mase,0.7835085387753631,1.2940617002637738,2.840736542625937,2.057228003850573,302,0,102982
E1,E2,N1,khong,6,ma6,r2,-0.2241353708845661,-0.0815948382898481,0.0950688743062816,0.3192042451908476,302,0,102982
E1,E2,N1,khong,6,naive,mae,0.1703550481776288,0.4807987711213518,3.186587068845133,3.0162320206675046,302,0,102982
E1,E2,N1,khong,6,naive,rmse,0.3675436949653333,1.3919800593738558,9.145744634868167,8.778200939902835,302,0,102982
E1,E2,N1,khong,6,naive,smape,6.234226986774637,14.040678358325197,28.015010377143867,21.78078339036923,302,0,102982
E1,E2,N1,khong,6,naive,mase,0.9502681275515148,1.3738582862275623,2.7237365917698964,1.7734684642183816,302,0,102982
E1,E2,N1,khong,6,naive,r2,-1.0212537378616848,-0.7373032450367851,-0.0334340520905988,0.987819685771086,302,0,102982
E1,E2,N1,khong,6,seasonal,mae,0.2320817623236978,0.7206605222734255,4.266275659824046,4.034193897500349,302,0,102982
E1,E2,N1,khong,6,seasonal,rmse,0.4410830413901536,1.525229579180075,10.2744859620524,9.833402920662245,302,0,102982
E1,E2,N1,khong,6,seasonal,smape,9.544368978193638,20.04752737341606,46.86031143323049,37.31594245503685,302,0,102982
E1,E2,N1,khong,6,seasonal,mase,1.075772205841881,2.044025063269125,4.340616370864421,3.26484416502254,302,0,102982
E1,E2,N1,khong,6,seasonal,r2,-1.6419523214204783,-1.0069625022384356,-0.4791392648780159,1.1628130565424626,302,0,102982
E1,E3,N1,khong,6,ma6,mae,5.4812972212261855,5.908679851405509,6.384683759036873,0.9033865378106878,497,1,169209
E1,E3,N1,khong,6,ma6,rmse,7.26243755726358,7.851596735704417,9.204468858349063,1.9420313010854828,497,1,169209
E1,E3,N1,khong,6,ma6,smape,12.49783881924162,14.517608269728196,16.83996098122448,4.342122161982859,497,1,169209
E1,E3,N1,khong,6,ma6,mase,1.2526205994525772,1.3534966856096435,1.4627846208211637,0.2101640213685864,497,1,169209
E1,E3,N1,khong,6,ma6,r2,0.347081900291284,0.4289665463293419,0.568991822050126,0.2219099217588419,497,1,169209
E1,E3,N1,khong,6,naive,mae,6.09421915480338,6.508720663903487,6.882027785455243,0.7878086306518632,497,1,169209
E1,E3,N1,khong,6,naive,rmse,8.160487858478517,8.769037575571055,9.573329038042552,1.412841179564035,497,1,169209
E1,E3,N1,khong,6,naive,smape,13.934352049443111,15.942816991101257,18.34479586590525,4.410443816462138,497,1,169209
E1,E3,N1,khong,6,naive,mase,1.3815355835305874,1.4844202205694677,1.5774947438434206,0.1959591603128332,497,1,169209
E1,E3,N1,khong,6,naive,r2,0.1895962572334864,0.2855839298578277,0.5936796121223067,0.4040833548888203,497,1,169209
E1,E3,N1,khong,6,seasonal,mae,7.024329594225878,7.764345332953728,11.671995187269554,4.647665593043675,497,1,169209
E1,E3,N1,khong,6,seasonal,rmse,8.865107120010862,9.862350790804824,17.902632271175264,9.037525151164402,497,1,169209
E1,E3,N1,khong,6,seasonal,smape,16.902860686812616,21.089289288175564,27.11602446748972,10.213163780677103,497,1,169209
E1,E3,N1,khong,6,seasonal,mase,1.6260141826412449,1.747159670533888,2.778717298373658,1.1527031157324132,497,1,169209
E1,E3,N1,khong,6,seasonal,r2,-0.4029470328288373,-0.0176332393607621,0.1615029953915355,0.5644500282203729,497,1,169209
E1,E2,N1,khong,12,lr,mae,0.1636664840186941,0.4911272984632334,4.899233853380933,4.735567369362238,302,0,101170
E1,E2,N1,khong,12,lr,rmse,0.301774773811559,1.1110690685152536,9.402449953254123,9.100675179442566,302,0,101170
E1,E2,N1,khong,12,lr,smape,7.333823156764787,15.611041462471974,61.07548756677188,53.7416644100071,302,0,101170
E1,E2,N1,khong,12,lr,mase,0.8292997098946198,1.3989624231553046,3.444985471848519,2.615685761953899,302,0,101170
E1,E2,N1,khong,12,lr,r2,-0.1848325234624548,-0.0620700871575401,0.1466648540309233,0.3314973774933782,302,0,101170
E1,E3,N1,khong,12,lr,mae,5.768515987199619,6.235689002450884,7.73964527682404,1.9711292896244208,497,1,166203
E1,E3,N1,khong,12,lr,rmse,7.647283912553607,8.238662238811752,10.908810240561245,3.261526328007638,497,1,166203
E1,E3,N1,khong,12,lr,smape,13.586166736492444,15.916850445731235,18.96889370384976,5.382726967357318,497,1,166203
E1,E3,N1,khong,12,lr,mase,1.3145851741498182,1.4318969943667132,1.8327819896361348,0.5181968154863166,497,1,166203
E1,E3,N1,khong,12,lr,r2,0.2920500665252147,0.3669711069642046,0.4223583879940902,0.1303083214688755,497,1,166203
E1,E2,N1,khong,12,ridge,mae,0.1636664833317325,0.4911272992552683,4.899233772024568,4.735567288692835,302,0,101170
E1,E2,N1,khong,12,ridge,rmse,0.3017747732094495,1.1110690629071025,9.402449769228062,9.100674996018611,302,0,101170
E1,E2,N1,khong,12,ridge,smape,7.333823110514649,15.61104161123853,61.075486910690735,53.74166380017608,302,0,101170
E1,E2,N1,khong,12,ridge,mase,0.8292997319386102,1.398962434195646,3.444985378566398,2.6156856466277887,302,0,101170
E1,E2,N1,khong,12,ridge,r2,-0.1848325181376267,-0.0620700869534929,0.1466648539908905,0.3314973721285172,302,0,101170
E1,E3,N1,khong,12,ridge,mae,5.768515961272176,6.235688941381411,7.739645268292303,1.971129307020127,497,1,166203
E1,E3,N1,khong,12,ridge,rmse,7.647283952231898,8.238662276562408,10.908810242325435,3.2615262900935376,497,1,166203
E1,E3,N1,khong,12,ridge,smape,13.586166679151034,15.916850479599514,18.96889358999011,5.382726910839075,497,1,166203
E1,E3,N1,khong,12,ridge,mase,1.3145851680920806,1.431896999301122,1.832781986576347,0.5181968184842665,497,1,166203
E1,E3,N1,khong,12,ridge,r2,0.292050068507021,0.3669711060023827,0.422358383471094,0.130308314964073,497,1,166203
E1,E2,N1,khong,12,ma6,mae,0.1651365197820421,0.4632921245421245,3.798718313195925,3.633581793413883,302,0,101170
E1,E2,N1,khong,12,ma6,rmse,0.2969308585650491,1.1148629896239068,10.037563421214678,9.740632562649628,302,0,101170
E1,E2,N1,khong,12,ma6,smape,6.497973271285784,15.344176068900492,38.22842538369924,31.730452112413456,302,0,101170
E1,E2,N1,khong,12,ma6,mase,0.841735849432535,1.368815529483027,3.197542629579294,2.355806780146759,302,0,101170
E1,E2,N1,khong,12,ma6,r2,-0.3587782642985221,-0.1876846201847666,-0.0491645369034824,0.3096137273950397,302,0,101170
E1,E2,N1,khong,12,naive,mae,0.1514153135421792,0.4649182658137881,3.6815778251599145,3.530162511617735,302,0,101170
E1,E2,N1,khong,12,naive,rmse,0.3570362657796322,1.3867216185280946,10.209596025791653,9.85255976001202,302,0,101170
E1,E2,N1,khong,12,naive,smape,5.216072626749324,12.704738274578316,31.943407258534613,26.72733463178529,302,0,101170
E1,E2,N1,khong,12,naive,mase,0.7595636446503289,1.4399804305765174,3.1728939575492205,2.413330312898892,302,0,101170
E1,E2,N1,khong,12,naive,r2,-0.951576306542724,-0.6168209223160894,-0.0684045728768881,0.8831717336658358,302,0,101170
E1,E2,N1,khong,12,seasonal,mae,0.2217700660657749,0.6644314143567873,4.32600302061123,4.104232954545455,302,0,101170
E1,E2,N1,khong,12,seasonal,rmse,0.4377587097856494,1.5367172080573206,10.061076827298129,9.62331811751248,302,0,101170
E1,E2,N1,khong,12,seasonal,smape,8.760920030443096,19.570210254956773,47.3985457716018,38.6376257411587,302,0,101170
E1,E2,N1,khong,12,seasonal,mase,0.9817993200377956,1.940666902752136,4.524870848324969,3.543071528287174,302,0,101170
E1,E2,N1,khong,12,seasonal,r2,-1.483669523618236,-0.94219188446899,-0.2670308259445879,1.216638697673648,302,0,101170
E1,E3,N1,khong,12,ma6,mae,6.314665400220645,6.821390907131799,7.635122457111312,1.3204570568906675,497,1,166203
E1,E3,N1,khong,12,ma6,rmse,8.203507676399992,8.87129606671091,11.03946087646361,2.835953200063617,497,1,166203
E1,E3,N1,khong,12,ma6,smape,14.523016442185408,16.714469928423885,19.803672480511192,5.280656038325786,497,1,166203
E1,E3,N1,khong,12,ma6,mase,1.4465546633389994,1.582640904237436,1.7707403359745515,0.3241856726355521,497,1,166203
E1,E3,N1,khong,12,ma6,r2,0.1730614207075862,0.2720472191994195,0.3889665263801701,0.2159051056725839,497,1,166203
E1,E3,N1,khong,12,naive,mae,6.511001105701592,7.027038242901766,7.636535104151676,1.1255339984500845,497,1,166203
E1,E3,N1,khong,12,naive,rmse,8.748969290108352,9.403386450492176,10.932976659384805,2.1840073692764506,497,1,166203
E1,E3,N1,khong,12,naive,smape,15.029792644330964,17.055551682784838,20.01504575704251,4.985253112711547,497,1,166203
E1,E3,N1,khong,12,naive,mase,1.497877857176389,1.6167033967689304,1.764409564970831,0.2665317077944416,497,1,166203
E1,E3,N1,khong,12,naive,r2,0.064003949057069,0.1776023727654847,0.3921428034341919,0.3281388543771228,497,1,166203
E1,E3,N1,khong,12,seasonal,mae,7.172804194680674,7.87776164648527,11.632942051562742,4.460137856882067,497,1,166203
E1,E3,N1,khong,12,seasonal,rmse,9.15607732005079,10.064433391868604,17.338436686600943,8.182359366550154,497,1,166203
E1,E3,N1,khong,12,seasonal,smape,17.192879837396887,21.036878180376657,26.80936783706668,9.616487999669786,497,1,166203
E1,E3,N1,khong,12,seasonal,mase,1.65220474992197,1.79600697260624,2.770897442805587,1.118692692883617,497,1,166203
E1,E3,N1,khong,12,seasonal,r2,-0.3934407423857853,-0.0896472004197239,0.0903453415842105,0.4837860839699959,497,1,166203
E1,E2,N2,khong,1,lr,mae,0.1799455723093574,0.4867720356086997,1.951547156362452,1.7716015840530943,302,0,104492
E1,E2,N2,khong,1,lr,rmse,0.3661324366487247,1.1246401304094866,5.034124338300481,4.667991901651757,302,0,104492
E1,E2,N2,khong,1,lr,smape,6.92016684358916,15.649239421838944,33.07046988742626,26.150303043837106,302,0,104492
E1,E2,N2,khong,1,lr,mase,0.996679869851613,1.1951932981433948,1.892110397794231,0.895430527942618,302,0,104492
E1,E2,N2,khong,1,lr,r2,-0.886672802821007,-0.0756873665773735,0.6363884089131217,1.523061211734129,302,0,104492
E1,E3,N2,khong,1,lr,mae,4.043209678065795,4.363493993187956,4.616034450762834,0.5728247726970395,497,1,171711
E1,E3,N2,khong,1,lr,rmse,5.408325945148691,5.766976197646321,6.142802417624217,0.7344764724755253,497,1,171711
E1,E3,N2,khong,1,lr,smape,9.261563852063244,10.86295974169135,12.689085848025586,3.4275219959623424,497,1,171711
E1,E3,N2,khong,1,lr,mase,0.9332634264909228,0.9843624432296572,1.0461588418339045,0.1128954153429816,497,1,171711
E1,E3,N2,khong,1,lr,r2,0.6316748354759412,0.67606584558243,0.8499035866191905,0.2182287511432493,497,1,171711
E1,E2,N2,khong,1,ridge,mae,0.1799305165195439,0.486770151161575,1.9513085928271665,1.7713780763076223,302,0,104492
E1,E2,N2,khong,1,ridge,rmse,0.3661211050608554,1.12435829641066,5.034095779403298,4.667974674342442,302,0,104492
E1,E2,N2,khong,1,ridge,smape,6.919988936809204,15.6487512008296,33.065376496399125,26.14538755958992,302,0,104492
E1,E2,N2,khong,1,ridge,mase,0.9966075798986822,1.1951648431170367,1.892040669845008,0.8954330899463252,302,0,104492
E1,E2,N2,khong,1,ridge,r2,-0.8865513043303255,-0.0753354750309921,0.6364771795274843,1.52302848385781,302,0,104492
E1,E3,N2,khong,1,ridge,mae,4.043103494979463,4.363518227744664,4.6160137057075605,0.5729102107280974,497,1,171711
E1,E3,N2,khong,1,ridge,rmse,5.408224739650346,5.7668598827780215,6.142747748704417,0.7345230090540706,497,1,171711
E1,E3,N2,khong,1,ridge,smape,9.261498637369217,10.862901360119734,12.689014690772554,3.427516053403337,497,1,171711
E1,E3,N2,khong,1,ridge,mase,0.9332429795407018,0.9843573675410244,1.0461605008403752,0.1129175212996733,497,1,171711
E1,E3,N2,khong,1,ridge,r2,0.6316785115634852,0.6760854826296006,0.8499077287569801,0.2182292171934948,497,1,171711
E1,E2,N2,khong,1,ma6,mae,0.1538527043765483,0.4099831406551059,2.672728862739701,2.518876158363153,302,0,104492
E1,E2,N2,khong,1,ma6,rmse,0.2909994948619503,1.0725498450752826,6.942744540006254,6.651745045144304,302,0,104492
E1,E2,N2,khong,1,ma6,smape,5.641191225657653,12.64980019928802,27.62023059027881,21.979039364621155,302,0,104492
E1,E2,N2,khong,1,ma6,mase,0.7833682804904883,1.131888108743642,2.344000779279049,1.5606324987885607,302,0,104492
E1,E2,N2,khong,1,ma6,r2,-0.2019030212423998,-0.0653761582364315,0.351984499613185,0.5538875208555849,302,0,104492
E1,E2,N2,khong,1,naive,mae,0.1493514313239746,0.4140311037709882,1.5524841728598957,1.403132741535921,302,0,104492
E1,E2,N2,khong,1,naive,rmse,0.3539186649903049,1.1163320988389458,4.616851088334903,4.262932423344598,302,0,104492
E1,E2,N2,khong,1,naive,smape,5.133720752279617,10.84516067824362,19.90302285768643,14.769302105406814,302,0,104492
E1,E2,N2,khong,1,naive,mase,0.8403180781954053,1.0366111468479566,1.5005089953693287,0.6601909171739234,302,0,104492
E1,E2,N2,khong,1,naive,r2,-0.7968314539756255,-0.0710302374440685,0.628646891282471,1.4254783452580964,302,0,104492
E1,E2,N2,khong,1,seasonal,mae,0.2314349366914395,0.5996881881365262,3.6570247691454334,3.4255898324539946,302,0,104492
E1,E2,N2,khong,1,seasonal,rmse,0.4327348549244975,1.310730097897849,8.944734444010859,8.511999589086361,302,0,104492
E1,E2,N2,khong,1,seasonal,smape,9.607966616482017,18.94994804382252,46.64013501517019,37.03216839868817,302,0,104492
E1,E2,N2,khong,1,seasonal,mase,1.0312831008141004,1.736112451523507,3.617974395622676,2.586691294808576,302,0,104492
E1,E2,N2,khong,1,seasonal,r2,-1.4779786944172528,-0.8953840406387032,-0.2338242989170905,1.2441543955001624,302,0,104492
E1,E3,N2,khong,1,ma6,mae,4.749803650062228,5.06576629737134,5.343694565525287,0.5938909154630592,497,1,171716
E1,E3,N2,khong,1,ma6,rmse,6.347088849648669,6.772582280674524,7.410380823881188,1.063291974232519,497,1,171716
E1,E3,N2,khong,1,ma6,smape,10.945167820801773,12.56061533204126,14.442267785000892,3.497099964199121,497,1,171716
E1,E3,N2,khong,1,ma6,mase,1.0843291373453352,1.1560797778025578,1.2165569325330636,0.1322277951877284,497,1,171716
E1,E3,N2,khong,1,ma6,r2,0.5068256340909038,0.5646748217687418,0.7573496260358685,0.2505239919449648,497,1,171716
E1,E3,N2,khong,1,naive,mae,3.970035799527029,4.295534398772086,4.526510880294463,0.5564750807674339,497,1,171716
E1,E3,N2,khong,1,naive,rmse,5.417410410733828,5.763078529762594,6.113433583437809,0.6960231727039812,497,1,171716
E1,E3,N2,khong,1,naive,smape,9.139480528881624,10.731463976725072,12.387164482071196,3.247683953189572,497,1,171716
E1,E3,N2,khong,1,naive,mase,0.9126073134974731,0.9642806844147828,1.021691351324008,0.1090840378265348,497,1,171716
E1,E3,N2,khong,1,naive,r2,0.6282119314434735,0.6750786883674674,0.8600235834197678,0.2318116519762942,497,1,171716
E1,E3,N2,khong,1,seasonal,mae,6.691305085813738,7.352796566082352,11.315531460221834,4.624226374408096,497,1,171716
E1,E3,N2,khong,1,seasonal,rmse,8.557767920721663,9.506436876001723,17.868304950676293,9.31053702995463,497,1,171716
E1,E3,N2,khong,1,seasonal,smape,16.266229986073665,19.97106637064108,25.9689168640858,9.702686878012134,497,1,171716
E1,E3,N2,khong,1,seasonal,mase,1.5371925879826964,1.6722166388410462,2.6123318186736446,1.0751392306909482,497,1,171716
E1,E3,N2,khong,1,seasonal,r2,-0.3861096255917426,0.0318498289358574,0.2113555269759308,0.5974651525676735,497,1,171716
E1,E2,N2,khong,6,lr,mae,0.1868848899084143,0.5142277320435589,3.370475315835456,3.183590425927042,302,0,102982
E1,E2,N2,khong,6,lr,rmse,0.3801314648998399,1.4369189282908368,9.33977756223705,8.95964609733721,302,0,102982
E1,E2,N2,khong,6,lr,smape,6.658586742224148,16.066008299316948,37.11502251113546,30.45643576891131,302,0,102982
E1,E2,N2,khong,6,lr,mase,1.0013726447873403,1.4381083602556606,2.9313328095849083,1.929960164797568,302,0,102982
E1,E2,N2,khong,6,lr,r2,-1.1442180949563154,-0.8440303808637527,-0.091691611162043,1.0525264837942725,302,0,102982
E1,E3,N2,khong,6,lr,mae,6.235645651427986,6.664017195914536,7.059359592116661,0.8237139406886751,497,1,169203
E1,E3,N2,khong,6,lr,rmse,8.359360945810264,8.938982999674986,9.785741799409806,1.4263808535995413,497,1,169203
E1,E3,N2,khong,6,lr,smape,14.286900894389865,16.329532495996162,18.807772485785968,4.520871591396103,497,1,169203
E1,E3,N2,khong,6,lr,mase,1.417206178821483,1.5199194719328974,1.6130432232907992,0.1958370444693162,497,1,169203
E1,E3,N2,khong,6,lr,r2,0.1496616341542891,0.247900466885753,0.5821177534071226,0.4324561192528334,497,1,169203
E1,E2,N2,khong,6,ridge,mae,0.1868848883778833,0.5142277294850621,3.370475315041133,3.18359042666325,302,0,102982
E1,E2,N2,khong,6,ridge,rmse,0.3801314640912073,1.4369189260306747,9.339777559433788,8.959646095342581,302,0,102982
E1,E2,N2,khong,6,ridge,smape,6.658586718649619,16.06600791882938,37.11502204331138,30.456435324661765,302,0,102982
E1,E2,N2,khong,6,ridge,mase,1.0013726356372017,1.4381083602837386,2.9313328020399667,1.929960166402765,302,0,102982
E1,E2,N2,khong,6,ridge,r2,-1.1442180875028138,-0.8440303802128996,-0.0916916083844653,1.0525264791183484,302,0,102982
E1,E3,N2,khong,6,ridge,mae,6.235645655477395,6.664017201143183,7.059359588833239,0.8237139333558439,497,1,169203
E1,E3,N2,khong,6,ridge,rmse,8.359360951874066,8.938982999049758,9.785741802177014,1.426380850302948,497,1,169203
E1,E3,N2,khong,6,ridge,smape,14.286900906266927,16.329532521846183,18.807772548560383,4.520871642293455,497,1,169203
E1,E3,N2,khong,6,ridge,mase,1.4172061778735618,1.5199194717299291,1.613043221770741,0.1958370438971792,497,1,169203
E1,E3,N2,khong,6,ridge,r2,0.1496616323615869,0.2479004676511683,0.5821177538068724,0.4324561214452854,497,1,169203
E1,E2,N2,khong,6,ma6,mae,0.1502286691802824,0.4466136014523111,3.516106921752083,3.3658782525718003,302,0,102982
E1,E2,N2,khong,6,ma6,rmse,0.2960420181378536,1.1030950260519925,9.174840444790604,8.87879842665275,302,0,102982
E1,E2,N2,khong,6,ma6,smape,5.942399536947526,14.136673558714117,32.393437994689435,26.45103845774191,302,0,102982
E1,E2,N2,khong,6,ma6,mase,0.7835085387753631,1.2940617002637738,2.840736542625937,2.057228003850573,302,0,102982
E1,E2,N2,khong,6,ma6,r2,-0.2241353708845661,-0.0815948382898481,0.0950688743062816,0.3192042451908476,302,0,102982
E1,E2,N2,khong,6,naive,mae,0.1703550481776288,0.4807987711213518,3.186587068845133,3.0162320206675046,302,0,102982
E1,E2,N2,khong,6,naive,rmse,0.3675436949653333,1.3919800593738558,9.145744634868167,8.778200939902835,302,0,102982
E1,E2,N2,khong,6,naive,smape,6.234226986774637,14.040678358325197,28.015010377143867,21.78078339036923,302,0,102982
E1,E2,N2,khong,6,naive,mase,0.9502681275515148,1.3738582862275623,2.7237365917698964,1.7734684642183816,302,0,102982
E1,E2,N2,khong,6,naive,r2,-1.0212537378616848,-0.7373032450367851,-0.0334340520905988,0.987819685771086,302,0,102982
E1,E2,N2,khong,6,seasonal,mae,0.2320817623236978,0.7206605222734255,4.266275659824046,4.034193897500349,302,0,102982
E1,E2,N2,khong,6,seasonal,rmse,0.4410830413901536,1.525229579180075,10.2744859620524,9.833402920662245,302,0,102982
E1,E2,N2,khong,6,seasonal,smape,9.544368978193638,20.04752737341606,46.86031143323049,37.31594245503685,302,0,102982
E1,E2,N2,khong,6,seasonal,mase,1.075772205841881,2.044025063269125,4.340616370864421,3.26484416502254,302,0,102982
E1,E2,N2,khong,6,seasonal,r2,-1.6419523214204783,-1.0069625022384356,-0.4791392648780159,1.1628130565424626,302,0,102982
E1,E3,N2,khong,6,ma6,mae,5.4812972212261855,5.908679851405509,6.384683759036873,0.9033865378106878,497,1,169209
E1,E3,N2,khong,6,ma6,rmse,7.26243755726358,7.851596735704417,9.204468858349063,1.9420313010854828,497,1,169209
E1,E3,N2,khong,6,ma6,smape,12.49783881924162,14.517608269728196,16.83996098122448,4.342122161982859,497,1,169209
E1,E3,N2,khong,6,ma6,mase,1.2526205994525772,1.3534966856096435,1.4627846208211637,0.2101640213685864,497,1,169209
E1,E3,N2,khong,6,ma6,r2,0.347081900291284,0.4289665463293419,0.568991822050126,0.2219099217588419,497,1,169209
E1,E3,N2,khong,6,naive,mae,6.09421915480338,6.508720663903487,6.882027785455243,0.7878086306518632,497,1,169209
E1,E3,N2,khong,6,naive,rmse,8.160487858478517,8.769037575571055,9.573329038042552,1.412841179564035,497,1,169209
E1,E3,N2,khong,6,naive,smape,13.934352049443111,15.942816991101257,18.34479586590525,4.410443816462138,497,1,169209
E1,E3,N2,khong,6,naive,mase,1.3815355835305874,1.4844202205694677,1.5774947438434206,0.1959591603128332,497,1,169209
E1,E3,N2,khong,6,naive,r2,0.1895962572334864,0.2855839298578277,0.5936796121223067,0.4040833548888203,497,1,169209
E1,E3,N2,khong,6,seasonal,mae,7.024329594225878,7.764345332953728,11.671995187269554,4.647665593043675,497,1,169209
E1,E3,N2,khong,6,seasonal,rmse,8.865107120010862,9.862350790804824,17.902632271175264,9.037525151164402,497,1,169209
E1,E3,N2,khong,6,seasonal,smape,16.902860686812616,21.089289288175564,27.11602446748972,10.213163780677103,497,1,169209
E1,E3,N2,khong,6,seasonal,mase,1.6260141826412449,1.747159670533888,2.778717298373658,1.1527031157324132,497,1,169209
E1,E3,N2,khong,6,seasonal,r2,-0.4029470328288373,-0.0176332393607621,0.1615029953915355,0.5644500282203729,497,1,169209
E1,E2,N2,khong,12,lr,mae,0.1586826407745867,0.4836930916953677,3.725666835669087,3.5669841948945,302,0,101170
E1,E2,N2,khong,12,lr,rmse,0.35988202779659,1.4097872061290415,10.179266707943464,9.819384680146872,302,0,101170
E1,E2,N2,khong,12,lr,smape,5.933402435621451,14.503849574388184,35.67158268653165,29.7381802509102,302,0,101170
E1,E2,N2,khong,12,lr,mase,0.8203652727117758,1.4577139809030395,3.227881716476119,2.407516443764343,302,0,101170
E1,E2,N2,khong,12,lr,r2,-0.9667752863828472,-0.6686015074202075,-0.0903470366407642,0.876428249742083,302,0,101170
E1,E3,N2,khong,12,lr,mae,6.555906074494652,7.081532266475622,7.677595647844275,1.1216895733496235,497,1,166197
E1,E3,N2,khong,12,lr,rmse,8.777413039076423,9.444936301034598,10.962096914951143,2.184683875874722,497,1,166197
E1,E3,N2,khong,12,lr,smape,15.094731778789557,17.1148029220507,20.11629543605106,5.021563657261506,497,1,166197
E1,E3,N2,khong,12,lr,mase,1.5059860719374296,1.623251095763817,1.7711832208210296,0.2651971488836,497,1,166197
E1,E3,N2,khong,12,lr,r2,0.0575392456537641,0.1697251916998169,0.3893185049374109,0.3317792592836468,497,1,166197
E1,E2,N2,khong,12,ridge,mae,0.1586826402238483,0.4836930866972808,3.725666835593576,3.566984195369727,302,0,101170
E1,E2,N2,khong,12,ridge,rmse,0.3598820277040897,1.409787204914838,10.179266702254374,9.819384674550284,302,0,101170
E1,E2,N2,khong,12,ridge,smape,5.933402405200778,14.503849379961956,35.6715826251423,29.738180219941523,302,0,101170
E1,E2,N2,khong,12,ridge,mase,0.8203652696716702,1.4577139780282846,3.2278816975037525,2.4075164278320824,302,0,101170
E1,E2,N2,khong,12,ridge,r2,-0.9667752842456984,-0.6686015102312938,-0.0903470332075151,0.8764282510381831,302,0,101170
E1,E3,N2,khong,12,ridge,mae,6.55590605806057,7.081532265420999,7.677595648957452,1.1216895908968825,497,1,166197
E1,E3,N2,khong,12,ridge,rmse,8.777413039183603,9.444936296910695,10.962096918173122,2.184683878989519,497,1,166197
E1,E3,N2,khong,12,ridge,smape,15.094731784766058,17.114802928879207,20.116295443510257,5.021563658744199,497,1,166197
E1,E3,N2,khong,12,ridge,mase,1.5059860684432,1.6232510963987017,1.771183220550707,0.2651971521075069,497,1,166197
E1,E3,N2,khong,12,ridge,r2,0.0575392423581421,0.169725193779758,0.3893185051480925,0.3317792627899504,497,1,166197
E1,E2,N2,khong,12,ma6,mae,0.1651365197820421,0.4632921245421245,3.798718313195925,3.633581793413883,302,0,101170
E1,E2,N2,khong,12,ma6,rmse,0.2969308585650491,1.1148629896239068,10.037563421214678,9.740632562649628,302,0,101170
E1,E2,N2,khong,12,ma6,smape,6.497973271285784,15.344176068900492,38.22842538369924,31.730452112413456,302,0,101170
E1,E2,N2,khong,12,ma6,mase,0.841735849432535,1.368815529483027,3.197542629579294,2.355806780146759,302,0,101170
E1,E2,N2,khong,12,ma6,r2,-0.3587782642985221,-0.1876846201847666,-0.0491645369034824,0.3096137273950397,302,0,101170
E1,E2,N2,khong,12,naive,mae,0.1514153135421792,0.4649182658137881,3.6815778251599145,3.530162511617735,302,0,101170
E1,E2,N2,khong,12,naive,rmse,0.3570362657796322,1.3867216185280946,10.209596025791653,9.85255976001202,302,0,101170
E1,E2,N2,khong,12,naive,smape,5.216072626749324,12.704738274578316,31.943407258534613,26.72733463178529,302,0,101170
E1,E2,N2,khong,12,naive,mase,0.7595636446503289,1.4399804305765174,3.1728939575492205,2.413330312898892,302,0,101170
E1,E2,N2,khong,12,naive,r2,-0.951576306542724,-0.6168209223160894,-0.0684045728768881,0.8831717336658358,302,0,101170
E1,E2,N2,khong,12,seasonal,mae,0.2217700660657749,0.6644314143567873,4.32600302061123,4.104232954545455,302,0,101170
E1,E2,N2,khong,12,seasonal,rmse,0.4377587097856494,1.5367172080573206,10.061076827298129,9.62331811751248,302,0,101170
E1,E2,N2,khong,12,seasonal,smape,8.760920030443096,19.570210254956773,47.3985457716018,38.6376257411587,302,0,101170
E1,E2,N2,khong,12,seasonal,mase,0.9817993200377956,1.940666902752136,4.524870848324969,3.543071528287174,302,0,101170
E1,E2,N2,khong,12,seasonal,r2,-1.483669523618236,-0.94219188446899,-0.2670308259445879,1.216638697673648,302,0,101170
E1,E3,N2,khong,12,ma6,mae,6.314665400220645,6.821390907131799,7.635122457111312,1.3204570568906675,497,1,166203
E1,E3,N2,khong,12,ma6,rmse,8.203507676399992,8.87129606671091,11.03946087646361,2.835953200063617,497,1,166203
E1,E3,N2,khong,12,ma6,smape,14.523016442185408,16.714469928423885,19.803672480511192,5.280656038325786,497,1,166203
E1,E3,N2,khong,12,ma6,mase,1.4465546633389994,1.582640904237436,1.7707403359745515,0.3241856726355521,497,1,166203
E1,E3,N2,khong,12,ma6,r2,0.1730614207075862,0.2720472191994195,0.3889665263801701,0.2159051056725839,497,1,166203
E1,E3,N2,khong,12,naive,mae,6.511001105701592,7.027038242901766,7.636535104151676,1.1255339984500845,497,1,166203
E1,E3,N2,khong,12,naive,rmse,8.748969290108352,9.403386450492176,10.932976659384805,2.1840073692764506,497,1,166203
E1,E3,N2,khong,12,naive,smape,15.029792644330964,17.055551682784838,20.01504575704251,4.985253112711547,497,1,166203
E1,E3,N2,khong,12,naive,mase,1.497877857176389,1.6167033967689304,1.764409564970831,0.2665317077944416,497,1,166203
E1,E3,N2,khong,12,naive,r2,0.064003949057069,0.1776023727654847,0.3921428034341919,0.3281388543771228,497,1,166203
E1,E3,N2,khong,12,seasonal,mae,7.172804194680674,7.87776164648527,11.632942051562742,4.460137856882067,497,1,166203
E1,E3,N2,khong,12,seasonal,rmse,9.15607732005079,10.064433391868604,17.338436686600943,8.182359366550154,497,1,166203
E1,E3,N2,khong,12,seasonal,smape,17.192879837396887,21.036878180376657,26.80936783706668,9.616487999669786,497,1,166203
E1,E3,N2,khong,12,seasonal,mase,1.65220474992197,1.79600697260624,2.770897442805587,1.118692692883617,497,1,166203
E1,E3,N2,khong,12,seasonal,r2,-0.3934407423857853,-0.0896472004197239,0.0903453415842105,0.4837860839699959,497,1,166203
E2,E1,N0,khong,1,lr,mae,0.1791009135354443,0.5129208888494448,3.57403439422829,3.394933480692846,735,0,254310
E2,E1,N0,khong,1,lr,rmse,0.3303569207156661,1.2371973248222763,7.279593844240653,6.949236923524986,735,0,254310
E2,E1,N0,khong,1,lr,smape,8.927307484125397,15.94809627025928,27.425090185622963,18.497782701497567,735,0,254310
E2,E1,N0,khong,1,lr,mase,1.0557508196803602,1.3836028257358426,1.891864895680843,0.8361140760004828,735,0,254310
E2,E1,N0,khong,1,lr,r2,-0.9964056775266648,-0.0882996943863299,0.7390486972069974,1.7354543747336622,730,5,254310
E2,E3,N0,khong,1,lr,mae,4.115034853297725,4.369963975114874,4.606281199873592,0.4912463465758661,497,1,171716
E2,E3,N0,khong,1,lr,rmse,5.432830684065151,5.778487422018858,6.159039872469641,0.7262091884044901,497,1,171716
E2,E3,N0,khong,1,lr,smape,9.367256089473166,10.93953685396172,12.64708233906846,3.2798262495952955,497,1,171716
E2,E3,N0,khong,1,lr,mase,0.943928423322152,0.9864543573626984,1.047004791097917,0.1030763677757649,497,1,171716
E2,E3,N0,khong,1,lr,r2,0.6267292396622038,0.6750947140749782,0.8545228576839343,0.2277936180217304,497,1,171716
E2,E1,N0,khong,1,ridge,mae,0.1791009019600969,0.5129209629902949,3.5740345909924507,3.394933689032354,735,0,254310
E2,E1,N0,khong,1,ridge,rmse,0.330356925333275,1.237197342336687,7.279593902874319,6.9492369775410445,735,0,254310
E2,E1,N0,khong,1,ridge,smape,8.927306383914981,15.94809907856805,27.425090443455964,18.497784059540983,735,0,254310
E2,E1,N0,khong,1,ridge,mase,1.0557508538978493,1.383602983675146,1.8918647547635985,0.8361139008657492,735,0,254310
E2,E1,N0,khong,1,ridge,r2,-0.9964055080649044,-0.0882996267515973,0.7390487029351364,1.7354542110000408,730,5,254310
E2,E3,N0,khong,1,ridge,mae,4.115034931220024,4.369964188280308,4.606281342852715,0.4912464116326909,497,1,171716
E2,E3,N0,khong,1,ridge,rmse,5.432830644866584,5.778487369922848,6.159039818608585,0.7262091737420011,497,1,171716
E2,E3,N0,khong,1,ridge,smape,9.367256147938484,10.939537090811651,12.64708270371783,3.279826555779346,497,1,171716
E2,E3,N0,khong,1,ridge,mase,0.9439284528392832,0.9864543702828578,1.0470048233259253,0.103076370486642,497,1,171716
E2,E3,N0,khong,1,ridge,r2,0.6267292406288701,0.6750947185307461,0.8545228525868278,0.2277936119579576,497,1,171716
E2,E1,N0,khong,1,ma6,mae,0.110393743486229,0.4007443343426002,4.325294751812093,4.214901008325864,735,0,254310
E2,E1,N0,khong,1,ma6,rmse,0.2342440532346199,1.0593756825070897,12.27716946080728,12.04292540757266,735,0,254310
E2,E1,N0,khong,1,ma6,smape,5.080183487710904,12.792172647779996,23.44566252959824,18.365479041887337,735,0,254310
E2,E1,N0,khong,1,ma6,mase,0.8161106061726553,1.1439163792515932,1.811272267237495,0.9951616610648396,735,0,254310
E2,E1,N0,khong,1,ma6,r2,-0.11542840513736,0.0906816401615057,0.5065483125814079,0.6219767177187678,730,5,254310
E2,E1,N0,khong,1,naive,mae,0.1159842646114322,0.4077071290944123,1.9981007431874485,1.8821164785760165,735,0,254310
E2,E1,N0,khong,1,naive,rmse,0.2991196434411375,1.1867281489127852,6.98023933330008,6.681119689858942,735,0,254310
E2,E1,N0,khong,1,naive,smape,4.737638720587974,9.480351502730132,15.941727763949164,11.20408904336119,735,0,254310
E2,E1,N0,khong,1,naive,mase,0.7611273607741588,0.9683267560062772,1.2175217031077912,0.4563943423336324,735,0,254310
E2,E1,N0,khong,1,naive,r2,-0.5643474806658484,0.0494237047228964,0.7287466454839717,1.29309412614982,730,5,254310
E2,E1,N0,khong,1,seasonal,mae,0.2045592694075353,0.5833608587943848,13.027043765483072,12.822484496075536,735,0,254310
E2,E1,N0,khong,1,seasonal,rmse,0.3681948028878185,1.336240382691116,22.378146034020247,22.00995123113243,735,0,254310
E2,E1,N0,khong,1,seasonal,smape,9.221408388845724,19.76821450443936,97.69083328553938,88.46942489669365,735,0,254310
E2,E1,N0,khong,1,seasonal,mase,1.2075337213946034,1.9019713255591704,4.8032765112539,3.5957427898592966,735,0,254310
E2,E1,N0,khong,1,seasonal,r2,-1.6981770534156468,-0.9853203627500172,-0.4650497128361379,1.233127340579509,730,5,254310
E2,E3,N0,khong,1,ma6,mae,4.749803650062228,5.06576629737134,5.343694565525287,0.5938909154630592,497,1,171716
E2,E3,N0,khong,1,ma6,rmse,6.347088849648669,6.772582280674524,7.410380823881188,1.063291974232519,497,1,171716
E2,E3,N0,khong,1,ma6,smape,10.945167820801773,12.56061533204126,14.442267785000892,3.497099964199121,497,1,171716
E2,E3,N0,khong,1,ma6,mase,1.0843291373453352,1.1560797778025578,1.2165569325330636,0.1322277951877284,497,1,171716
E2,E3,N0,khong,1,ma6,r2,0.5068256340909038,0.5646748217687418,0.7573496260358685,0.2505239919449648,497,1,171716
E2,E3,N0,khong,1,naive,mae,3.970035799527029,4.295534398772086,4.526510880294463,0.5564750807674339,497,1,171716
E2,E3,N0,khong,1,naive,rmse,5.417410410733828,5.763078529762594,6.113433583437809,0.6960231727039812,497,1,171716
E2,E3,N0,khong,1,naive,smape,9.139480528881624,10.731463976725072,12.387164482071196,3.247683953189572,497,1,171716
E2,E3,N0,khong,1,naive,mase,0.9126073134974731,0.9642806844147828,1.021691351324008,0.1090840378265348,497,1,171716
E2,E3,N0,khong,1,naive,r2,0.6282119314434735,0.6750786883674674,0.8600235834197678,0.2318116519762942,497,1,171716
E2,E3,N0,khong,1,seasonal,mae,6.691305085813738,7.352796566082352,11.315531460221834,4.624226374408096,497,1,171716
E2,E3,N0,khong,1,seasonal,rmse,8.557767920721663,9.506436876001723,17.868304950676293,9.31053702995463,497,1,171716
E2,E3,N0,khong,1,seasonal,smape,16.266229986073665,19.97106637064108,25.9689168640858,9.702686878012134,497,1,171716
E2,E3,N0,khong,1,seasonal,mase,1.5371925879826964,1.6722166388410462,2.6123318186736446,1.0751392306909482,497,1,171716
E2,E3,N0,khong,1,seasonal,r2,-0.3861096255917426,0.0318498289358574,0.2113555269759308,0.5974651525676735,497,1,171716
E2,E1,N0,khong,6,lr,mae,0.547320955688177,0.8706815997847563,6.087305617150888,5.539984661462712,735,0,250635
E2,E1,N0,khong,6,lr,rmse,0.5928369200072404,1.2955254535160687,14.199091359599157,13.606254439591916,735,0,250635
E2,E1,N0,khong,6,lr,smape,25.770150141401807,36.610567615306536,53.028227088472605,27.2580769470708,735,0,250635
E2,E1,N0,khong,6,lr,mase,2.256979488938997,3.3466797552992,6.088439410459959,3.8314599215209615,735,0,250635
E2,E1,N0,khong,6,lr,r2,-4.1968317348486766,-0.5783151247759127,0.1601102673718857,4.3569420022205625,730,5,250635
E2,E3,N0,khong,6,lr,mae,5.483517409162729,5.853852100476798,6.814657306376934,1.3311398972142054,497,1,169209
E2,E3,N0,khong,6,lr,rmse,7.450700614356958,7.925133752851832,9.545853500350642,2.0951528859936843,497,1,169209
E2,E3,N0,khong,6,lr,smape,13.150551064048807,14.839938019926462,17.152598679404747,4.00204761535594,497,1,169209
E2,E3,N0,khong,6,lr,mase,1.2534665385337789,1.362063591450786,1.6192783402083428,0.3658118016745639,497,1,169209
E2,E3,N0,khong,6,lr,r2,0.3320195656692404,0.4097117644364099,0.5455976319661999,0.2135780662969595,497,1,169209
E2,E1,N0,khong,6,ridge,mae,0.5473209794231306,0.8706815638624326,6.087305527776151,5.53998454835302,735,0,250635
E2,E1,N0,khong,6,ridge,rmse,0.5928369366381965,1.2955252792135126,14.19909042178672,13.606253485148525,735,0,250635
E2,E1,N0,khong,6,ridge,smape,25.77015178491628,36.61056822799688,53.02822834255028,27.258076557634,735,0,250635
E2,E1,N0,khong,6,ridge,mase,2.256979443511781,3.3466798505604936,6.0884395919902285,3.831460148478448,735,0,250635
E2,E1,N0,khong,6,ridge,r2,-4.196831961554479,-0.5783145475895571,0.160110281289303,4.356942242843783,730,5,250635
E2,E3,N0,khong,6,ridge,mae,5.48351721278628,5.853851956881243,6.81465717770474,1.33113996491846,497,1,169209
E2,E3,N0,khong,6,ridge,rmse,7.450700332158289,7.925133278341598,9.545852996560429,2.09515266440214,497,1,169209
E2,E3,N0,khong,6,ridge,smape,13.150550693504476,14.839937892820206,17.15259833605361,4.002047642549135,497,1,169209
E2,E3,N0,khong,6,ridge,mase,1.2534664403697842,1.362063567172752,1.6192782391166012,0.365811798746817,497,1,169209
E2,E3,N0,khong,6,ridge,r2,0.332019622722384,0.4097118299537495,0.5455976358845729,0.2135780131621888,497,1,169209
E2,E1,N0,khong,6,ma6,mae,0.118189964157706,0.4262870641902899,5.698110133594005,5.579920169436299,735,0,250635
E2,E1,N0,khong,6,ma6,rmse,0.2405353427314345,1.0908746132755782,16.761858251770718,16.521322909039284,735,0,250635
E2,E1,N0,khong,6,ma6,smape,5.975263340565673,13.760307210071554,32.391318089294856,26.41605474872918,735,0,250635
E2,E1,N0,khong,6,ma6,mase,0.8569837050647096,1.3306880131911905,2.4526716409744767,1.595687935909767,735,0,250635
E2,E1,N0,khong,6,ma6,r2,-0.188417554339607,-0.0184523376154641,0.3341042219178702,0.5225217762574772,730,5,250635
E2,E1,N0,khong,6,naive,mae,0.1217986314760508,0.4660801564027368,5.168768328445748,5.046969696969697,735,0,250635
E2,E1,N0,khong,6,naive,rmse,0.3050760139804112,1.351812073155363,14.837693368810047,14.532617354829636,735,0,250635
E2,E1,N0,khong,6,naive,smape,5.863030040759953,12.383935169080653,25.40685435230823,19.54382431154828,735,0,250635
E2,E1,N0,khong,6,naive,mase,0.9419586151092708,1.365781794303431,2.245541876913572,1.3035832618043006,735,0,250635
E2,E1,N0,khong,6,naive,r2,-0.9037456588447704,-0.445702519016671,0.2664497217689465,1.170195380613717,730,5,250635
E2,E1,N0,khong,6,seasonal,mae,0.1989491691104594,0.6005301150462441,13.490272473941827,13.29132330483137,735,0,250635
E2,E1,N0,khong,6,seasonal,rmse,0.367504629688224,1.315610462690445,23.4353781004644,23.06787347077617,735,0,250635
E2,E1,N0,khong,6,seasonal,smape,9.05140909640785,20.662545515852685,97.34895650608544,88.29754740967759,735,0,250635
E2,E1,N0,khong,6,seasonal,mase,1.2062391018080958,2.020987061748379,4.937843702599956,3.73160460079186,735,0,250635
E2,E1,N0,khong,6,seasonal,r2,-1.732513177161865,-1.030169132341181,-0.5047572009122452,1.2277559762496195,730,5,250635
E2,E3,N0,khong,6,ma6,mae,5.4812972212261855,5.908679851405509,6.384683759036873,0.9033865378106878,497,1,169209
E2,E3,N0,khong,6,ma6,rmse,7.26243755726358,7.851596735704417,9.204468858349063,1.9420313010854828,497,1,169209
E2,E3,N0,khong,6,ma6,smape,12.49783881924162,14.517608269728196,16.83996098122448,4.342122161982859,497,1,169209
E2,E3,N0,khong,6,ma6,mase,1.2526205994525772,1.3534966856096435,1.4627846208211637,0.2101640213685864,497,1,169209
E2,E3,N0,khong,6,ma6,r2,0.347081900291284,0.4289665463293419,0.568991822050126,0.2219099217588419,497,1,169209
E2,E3,N0,khong,6,naive,mae,6.09421915480338,6.508720663903487,6.882027785455243,0.7878086306518632,497,1,169209
E2,E3,N0,khong,6,naive,rmse,8.160487858478517,8.769037575571055,9.573329038042552,1.412841179564035,497,1,169209
E2,E3,N0,khong,6,naive,smape,13.934352049443111,15.942816991101257,18.34479586590525,4.410443816462138,497,1,169209
E2,E3,N0,khong,6,naive,mase,1.3815355835305874,1.4844202205694677,1.5774947438434206,0.1959591603128332,497,1,169209
E2,E3,N0,khong,6,naive,r2,0.1895962572334864,0.2855839298578277,0.5936796121223067,0.4040833548888203,497,1,169209
E2,E3,N0,khong,6,seasonal,mae,7.024329594225878,7.764345332953728,11.671995187269554,4.647665593043675,497,1,169209
E2,E3,N0,khong,6,seasonal,rmse,8.865107120010862,9.862350790804824,17.902632271175264,9.037525151164402,497,1,169209
E2,E3,N0,khong,6,seasonal,smape,16.902860686812616,21.089289288175564,27.11602446748972,10.213163780677103,497,1,169209
E2,E3,N0,khong,6,seasonal,mase,1.6260141826412449,1.747159670533888,2.778717298373658,1.1527031157324132,497,1,169209
E2,E3,N0,khong,6,seasonal,r2,-0.4029470328288373,-0.0176332393607621,0.1615029953915355,0.5644500282203729,497,1,169209
E2,E1,N0,khong,12,lr,mae,0.8581234562206563,1.148476371563797,8.18856087882834,7.330437422607684,735,0,246225
E2,E1,N0,khong,12,lr,rmse,0.8798215393417407,1.4516920646083162,16.357390288353685,15.477568749011944,735,0,246225
E2,E1,N0,khong,12,lr,smape,36.44612365773175,49.819739548156896,66.489625895286,30.04350223755425,735,0,246225
E2,E1,N0,khong,12,lr,mase,2.7779169261445213,4.606868632923884,9.015866979530111,6.237950053385592,735,0,246225
E2,E1,N0,khong,12,lr,r2,-10.58990357832089,-0.8068121728600595,0.0173092722566328,10.607212850577522,730,5,246225
E2,E3,N0,khong,12,lr,mae,6.088959107014195,6.552819602549198,8.172703284602086,2.083744177587892,497,1,166203
E2,E3,N0,khong,12,lr,rmse,8.258356126989725,8.829341124662852,11.16469843639816,2.906342309408436,497,1,166203
E2,E3,N0,khong,12,lr,smape,14.578381245979694,16.894748569526076,20.19302289866604,5.6146416526863465,497,1,166203
E2,E3,N0,khong,12,lr,mase,1.3999562256481104,1.5193205954207778,2.0049935005115547,0.6050372748634443,497,1,166203
E2,E3,N0,khong,12,lr,r2,0.1742272916561054,0.2577379652522434,0.3326574687002044,0.158430177044099,497,1,166203
E2,E1,N0,khong,12,ridge,mae,0.8581236225968116,1.148476377925684,8.188561423617413,7.330437801020602,735,0,246225
E2,E1,N0,khong,12,ridge,rmse,0.8798216746136456,1.4516920154087891,16.357389966517793,15.477568291904149,735,0,246225
E2,E1,N0,khong,12,ridge,smape,36.44612987386835,49.81974457731395,66.48962155819933,30.04349168433098,735,0,246225
E2,E1,N0,khong,12,ridge,mase,2.777917022422716,4.606868564831614,9.01586849347756,6.237951471054844,735,0,246225
E2,E1,N0,khong,12,ridge,r2,-10.58990727076795,-0.8068120757140513,0.017309175302897,10.607216446070847,730,5,246225
E2,E3,N0,khong,12,ridge,mae,6.088959197644206,6.552819873433678,8.172703566744989,2.083744369100783,497,1,166203
E2,E3,N0,khong,12,ridge,rmse,8.25835681551568,8.829341463366,11.16469813708758,2.906341321571899,497,1,166203
E2,E3,N0,khong,12,ridge,smape,14.5783820270563,16.89474900045206,20.19302394554028,5.614641918483979,497,1,166203
E2,E3,N0,khong,12,ridge,mase,1.3999562606137743,1.5193204122174773,2.0049936460584643,0.60503738544469,497,1,166203
E2,E3,N0,khong,12,ridge,r2,0.1742273086314735,0.2577378457081574,0.3326575238908652,0.1584302152593917,497,1,166203
E2,E1,N0,khong,12,ma6,mae,0.1347558473864444,0.4558156188753204,7.014531919158785,6.879776071772341,735,0,246225
E2,E1,N0,khong,12,ma6,rmse,0.25931130352537,1.111426364895347,18.408990122321168,18.1496788187958,735,0,246225
E2,E1,N0,khong,12,ma6,smape,6.535508924229029,14.520183317041008,40.84452363809564,34.30901471386661,735,0,246225
E2,E1,N0,khong,12,ma6,mase,0.9561140462782468,1.3962930465551435,2.814811180505779,1.858697134227532,735,0,246225
E2,E1,N0,khong,12,ma6,r2,-0.2389956269409342,-0.132743141242109,0.1506119610582942,0.3896075879992284,730,5,246225
E2,E1,N0,khong,12,naive,mae,0.1028358208955224,0.4493532338308457,6.719764812302126,6.616928991406604,735,0,246225
E2,E1,N0,khong,12,naive,rmse,0.2839079742425555,1.3775528088946472,17.873999694673202,17.590091720430646,735,0,246225
E2,E1,N0,khong,12,naive,smape,4.775572239312652,11.545993866828844,35.26282099276322,30.487248753450565,735,0,246225
E2,E1,N0,khong,12,naive,mase,0.7980182576452111,1.3996912177458785,2.695994217063193,1.897975959417982,735,0,246225
E2,E1,N0,khong,12,naive,r2,-0.8623637726485143,-0.3643508899119527,0.2025560091190408,1.064919781767555,730,5,246225
E2,E1,N0,khong,12,seasonal,mae,0.1804145936981758,0.5817812722103767,13.306924307036248,13.126509713338072,735,0,246225
E2,E1,N0,khong,12,seasonal,rmse,0.3557874103916361,1.3108755445123932,23.28632562955037,22.93053821915873,735,0,246225
E2,E1,N0,khong,12,seasonal,smape,7.971153513866833,20.01790560928047,92.38389596034608,84.41274244647924,735,0,246225
E2,E1,N0,khong,12,seasonal,mase,1.1193873169679345,1.9214194378612843,5.017434115569048,3.898046798601114,735,0,246225
E2,E1,N0,khong,12,seasonal,r2,-1.6598809831819283,-0.8908985499526633,-0.3793112570197209,1.280569726162207,730,5,246225
E2,E3,N0,khong,12,ma6,mae,6.314665400220645,6.821390907131799,7.635122457111312,1.3204570568906675,497,1,166203
E2,E3,N0,khong,12,ma6,rmse,8.203507676399992,8.87129606671091,11.03946087646361,2.835953200063617,497,1,166203
E2,E3,N0,khong,12,ma6,smape,14.523016442185408,16.714469928423885,19.803672480511192,5.280656038325786,497,1,166203
E2,E3,N0,khong,12,ma6,mase,1.4465546633389994,1.582640904237436,1.7707403359745515,0.3241856726355521,497,1,166203
E2,E3,N0,khong,12,ma6,r2,0.1730614207075862,0.2720472191994195,0.3889665263801701,0.2159051056725839,497,1,166203
E2,E3,N0,khong,12,naive,mae,6.511001105701592,7.027038242901766,7.636535104151676,1.1255339984500845,497,1,166203
E2,E3,N0,khong,12,naive,rmse,8.748969290108352,9.403386450492176,10.932976659384805,2.1840073692764506,497,1,166203
E2,E3,N0,khong,12,naive,smape,15.029792644330964,17.055551682784838,20.01504575704251,4.985253112711547,497,1,166203
E2,E3,N0,khong,12,naive,mase,1.497877857176389,1.6167033967689304,1.764409564970831,0.2665317077944416,497,1,166203
E2,E3,N0,khong,12,naive,r2,0.064003949057069,0.1776023727654847,0.3921428034341919,0.3281388543771228,497,1,166203
E2,E3,N0,khong,12,seasonal,mae,7.172804194680674,7.87776164648527,11.632942051562742,4.460137856882067,497,1,166203
E2,E3,N0,khong,12,seasonal,rmse,9.15607732005079,10.064433391868604,17.338436686600943,8.182359366550154,497,1,166203
E2,E3,N0,khong,12,seasonal,smape,17.192879837396887,21.036878180376657,26.80936783706668,9.616487999669786,497,1,166203
E2,E3,N0,khong,12,seasonal,mase,1.65220474992197,1.79600697260624,2.770897442805587,1.118692692883617,497,1,166203
E2,E3,N0,khong,12,seasonal,r2,-0.3934407423857853,-0.0896472004197239,0.0903453415842105,0.4837860839699959,497,1,166203
E2,E1,N1,khong,1,lr,mae,0.1102714667188984,0.4171252781644137,4.533740928864873,4.423469462145975,735,0,254310
E2,E1,N1,khong,1,lr,rmse,0.2353079106105884,1.0056120951127354,9.694568527614946,9.459260617004356,735,0,254310
E2,E1,N1,khong,1,lr,smape,4.967892065262326,13.37389096845184,49.47881615183094,44.510924086568615,735,0,254310
E2,E1,N1,khong,1,lr,mase,0.7836133937542855,1.128500415811184,1.8090930162060328,1.0254796224517475,735,0,254310
E2,E1,N1,khong,1,lr,r2,0.0226168960630373,0.293045133446035,0.6481483634432671,0.6255314673802297,730,5,254310
E2,E3,N1,khong,1,lr,mae,4.048361661893589,4.284182816425216,4.617527920266435,0.5691662583728467,497,1,171716
E2,E3,N1,khong,1,lr,rmse,5.294946729569356,5.634505658765768,6.245384039627964,0.950437310058608,497,1,171716
E2,E3,N1,khong,1,lr,smape,9.2591878632246,10.61586669750268,12.510171143894157,3.250983280669555,497,1,171716
E2,E3,N1,khong,1,lr,mase,0.9165229129845064,0.978421384460326,1.0474977112301425,0.1309747982456361,497,1,171716
E2,E3,N1,khong,1,lr,r2,0.6623628705647122,0.6978119073196525,0.8282628568556145,0.1658999862909023,497,1,171716
E2,E1,N1,khong,1,ridge,mae,0.1102714673784916,0.4171252761944401,4.533740990561462,4.423469523182971,735,0,254310
E2,E1,N1,khong,1,ridge,rmse,0.2353079094169366,1.0056120870236545,9.694568459412556,9.459260549995616,735,0,254310
E2,E1,N1,khong,1,ridge,smape,4.967892113440431,13.37389069297241,49.47881851417955,44.51092640073912,735,0,254310
E2,E1,N1,khong,1,ridge,mase,0.7836133867623973,1.1285004009174042,1.8090931701728667,1.0254797834104694,735,0,254310
E2,E1,N1,khong,1,ridge,r2,0.0226169030473391,0.2930450969842965,0.6481483641513857,0.6255314611040466,730,5,254310
E2,E3,N1,khong,1,ridge,mae,4.048361666540029,4.284182841135952,4.617528000501782,0.5691663339617525,497,1,171716
E2,E3,N1,khong,1,ridge,rmse,5.294946749691518,5.634505633292804,6.245384055513772,0.9504373058222536,497,1,171716
E2,E3,N1,khong,1,ridge,smape,9.259187838694322,10.61586675275815,12.51017122571983,3.2509833870255083,497,1,171716
E2,E3,N1,khong,1,ridge,mase,0.9165229123479348,0.9784213761636612,1.0474977092381907,0.1309747968902558,497,1,171716
E2,E3,N1,khong,1,ridge,r2,0.662362875067961,0.6978119010924144,0.8282628530649746,0.1658999779970136,497,1,171716
E2,E1,N1,khong,1,ma6,mae,0.110393743486229,0.4007443343426002,4.325294751812093,4.214901008325864,735,0,254310
E2,E1,N1,khong,1,ma6,rmse,0.2342440532346199,1.0593756825070897,12.27716946080728,12.04292540757266,735,0,254310
E2,E1,N1,khong,1,ma6,smape,5.080183487710904,12.792172647779996,23.44566252959824,18.365479041887337,735,0,254310
E2,E1,N1,khong,1,ma6,mase,0.8161106061726553,1.1439163792515932,1.811272267237495,0.9951616610648396,735,0,254310
E2,E1,N1,khong,1,ma6,r2,-0.11542840513736,0.0906816401615057,0.5065483125814079,0.6219767177187678,730,5,254310
E2,E1,N1,khong,1,naive,mae,0.1159842646114322,0.4077071290944123,1.9981007431874485,1.8821164785760165,735,0,254310
E2,E1,N1,khong,1,naive,rmse,0.2991196434411375,1.1867281489127852,6.98023933330008,6.681119689858942,735,0,254310
E2,E1,N1,khong,1,naive,smape,4.737638720587974,9.480351502730132,15.941727763949164,11.20408904336119,735,0,254310
E2,E1,N1,khong,1,naive,mase,0.7611273607741588,0.9683267560062772,1.2175217031077912,0.4563943423336324,735,0,254310
E2,E1,N1,khong,1,naive,r2,-0.5643474806658484,0.0494237047228964,0.7287466454839717,1.29309412614982,730,5,254310
E2,E1,N1,khong,1,seasonal,mae,0.2045592694075353,0.5833608587943848,13.027043765483072,12.822484496075536,735,0,254310
E2,E1,N1,khong,1,seasonal,rmse,0.3681948028878185,1.336240382691116,22.378146034020247,22.00995123113243,735,0,254310
E2,E1,N1,khong,1,seasonal,smape,9.221408388845724,19.76821450443936,97.69083328553938,88.46942489669365,735,0,254310
E2,E1,N1,khong,1,seasonal,mase,1.2075337213946034,1.9019713255591704,4.8032765112539,3.5957427898592966,735,0,254310
E2,E1,N1,khong,1,seasonal,r2,-1.6981770534156468,-0.9853203627500172,-0.4650497128361379,1.233127340579509,730,5,254310
E2,E3,N1,khong,1,ma6,mae,4.749803650062228,5.06576629737134,5.343694565525287,0.5938909154630592,497,1,171716
E2,E3,N1,khong,1,ma6,rmse,6.347088849648669,6.772582280674524,7.410380823881188,1.063291974232519,497,1,171716
E2,E3,N1,khong,1,ma6,smape,10.945167820801773,12.56061533204126,14.442267785000892,3.497099964199121,497,1,171716
E2,E3,N1,khong,1,ma6,mase,1.0843291373453352,1.1560797778025578,1.2165569325330636,0.1322277951877284,497,1,171716
E2,E3,N1,khong,1,ma6,r2,0.5068256340909038,0.5646748217687418,0.7573496260358685,0.2505239919449648,497,1,171716
E2,E3,N1,khong,1,naive,mae,3.970035799527029,4.295534398772086,4.526510880294463,0.5564750807674339,497,1,171716
E2,E3,N1,khong,1,naive,rmse,5.417410410733828,5.763078529762594,6.113433583437809,0.6960231727039812,497,1,171716
E2,E3,N1,khong,1,naive,smape,9.139480528881624,10.731463976725072,12.387164482071196,3.247683953189572,497,1,171716
E2,E3,N1,khong,1,naive,mase,0.9126073134974731,0.9642806844147828,1.021691351324008,0.1090840378265348,497,1,171716
E2,E3,N1,khong,1,naive,r2,0.6282119314434735,0.6750786883674674,0.8600235834197678,0.2318116519762942,497,1,171716
E2,E3,N1,khong,1,seasonal,mae,6.691305085813738,7.352796566082352,11.315531460221834,4.624226374408096,497,1,171716
E2,E3,N1,khong,1,seasonal,rmse,8.557767920721663,9.506436876001723,17.868304950676293,9.31053702995463,497,1,171716
E2,E3,N1,khong,1,seasonal,smape,16.266229986073665,19.97106637064108,25.9689168640858,9.702686878012134,497,1,171716
E2,E3,N1,khong,1,seasonal,mase,1.5371925879826964,1.6722166388410462,2.6123318186736446,1.0751392306909482,497,1,171716
E2,E3,N1,khong,1,seasonal,r2,-0.3861096255917426,0.0318498289358574,0.2113555269759308,0.5974651525676735,497,1,171716
E2,E1,N1,khong,6,lr,mae,0.1216690296294817,0.4588646646232461,7.128417159026775,7.006748129397293,735,0,250635
E2,E1,N1,khong,6,lr,rmse,0.2416627460992257,1.0476163831458023,14.489738061701171,14.248075315601945,735,0,250635
E2,E1,N1,khong,6,lr,smape,6.446046113918071,15.220051432463656,64.18878647217957,57.7427403582615,735,0,250635
E2,E1,N1,khong,6,lr,mase,0.879533867324106,1.3533440660453957,2.96432176730609,2.0847878999819844,735,0,250635
E2,E1,N1,khong,6,lr,r2,-0.051330975389962,0.089714083381778,0.3765816491610184,0.4279126245509804,730,5,250635
E2,E3,N1,khong,6,lr,mae,5.320458426545788,5.669153027645159,6.692536110481079,1.3720776839352906,497,1,169209
E2,E3,N1,khong,6,lr,rmse,7.047191645133208,7.542400677997335,9.48650979533418,2.4393181502009726,497,1,169209
E2,E3,N1,khong,6,lr,smape,12.39812968903715,14.355304265573812,16.891725293357453,4.493595604320303,497,1,169209
E2,E3,N1,khong,6,lr,mase,1.2050923563532523,1.3082786527466188,1.590401673762828,0.3853093174095758,497,1,169209
E2,E3,N1,khong,6,lr,r2,0.4015958986466713,0.4673786312614441,0.5536575879935033,0.1520616893468319,497,1,169209
E2,E1,N1,khong,6,ridge,mae,0.1216690289515973,0.4588646626767245,7.128417215622131,7.006748186670533,735,0,250635
E2,E1,N1,khong,6,ridge,rmse,0.2416627477508247,1.0476163839571,14.489737944210958,14.248075196460134,735,0,250635
E2,E1,N1,khong,6,ridge,smape,6.44604617826403,15.220051513283822,64.18878629991427,57.74274012165024,735,0,250635
E2,E1,N1,khong,6,ridge,mase,0.8795338750837701,1.3533440427965195,2.9643218189713343,2.084787943887564,735,0,250635
E2,E1,N1,khong,6,ridge,r2,-0.0513309728665195,0.0897140775804418,0.3765816398240003,0.4279126126905198,730,5,250635
E2,E3,N1,khong,6,ridge,mae,5.32045841659032,5.669152961643878,6.692536119824625,1.3720777032343054,497,1,169209
E2,E3,N1,khong,6,ridge,rmse,7.047191590739452,7.542400739359748,9.486509804555222,2.4393182138157705,497,1,169209
E2,E3,N1,khong,6,ridge,smape,12.398129711914816,14.355304333324732,16.89172520494061,4.4935954930257935,497,1,169209
E2,E3,N1,khong,6,ridge,mase,1.2050923624698973,1.3082786454026814,1.5904016702810273,0.38530930781113,497,1,169209
E2,E3,N1,khong,6,ridge,r2,0.4015958939935621,0.4673786356021648,0.5536575807166197,0.1520616867230576,497,1,169209
E2,E1,N1,khong,6,ma6,mae,0.118189964157706,0.4262870641902899,5.698110133594005,5.579920169436299,735,0,250635
E2,E1,N1,khong,6,ma6,rmse,0.2405353427314345,1.0908746132755782,16.761858251770718,16.521322909039284,735,0,250635
E2,E1,N1,khong,6,ma6,smape,5.975263340565673,13.760307210071554,32.391318089294856,26.41605474872918,735,0,250635
E2,E1,N1,khong,6,ma6,mase,0.8569837050647096,1.3306880131911905,2.4526716409744767,1.595687935909767,735,0,250635
E2,E1,N1,khong,6,ma6,r2,-0.188417554339607,-0.0184523376154641,0.3341042219178702,0.5225217762574772,730,5,250635
E2,E1,N1,khong,6,naive,mae,0.1217986314760508,0.4660801564027368,5.168768328445748,5.046969696969697,735,0,250635
E2,E1,N1,khong,6,naive,rmse,0.3050760139804112,1.351812073155363,14.837693368810047,14.532617354829636,735,0,250635
E2,E1,N1,khong,6,naive,smape,5.863030040759953,12.383935169080653,25.40685435230823,19.54382431154828,735,0,250635
E2,E1,N1,khong,6,naive,mase,0.9419586151092708,1.365781794303431,2.245541876913572,1.3035832618043006,735,0,250635
E2,E1,N1,khong,6,naive,r2,-0.9037456588447704,-0.445702519016671,0.2664497217689465,1.170195380613717,730,5,250635
E2,E1,N1,khong,6,seasonal,mae,0.1989491691104594,0.6005301150462441,13.490272473941827,13.29132330483137,735,0,250635
E2,E1,N1,khong,6,seasonal,rmse,0.367504629688224,1.315610462690445,23.4353781004644,23.06787347077617,735,0,250635
E2,E1,N1,khong,6,seasonal,smape,9.05140909640785,20.662545515852685,97.34895650608544,88.29754740967759,735,0,250635
E2,E1,N1,khong,6,seasonal,mase,1.2062391018080958,2.020987061748379,4.937843702599956,3.73160460079186,735,0,250635
E2,E1,N1,khong,6,seasonal,r2,-1.732513177161865,-1.030169132341181,-0.5047572009122452,1.2277559762496195,730,5,250635
E2,E3,N1,khong,6,ma6,mae,5.4812972212261855,5.908679851405509,6.384683759036873,0.9033865378106878,497,1,169209
E2,E3,N1,khong,6,ma6,rmse,7.26243755726358,7.851596735704417,9.204468858349063,1.9420313010854828,497,1,169209
E2,E3,N1,khong,6,ma6,smape,12.49783881924162,14.517608269728196,16.83996098122448,4.342122161982859,497,1,169209
E2,E3,N1,khong,6,ma6,mase,1.2526205994525772,1.3534966856096435,1.4627846208211637,0.2101640213685864,497,1,169209
E2,E3,N1,khong,6,ma6,r2,0.347081900291284,0.4289665463293419,0.568991822050126,0.2219099217588419,497,1,169209
E2,E3,N1,khong,6,naive,mae,6.09421915480338,6.508720663903487,6.882027785455243,0.7878086306518632,497,1,169209
E2,E3,N1,khong,6,naive,rmse,8.160487858478517,8.769037575571055,9.573329038042552,1.412841179564035,497,1,169209
E2,E3,N1,khong,6,naive,smape,13.934352049443111,15.942816991101257,18.34479586590525,4.410443816462138,497,1,169209
E2,E3,N1,khong,6,naive,mase,1.3815355835305874,1.4844202205694677,1.5774947438434206,0.1959591603128332,497,1,169209
E2,E3,N1,khong,6,naive,r2,0.1895962572334864,0.2855839298578277,0.5936796121223067,0.4040833548888203,497,1,169209
E2,E3,N1,khong,6,seasonal,mae,7.024329594225878,7.764345332953728,11.671995187269554,4.647665593043675,497,1,169209
E2,E3,N1,khong,6,seasonal,rmse,8.865107120010862,9.862350790804824,17.902632271175264,9.037525151164402,497,1,169209
E2,E3,N1,khong,6,seasonal,smape,16.902860686812616,21.089289288175564,27.11602446748972,10.213163780677103,497,1,169209
E2,E3,N1,khong,6,seasonal,mase,1.6260141826412449,1.747159670533888,2.778717298373658,1.1527031157324132,497,1,169209
E2,E3,N1,khong,6,seasonal,r2,-0.4029470328288373,-0.0176332393607621,0.1615029953915355,0.5644500282203729,497,1,169209
E2,E1,N1,khong,12,lr,mae,0.1240392968926333,0.4832947316647549,8.494534972151252,8.370495675258619,735,0,246225
E2,E1,N1,khong,12,lr,rmse,0.2496402156287874,1.0673724085318477,16.033314204333276,15.78367398870449,735,0,246225
E2,E1,N1,khong,12,lr,smape,6.763318457860555,16.217324305329957,68.62766591725361,61.86434745939305,735,0,246225
E2,E1,N1,khong,12,lr,mase,0.9185802392414564,1.464046789557106,3.370352334564555,2.451772095323099,735,0,246225
E2,E1,N1,khong,12,lr,r2,-0.0699029146221262,0.0505589791508887,0.2785829977434536,0.3484859123655798,730,5,246225
E2,E3,N1,khong,12,lr,mae,5.993558968064113,6.460327344390032,8.03802010004055,2.044461131976437,497,1,166203
E2,E3,N1,khong,12,lr,rmse,7.940938888868319,8.475902594254107,11.1274652039233,3.18652631505498,497,1,166203
E2,E3,N1,khong,12,lr,smape,13.948718534147812,16.404235591724373,19.742709726280378,5.793991192132566,497,1,166203
E2,E3,N1,khong,12,lr,mase,1.36480339058288,1.482896621001471,1.9549237528434715,0.5901203622605915,497,1,166203
E2,E3,N1,khong,12,lr,r2,0.2539834814280547,0.3147361520915056,0.3662363994887397,0.112252918060685,497,1,166203
E2,E1,N1,khong,12,ridge,mae,0.1240392959893644,0.4832947408102329,8.494535029803902,8.370495733814538,735,0,246225
E2,E1,N1,khong,12,ridge,rmse,0.2496402156590688,1.0673724092499384,16.033314259686172,15.783674044027103,735,0,246225
E2,E1,N1,khong,12,ridge,smape,6.763318503777423,16.21732445432384,68.62766614949328,61.86434764571585,735,0,246225
E2,E1,N1,khong,12,ridge,mase,0.9185802391320111,1.4640468571137932,3.3703523593306457,2.451772120198634,735,0,246225
E2,E1,N1,khong,12,ridge,r2,-0.0699029201794267,0.050558983060299,0.2785829965749041,0.3484859167543308,730,5,246225
E2,E3,N1,khong,12,ridge,mae,5.993558942569753,6.460327327865313,8.03802010457709,2.0444611620073365,497,1,166203
E2,E3,N1,khong,12,ridge,rmse,7.940938870064035,8.47590257290235,11.127465228870864,3.1865263588068293,497,1,166203
E2,E3,N1,khong,12,ridge,smape,13.948718510894444,16.40423558306582,19.742709654517338,5.793991143622893,497,1,166203
E2,E3,N1,khong,12,ridge,mase,1.3648033941535451,1.4828966196636997,1.9549237560313808,0.5901203618778355,497,1,166203
E2,E3,N1,khong,12,ridge,r2,0.2539834738812621,0.3147361434701252,0.3662364009371383,0.1122529270558762,497,1,166203
E2,E1,N1,khong,12,ma6,mae,0.1347558473864444,0.4558156188753204,7.014531919158785,6.879776071772341,735,0,246225
E2,E1,N1,khong,12,ma6,rmse,0.25931130352537,1.111426364895347,18.408990122321168,18.1496788187958,735,0,246225
E2,E1,N1,khong,12,ma6,smape,6.535508924229029,14.520183317041008,40.84452363809564,34.30901471386661,735,0,246225
E2,E1,N1,khong,12,ma6,mase,0.9561140462782468,1.3962930465551435,2.814811180505779,1.858697134227532,735,0,246225
E2,E1,N1,khong,12,ma6,r2,-0.2389956269409342,-0.132743141242109,0.1506119610582942,0.3896075879992284,730,5,246225
E2,E1,N1,khong,12,naive,mae,0.1028358208955224,0.4493532338308457,6.719764812302126,6.616928991406604,735,0,246225
E2,E1,N1,khong,12,naive,rmse,0.2839079742425555,1.3775528088946472,17.873999694673202,17.590091720430646,735,0,246225
E2,E1,N1,khong,12,naive,smape,4.775572239312652,11.545993866828844,35.26282099276322,30.487248753450565,735,0,246225
E2,E1,N1,khong,12,naive,mase,0.7980182576452111,1.3996912177458785,2.695994217063193,1.897975959417982,735,0,246225
E2,E1,N1,khong,12,naive,r2,-0.8623637726485143,-0.3643508899119527,0.2025560091190408,1.064919781767555,730,5,246225
E2,E1,N1,khong,12,seasonal,mae,0.1804145936981758,0.5817812722103767,13.306924307036248,13.126509713338072,735,0,246225
E2,E1,N1,khong,12,seasonal,rmse,0.3557874103916361,1.3108755445123932,23.28632562955037,22.93053821915873,735,0,246225
E2,E1,N1,khong,12,seasonal,smape,7.971153513866833,20.01790560928047,92.38389596034608,84.41274244647924,735,0,246225
E2,E1,N1,khong,12,seasonal,mase,1.1193873169679345,1.9214194378612843,5.017434115569048,3.898046798601114,735,0,246225
E2,E1,N1,khong,12,seasonal,r2,-1.6598809831819283,-0.8908985499526633,-0.3793112570197209,1.280569726162207,730,5,246225
E2,E3,N1,khong,12,ma6,mae,6.314665400220645,6.821390907131799,7.635122457111312,1.3204570568906675,497,1,166203
E2,E3,N1,khong,12,ma6,rmse,8.203507676399992,8.87129606671091,11.03946087646361,2.835953200063617,497,1,166203
E2,E3,N1,khong,12,ma6,smape,14.523016442185408,16.714469928423885,19.803672480511192,5.280656038325786,497,1,166203
E2,E3,N1,khong,12,ma6,mase,1.4465546633389994,1.582640904237436,1.7707403359745515,0.3241856726355521,497,1,166203
E2,E3,N1,khong,12,ma6,r2,0.1730614207075862,0.2720472191994195,0.3889665263801701,0.2159051056725839,497,1,166203
E2,E3,N1,khong,12,naive,mae,6.511001105701592,7.027038242901766,7.636535104151676,1.1255339984500845,497,1,166203
E2,E3,N1,khong,12,naive,rmse,8.748969290108352,9.403386450492176,10.932976659384805,2.1840073692764506,497,1,166203
E2,E3,N1,khong,12,naive,smape,15.029792644330964,17.055551682784838,20.01504575704251,4.985253112711547,497,1,166203
E2,E3,N1,khong,12,naive,mase,1.497877857176389,1.6167033967689304,1.764409564970831,0.2665317077944416,497,1,166203
E2,E3,N1,khong,12,naive,r2,0.064003949057069,0.1776023727654847,0.3921428034341919,0.3281388543771228,497,1,166203
E2,E3,N1,khong,12,seasonal,mae,7.172804194680674,7.87776164648527,11.632942051562742,4.460137856882067,497,1,166203
E2,E3,N1,khong,12,seasonal,rmse,9.15607732005079,10.064433391868604,17.338436686600943,8.182359366550154,497,1,166203
E2,E3,N1,khong,12,seasonal,smape,17.192879837396887,21.036878180376657,26.80936783706668,9.616487999669786,497,1,166203
E2,E3,N1,khong,12,seasonal,mase,1.65220474992197,1.79600697260624,2.770897442805587,1.118692692883617,497,1,166203
E2,E3,N1,khong,12,seasonal,r2,-0.3934407423857853,-0.0896472004197239,0.0903453415842105,0.4837860839699959,497,1,166203
E2,E1,N2,khong,1,lr,mae,0.1440385872189845,0.4808787996793033,2.6605918026296766,2.516553215410692,735,0,254310
E2,E1,N2,khong,1,lr,rmse,0.3112453768516414,1.2251615718663025,7.250730865711413,6.939485488859772,735,0,254310
E2,E1,N2,khong,1,lr,smape,6.086552683449531,13.66856756854703,23.16316432825657,17.076611644807038,735,0,254310
E2,E1,N2,khong,1,lr,mase,0.9385170209255398,1.1444186396129548,1.4674416813976492,0.5289246604721094,735,0,254310
E2,E1,N2,khong,1,lr,r2,-0.7303359453385104,-0.0437459455340513,0.7436277451574925,1.473963690496003,730,5,254310
E2,E3,N2,khong,1,lr,mae,4.0677135335315855,4.387248057144467,4.613502309040156,0.5457887755085702,497,1,171711
E2,E3,N2,khong,1,lr,rmse,5.443755411424595,5.805385772668528,6.181003580526695,0.7372481691020996,497,1,171711
E2,E3,N2,khong,1,lr,smape,9.32286508863791,10.89872314777349,12.666910625419227,3.34404553678132,497,1,171711
E2,E3,N2,khong,1,lr,mase,0.9380189419352212,0.9854615438264268,1.048045926806227,0.1100269848710058,497,1,171711
E2,E3,N2,khong,1,lr,r2,0.6234464856721482,0.6699971694253699,0.8545356309422936,0.2310891452701453,497,1,171711
E2,E1,N2,khong,1,ridge,mae,0.1440385799101405,0.4808788093502268,2.6605916145666786,2.516553034656538,735,0,254310
E2,E1,N2,khong,1,ridge,rmse,0.3112453757606599,1.2251615812501946,7.250730556686998,6.939485180926338,735,0,254310
E2,E1,N2,khong,1,ridge,smape,6.086551810833168,13.668557221751254,23.16316057822352,17.07660876739035,735,0,254310
E2,E1,N2,khong,1,ridge,mase,0.9385168931125374,1.144418632118833,1.4674416397048815,0.5289247465923441,735,0,254310
E2,E1,N2,khong,1,ridge,r2,-0.7303359591618758,-0.0437459155440805,0.7436277437117724,1.473963702873648,730,5,254310
E2,E3,N2,khong,1,ridge,mae,4.067713555674498,4.387248046947266,4.613502302131327,0.5457887464568287,497,1,171711
E2,E3,N2,khong,1,ridge,rmse,5.443755361386659,5.8053857178451,6.181003545504654,0.7372481841179956,497,1,171711
E2,E3,N2,khong,1,ridge,smape,9.32286496219668,10.89872317832318,12.66691040912118,3.3440454469245005,497,1,171711
E2,E3,N2,khong,1,ridge,mase,0.9380189384303406,0.9854615409159844,1.0480459208864858,0.1100269824561452,497,1,171711
E2,E3,N2,khong,1,ridge,r2,0.6234464921331455,0.6699971721640301,0.8545356340777095,0.2310891419445639,497,1,171711
E2,E1,N2,khong,1,ma6,mae,0.110393743486229,0.4007443343426002,4.325294751812093,4.214901008325864,735,0,254310
E2,E1,N2,khong,1,ma6,rmse,0.2342440532346199,1.0593756825070897,12.27716946080728,12.04292540757266,735,0,254310
E2,E1,N2,khong,1,ma6,smape,5.080183487710904,12.792172647779996,23.44566252959824,18.365479041887337,735,0,254310
E2,E1,N2,khong,1,ma6,mase,0.8161106061726553,1.1439163792515932,1.811272267237495,0.9951616610648396,735,0,254310
E2,E1,N2,khong,1,ma6,r2,-0.11542840513736,0.0906816401615057,0.5065483125814079,0.6219767177187678,730,5,254310
E2,E1,N2,khong,1,naive,mae,0.1159842646114322,0.4077071290944123,1.9981007431874485,1.8821164785760165,735,0,254310
E2,E1,N2,khong,1,naive,rmse,0.2991196434411375,1.1867281489127852,6.98023933330008,6.681119689858942,735,0,254310
E2,E1,N2,khong,1,naive,smape,4.737638720587974,9.480351502730132,15.941727763949164,11.20408904336119,735,0,254310
E2,E1,N2,khong,1,naive,mase,0.7611273607741588,0.9683267560062772,1.2175217031077912,0.4563943423336324,735,0,254310
E2,E1,N2,khong,1,naive,r2,-0.5643474806658484,0.0494237047228964,0.7287466454839717,1.29309412614982,730,5,254310
E2,E1,N2,khong,1,seasonal,mae,0.2045592694075353,0.5833608587943848,13.027043765483072,12.822484496075536,735,0,254310
E2,E1,N2,khong,1,seasonal,rmse,0.3681948028878185,1.336240382691116,22.378146034020247,22.00995123113243,735,0,254310
E2,E1,N2,khong,1,seasonal,smape,9.221408388845724,19.76821450443936,97.69083328553938,88.46942489669365,735,0,254310
E2,E1,N2,khong,1,seasonal,mase,1.2075337213946034,1.9019713255591704,4.8032765112539,3.5957427898592966,735,0,254310
E2,E1,N2,khong,1,seasonal,r2,-1.6981770534156468,-0.9853203627500172,-0.4650497128361379,1.233127340579509,730,5,254310
E2,E3,N2,khong,1,ma6,mae,4.749803650062228,5.06576629737134,5.343694565525287,0.5938909154630592,497,1,171716
E2,E3,N2,khong,1,ma6,rmse,6.347088849648669,6.772582280674524,7.410380823881188,1.063291974232519,497,1,171716
E2,E3,N2,khong,1,ma6,smape,10.945167820801773,12.56061533204126,14.442267785000892,3.497099964199121,497,1,171716
E2,E3,N2,khong,1,ma6,mase,1.0843291373453352,1.1560797778025578,1.2165569325330636,0.1322277951877284,497,1,171716
E2,E3,N2,khong,1,ma6,r2,0.5068256340909038,0.5646748217687418,0.7573496260358685,0.2505239919449648,497,1,171716
E2,E3,N2,khong,1,naive,mae,3.970035799527029,4.295534398772086,4.526510880294463,0.5564750807674339,497,1,171716
E2,E3,N2,khong,1,naive,rmse,5.417410410733828,5.763078529762594,6.113433583437809,0.6960231727039812,497,1,171716
E2,E3,N2,khong,1,naive,smape,9.139480528881624,10.731463976725072,12.387164482071196,3.247683953189572,497,1,171716
E2,E3,N2,khong,1,naive,mase,0.9126073134974731,0.9642806844147828,1.021691351324008,0.1090840378265348,497,1,171716
E2,E3,N2,khong,1,naive,r2,0.6282119314434735,0.6750786883674674,0.8600235834197678,0.2318116519762942,497,1,171716
E2,E3,N2,khong,1,seasonal,mae,6.691305085813738,7.352796566082352,11.315531460221834,4.624226374408096,497,1,171716
E2,E3,N2,khong,1,seasonal,rmse,8.557767920721663,9.506436876001723,17.868304950676293,9.31053702995463,497,1,171716
E2,E3,N2,khong,1,seasonal,smape,16.266229986073665,19.97106637064108,25.9689168640858,9.702686878012134,497,1,171716
E2,E3,N2,khong,1,seasonal,mase,1.5371925879826964,1.6722166388410462,2.6123318186736446,1.0751392306909482,497,1,171716
E2,E3,N2,khong,1,seasonal,r2,-0.3861096255917426,0.0318498289358574,0.2113555269759308,0.5974651525676735,497,1,171716
E2,E1,N2,khong,6,lr,mae,0.1487124322272781,0.5065634891888847,5.211996276315347,5.063283844088069,735,0,250635
E2,E1,N2,khong,6,lr,rmse,0.3091630827848485,1.325217314298478,14.863263295214455,14.554100212429606,735,0,250635
E2,E1,N2,khong,6,lr,smape,7.544632076522927,15.26534331782111,31.08765304149426,23.543020964971333,735,0,250635
E2,E1,N2,khong,6,lr,mase,1.2081461578240835,1.616131871642675,2.4078185376369614,1.1996723798128777,735,0,250635
E2,E1,N2,khong,6,lr,r2,-0.9183977185462808,-0.5122421673539019,0.2148560038325001,1.133253722378781,730,5,250635
E2,E3,N2,khong,6,lr,mae,6.015979032749884,6.404369588538898,6.833350315113289,0.8173712823634043,497,1,169203
E2,E3,N2,khong,6,lr,rmse,8.059935562364434,8.648329676890375,9.489984267123322,1.4300487047588888,497,1,169203
E2,E3,N2,khong,6,lr,smape,13.786625912403982,15.820978920901611,18.21482830709038,4.428202394686396,497,1,169203
E2,E3,N2,khong,6,lr,mase,1.370233484522375,1.469019199447159,1.559444846246886,0.189211361724511,497,1,169203
E2,E3,N2,khong,6,lr,r2,0.2102265817456565,0.3064756528246809,0.5984818001455425,0.3882552183998859,497,1,169203
E2,E1,N2,khong,6,ridge,mae,0.1487124075631951,0.5065634678417096,5.211996215407533,5.063283807844337,735,0,250635
E2,E1,N2,khong,6,ridge,rmse,0.3091630745595852,1.3252172853405098,14.863263285062985,14.554100210503398,735,0,250635
E2,E1,N2,khong,6,ridge,smape,7.544630443983283,15.265340559547637,31.08765140841757,23.543020964434287,735,0,250635
E2,E1,N2,khong,6,ridge,mase,1.2081461007447436,1.6161318592147895,2.4078185336107225,1.199672432865979,735,0,250635
E2,E1,N2,khong,6,ridge,r2,-0.9183970548554125,-0.5122420762484653,0.2148560423701685,1.133253097225581,730,5,250635
E2,E3,N2,khong,6,ridge,mae,6.0159790113906295,6.404369683115723,6.833350329647345,0.8173713182567157,497,1,169203
E2,E3,N2,khong,6,ridge,rmse,8.059935562285967,8.648329621865987,9.489984284564342,1.430048722278375,497,1,169203
E2,E3,N2,khong,6,ridge,smape,13.786625934774955,15.82097879236026,18.2148282027273,4.428202267952344,497,1,169203
E2,E3,N2,khong,6,ridge,mase,1.370233476682524,1.4690192098602817,1.5594448512967352,0.1892113746142112,497,1,169203
E2,E3,N2,khong,6,ridge,r2,0.210226587486567,0.3064756450145267,0.5984818135373113,0.3882552260507442,497,1,169203
E2,E1,N2,khong,6,ma6,mae,0.118189964157706,0.4262870641902899,5.698110133594005,5.579920169436299,735,0,250635
E2,E1,N2,khong,6,ma6,rmse,0.2405353427314345,1.0908746132755782,16.761858251770718,16.521322909039284,735,0,250635
E2,E1,N2,khong,6,ma6,smape,5.975263340565673,13.760307210071554,32.391318089294856,26.41605474872918,735,0,250635
E2,E1,N2,khong,6,ma6,mase,0.8569837050647096,1.3306880131911905,2.4526716409744767,1.595687935909767,735,0,250635
E2,E1,N2,khong,6,ma6,r2,-0.188417554339607,-0.0184523376154641,0.3341042219178702,0.5225217762574772,730,5,250635
E2,E1,N2,khong,6,naive,mae,0.1217986314760508,0.4660801564027368,5.168768328445748,5.046969696969697,735,0,250635
E2,E1,N2,khong,6,naive,rmse,0.3050760139804112,1.351812073155363,14.837693368810047,14.532617354829636,735,0,250635
E2,E1,N2,khong,6,naive,smape,5.863030040759953,12.383935169080653,25.40685435230823,19.54382431154828,735,0,250635
E2,E1,N2,khong,6,naive,mase,0.9419586151092708,1.365781794303431,2.245541876913572,1.3035832618043006,735,0,250635
E2,E1,N2,khong,6,naive,r2,-0.9037456588447704,-0.445702519016671,0.2664497217689465,1.170195380613717,730,5,250635
E2,E1,N2,khong,6,seasonal,mae,0.1989491691104594,0.6005301150462441,13.490272473941827,13.29132330483137,735,0,250635
E2,E1,N2,khong,6,seasonal,rmse,0.367504629688224,1.315610462690445,23.4353781004644,23.06787347077617,735,0,250635
E2,E1,N2,khong,6,seasonal,smape,9.05140909640785,20.662545515852685,97.34895650608544,88.29754740967759,735,0,250635
E2,E1,N2,khong,6,seasonal,mase,1.2062391018080958,2.020987061748379,4.937843702599956,3.73160460079186,735,0,250635
E2,E1,N2,khong,6,seasonal,r2,-1.732513177161865,-1.030169132341181,-0.5047572009122452,1.2277559762496195,730,5,250635
E2,E3,N2,khong,6,ma6,mae,5.4812972212261855,5.908679851405509,6.384683759036873,0.9033865378106878,497,1,169209
E2,E3,N2,khong,6,ma6,rmse,7.26243755726358,7.851596735704417,9.204468858349063,1.9420313010854828,497,1,169209
E2,E3,N2,khong,6,ma6,smape,12.49783881924162,14.517608269728196,16.83996098122448,4.342122161982859,497,1,169209
E2,E3,N2,khong,6,ma6,mase,1.2526205994525772,1.3534966856096435,1.4627846208211637,0.2101640213685864,497,1,169209
E2,E3,N2,khong,6,ma6,r2,0.347081900291284,0.4289665463293419,0.568991822050126,0.2219099217588419,497,1,169209
E2,E3,N2,khong,6,naive,mae,6.09421915480338,6.508720663903487,6.882027785455243,0.7878086306518632,497,1,169209
E2,E3,N2,khong,6,naive,rmse,8.160487858478517,8.769037575571055,9.573329038042552,1.412841179564035,497,1,169209
E2,E3,N2,khong,6,naive,smape,13.934352049443111,15.942816991101257,18.34479586590525,4.410443816462138,497,1,169209
E2,E3,N2,khong,6,naive,mase,1.3815355835305874,1.4844202205694677,1.5774947438434206,0.1959591603128332,497,1,169209
E2,E3,N2,khong,6,naive,r2,0.1895962572334864,0.2855839298578277,0.5936796121223067,0.4040833548888203,497,1,169209
E2,E3,N2,khong,6,seasonal,mae,7.024329594225878,7.764345332953728,11.671995187269554,4.647665593043675,497,1,169209
E2,E3,N2,khong,6,seasonal,rmse,8.865107120010862,9.862350790804824,17.902632271175264,9.037525151164402,497,1,169209
E2,E3,N2,khong,6,seasonal,smape,16.902860686812616,21.089289288175564,27.11602446748972,10.213163780677103,497,1,169209
E2,E3,N2,khong,6,seasonal,mase,1.6260141826412449,1.747159670533888,2.778717298373658,1.1527031157324132,497,1,169209
E2,E3,N2,khong,6,seasonal,r2,-0.4029470328288373,-0.0176332393607621,0.1615029953915355,0.5644500282203729,497,1,169209
E2,E1,N2,khong,12,lr,mae,0.1256622021556248,0.5031164260421154,6.809749913611464,6.684087711455839,735,0,246225
E2,E1,N2,khong,12,lr,rmse,0.2968074722503969,1.429372365641994,18.29464036634026,17.997832894089864,735,0,246225
E2,E1,N2,khong,12,lr,smape,5.87183194754388,14.366883779012335,38.922287447884486,33.050455500340604,735,0,246225
E2,E1,N2,khong,12,lr,mase,0.9226664289473409,1.612799395331189,2.764795751787888,1.842129322840547,735,0,246225
E2,E1,N2,khong,12,lr,r2,-0.9717635517776329,-0.4889702192206173,0.1559782972013293,1.127741848978962,730,5,246225
E2,E3,N2,khong,12,lr,mae,6.632774638377772,7.15131735413304,7.741504566813102,1.1087299284353307,497,1,166197
E2,E3,N2,khong,12,lr,rmse,8.911213617659248,9.564515990966022,11.095532621417885,2.1843190037586364,497,1,166197
E2,E3,N2,khong,12,lr,smape,15.308207817089604,17.371208465778427,20.41677150181164,5.108563684722036,497,1,166197
E2,E3,N2,khong,12,lr,mase,1.522755631485844,1.642830156827938,1.7901082672826512,0.267352635796807,497,1,166197
E2,E3,N2,khong,12,lr,r2,0.0319703540429205,0.1455306004791254,0.3812021041859514,0.3492317501430309,497,1,166197
E2,E1,N2,khong,12,ridge,mae,0.1256621992033593,0.5031164221875756,6.809749915993864,6.684087716790504,735,0,246225
E2,E1,N2,khong,12,ridge,rmse,0.2968074708980521,1.4293723579294664,18.294640227318133,17.99783275642008,735,0,246225
E2,E1,N2,khong,12,ridge,smape,5.871831812399609,14.366883636906556,38.92228761145191,33.0504557990523,735,0,246225
E2,E1,N2,khong,12,ridge,mase,0.9226664391388716,1.6127993400857483,2.7647957407484665,1.8421293016095948,735,0,246225
E2,E1,N2,khong,12,ridge,r2,-0.9717635318839136,-0.4889702038096395,0.155978307115418,1.1277418389993317,730,5,246225
E2,E3,N2,khong,12,ridge,mae,6.632774617965344,7.1513173492438975,7.741504552670249,1.1087299347049049,497,1,166197
E2,E3,N2,khong,12,ridge,rmse,8.911213601493891,9.564515983437444,11.09553259352125,2.184318992027359,497,1,166197
E2,E3,N2,khong,12,ridge,smape,15.308207765124,17.3712084361444,20.416771536570263,5.108563771446265,497,1,166197
E2,E3,N2,khong,12,ridge,mase,1.5227556273728924,1.642830157916504,1.7901082661328729,0.2673526387599803,497,1,166197
E2,E3,N2,khong,12,ridge,r2,0.0319703583527074,0.145530603071739,0.3812021054175956,0.3492317470648881,497,1,166197
E2,E1,N2,khong,12,ma6,mae,0.1347558473864444,0.4558156188753204,7.014531919158785,6.879776071772341,735,0,246225
E2,E1,N2,khong,12,ma6,rmse,0.25931130352537,1.111426364895347,18.408990122321168,18.1496788187958,735,0,246225
E2,E1,N2,khong,12,ma6,smape,6.535508924229029,14.520183317041008,40.84452363809564,34.30901471386661,735,0,246225
E2,E1,N2,khong,12,ma6,mase,0.9561140462782468,1.3962930465551435,2.814811180505779,1.858697134227532,735,0,246225
E2,E1,N2,khong,12,ma6,r2,-0.2389956269409342,-0.132743141242109,0.1506119610582942,0.3896075879992284,730,5,246225
E2,E1,N2,khong,12,naive,mae,0.1028358208955224,0.4493532338308457,6.719764812302126,6.616928991406604,735,0,246225
E2,E1,N2,khong,12,naive,rmse,0.2839079742425555,1.3775528088946472,17.873999694673202,17.590091720430646,735,0,246225
E2,E1,N2,khong,12,naive,smape,4.775572239312652,11.545993866828844,35.26282099276322,30.487248753450565,735,0,246225
E2,E1,N2,khong,12,naive,mase,0.7980182576452111,1.3996912177458785,2.695994217063193,1.897975959417982,735,0,246225
E2,E1,N2,khong,12,naive,r2,-0.8623637726485143,-0.3643508899119527,0.2025560091190408,1.064919781767555,730,5,246225
E2,E1,N2,khong,12,seasonal,mae,0.1804145936981758,0.5817812722103767,13.306924307036248,13.126509713338072,735,0,246225
E2,E1,N2,khong,12,seasonal,rmse,0.3557874103916361,1.3108755445123932,23.28632562955037,22.93053821915873,735,0,246225
E2,E1,N2,khong,12,seasonal,smape,7.971153513866833,20.01790560928047,92.38389596034608,84.41274244647924,735,0,246225
E2,E1,N2,khong,12,seasonal,mase,1.1193873169679345,1.9214194378612843,5.017434115569048,3.898046798601114,735,0,246225
E2,E1,N2,khong,12,seasonal,r2,-1.6598809831819283,-0.8908985499526633,-0.3793112570197209,1.280569726162207,730,5,246225
E2,E3,N2,khong,12,ma6,mae,6.314665400220645,6.821390907131799,7.635122457111312,1.3204570568906675,497,1,166203
E2,E3,N2,khong,12,ma6,rmse,8.203507676399992,8.87129606671091,11.03946087646361,2.835953200063617,497,1,166203
E2,E3,N2,khong,12,ma6,smape,14.523016442185408,16.714469928423885,19.803672480511192,5.280656038325786,497,1,166203
E2,E3,N2,khong,12,ma6,mase,1.4465546633389994,1.582640904237436,1.7707403359745515,0.3241856726355521,497,1,166203
E2,E3,N2,khong,12,ma6,r2,0.1730614207075862,0.2720472191994195,0.3889665263801701,0.2159051056725839,497,1,166203
E2,E3,N2,khong,12,naive,mae,6.511001105701592,7.027038242901766,7.636535104151676,1.1255339984500845,497,1,166203
E2,E3,N2,khong,12,naive,rmse,8.748969290108352,9.403386450492176,10.932976659384805,2.1840073692764506,497,1,166203
E2,E3,N2,khong,12,naive,smape,15.029792644330964,17.055551682784838,20.01504575704251,4.985253112711547,497,1,166203
E2,E3,N2,khong,12,naive,mase,1.497877857176389,1.6167033967689304,1.764409564970831,0.2665317077944416,497,1,166203
E2,E3,N2,khong,12,naive,r2,0.064003949057069,0.1776023727654847,0.3921428034341919,0.3281388543771228,497,1,166203
E2,E3,N2,khong,12,seasonal,mae,7.172804194680674,7.87776164648527,11.632942051562742,4.460137856882067,497,1,166203
E2,E3,N2,khong,12,seasonal,rmse,9.15607732005079,10.064433391868604,17.338436686600943,8.182359366550154,497,1,166203
E2,E3,N2,khong,12,seasonal,smape,17.192879837396887,21.036878180376657,26.80936783706668,9.616487999669786,497,1,166203
E2,E3,N2,khong,12,seasonal,mase,1.65220474992197,1.79600697260624,2.770897442805587,1.118692692883617,497,1,166203
E2,E3,N2,khong,12,seasonal,r2,-0.3934407423857853,-0.0896472004197239,0.0903453415842105,0.4837860839699959,497,1,166203
E3,E1,N0,khong,1,lr,mae,0.918634112263578,1.069578316430256,3.990703253697335,3.0720691414337566,735,0,254310
E3,E1,N0,khong,1,lr,rmse,0.9349575815871352,1.3170665244880844,7.72689657457829,6.791938992991154,735,0,254310
E3,E1,N0,khong,1,lr,smape,33.97818430560034,44.28240755760447,53.16064904250949,19.18246473690916,735,0,254310
E3,E1,N0,khong,1,lr,mase,1.5334897982667062,3.1742135209110685,7.438204408032776,5.90471460976607,735,0,254310
E3,E1,N0,khong,1,lr,r2,-11.725006576050086,-0.7235696997133956,0.6699322526470404,12.394938828697128,730,5,254310
E3,E2,N0,khong,1,lr,mae,0.918560370121672,1.016254511322757,2.589478403701368,1.6709180335796956,302,0,104492
E3,E2,N0,khong,1,lr,rmse,0.9426879925017014,1.3026584308699127,4.930316124904025,3.987628132402324,302,0,104492
E3,E2,N0,khong,1,lr,smape,33.49645290595922,45.096447094522645,62.73196485167775,29.235511945718528,302,0,104492
E3,E2,N0,khong,1,lr,mase,1.9951021079203684,3.93787684410682,7.358701483613549,5.36359937569318,302,0,104492
E3,E2,N0,khong,1,lr,r2,-9.69614547797238,-0.7531042342779892,0.5691466843608322,10.265292162333212,302,0,104492
E3,E1,N0,khong,1,ridge,mae,0.9202079290469668,1.071744671845356,3.993759455963742,3.0735515269167752,735,0,254310
E3,E1,N0,khong,1,ridge,rmse,0.9367792149620224,1.3186596687119487,7.724061027725086,6.787281812763064,735,0,254310
E3,E1,N0,khong,1,ridge,smape,34.01825872700563,44.3495250639764,53.25309649861377,19.23483777160814,735,0,254310
E3,E1,N0,khong,1,ridge,mase,1.5342760265153983,3.179321828952495,7.452640145781176,5.918364119265778,735,0,254310
E3,E1,N0,khong,1,ridge,r2,-11.7714379557511,-0.7270720854306547,0.6699423011412766,12.441380256892376,730,5,254310
E3,E2,N0,khong,1,ridge,mae,0.920105834447862,1.0181280614454389,2.5919037766864506,1.6717979422385885,302,0,104492
E3,E2,N0,khong,1,ridge,rmse,0.9445304221248776,1.303139759894273,4.931079069840834,3.986548647715957,302,0,104492
E3,E2,N0,khong,1,ridge,smape,33.53435983373595,45.162676892202185,62.81641487234482,29.28205503860888,302,0,104492
E3,E2,N0,khong,1,ridge,mase,1.998660310834956,3.946570994486036,7.368110423909812,5.369450113074856,302,0,104492
E3,E2,N0,khong,1,ridge,r2,-9.732643424182193,-0.7559753019566378,0.5686172125236534,10.301260636705846,302,0,104492
E3,E1,N0,khong,1,ma6,mae,0.110393743486229,0.4007443343426002,4.325294751812093,4.214901008325864,735,0,254310
E3,E1,N0,khong,1,ma6,rmse,0.2342440532346199,1.0593756825070897,12.27716946080728,12.04292540757266,735,0,254310
E3,E1,N0,khong,1,ma6,smape,5.080183487710904,12.792172647779996,23.44566252959824,18.365479041887337,735,0,254310
E3,E1,N0,khong,1,ma6,mase,0.8161106061726553,1.1439163792515932,1.811272267237495,0.9951616610648396,735,0,254310
E3,E1,N0,khong,1,ma6,r2,-0.11542840513736,0.0906816401615057,0.5065483125814079,0.6219767177187678,730,5,254310
E3,E1,N0,khong,1,naive,mae,0.1159842646114322,0.4077071290944123,1.9981007431874485,1.8821164785760165,735,0,254310
E3,E1,N0,khong,1,naive,rmse,0.2991196434411375,1.1867281489127852,6.98023933330008,6.681119689858942,735,0,254310
E3,E1,N0,khong,1,naive,smape,4.737638720587974,9.480351502730132,15.941727763949164,11.20408904336119,735,0,254310
E3,E1,N0,khong,1,naive,mase,0.7611273607741588,0.9683267560062772,1.2175217031077912,0.4563943423336324,735,0,254310
E3,E1,N0,khong,1,naive,r2,-0.5643474806658484,0.0494237047228964,0.7287466454839717,1.29309412614982,730,5,254310
E3,E1,N0,khong,1,seasonal,mae,0.2045592694075353,0.5833608587943848,13.027043765483072,12.822484496075536,735,0,254310
E3,E1,N0,khong,1,seasonal,rmse,0.3681948028878185,1.336240382691116,22.378146034020247,22.00995123113243,735,0,254310
E3,E1,N0,khong,1,seasonal,smape,9.221408388845724,19.76821450443936,97.69083328553938,88.46942489669365,735,0,254310
E3,E1,N0,khong,1,seasonal,mase,1.2075337213946034,1.9019713255591704,4.8032765112539,3.5957427898592966,735,0,254310
E3,E1,N0,khong,1,seasonal,r2,-1.6981770534156468,-0.9853203627500172,-0.4650497128361379,1.233127340579509,730,5,254310
E3,E2,N0,khong,1,ma6,mae,0.1538527043765483,0.4099831406551059,2.672728862739701,2.518876158363153,302,0,104492
E3,E2,N0,khong,1,ma6,rmse,0.2909994948619503,1.0725498450752826,6.942744540006254,6.651745045144304,302,0,104492
E3,E2,N0,khong,1,ma6,smape,5.641191225657653,12.64980019928802,27.62023059027881,21.979039364621155,302,0,104492
E3,E2,N0,khong,1,ma6,mase,0.7833682804904883,1.131888108743642,2.344000779279049,1.5606324987885607,302,0,104492
E3,E2,N0,khong,1,ma6,r2,-0.2019030212423998,-0.0653761582364315,0.351984499613185,0.5538875208555849,302,0,104492
E3,E2,N0,khong,1,naive,mae,0.1493514313239746,0.4140311037709882,1.5524841728598957,1.403132741535921,302,0,104492
E3,E2,N0,khong,1,naive,rmse,0.3539186649903049,1.1163320988389458,4.616851088334903,4.262932423344598,302,0,104492
E3,E2,N0,khong,1,naive,smape,5.133720752279617,10.84516067824362,19.90302285768643,14.769302105406814,302,0,104492
E3,E2,N0,khong,1,naive,mase,0.8403180781954053,1.0366111468479566,1.5005089953693287,0.6601909171739234,302,0,104492
E3,E2,N0,khong,1,naive,r2,-0.7968314539756255,-0.0710302374440685,0.628646891282471,1.4254783452580964,302,0,104492
E3,E2,N0,khong,1,seasonal,mae,0.2314349366914395,0.5996881881365262,3.6570247691454334,3.4255898324539946,302,0,104492
E3,E2,N0,khong,1,seasonal,rmse,0.4327348549244975,1.310730097897849,8.944734444010859,8.511999589086361,302,0,104492
E3,E2,N0,khong,1,seasonal,smape,9.607966616482017,18.94994804382252,46.64013501517019,37.03216839868817,302,0,104492
E3,E2,N0,khong,1,seasonal,mase,1.0312831008141004,1.736112451523507,3.617974395622676,2.586691294808576,302,0,104492
E3,E2,N0,khong,1,seasonal,r2,-1.4779786944172528,-0.8953840406387032,-0.2338242989170905,1.2441543955001624,302,0,104492
E3,E1,N0,khong,6,lr,mae,2.8507507010666018,2.9250629189803643,6.773738028737248,3.922987327670646,735,0,250635
E3,E1,N0,khong,6,lr,rmse,2.859612953564681,2.964553667799904,15.34064251112298,12.481029557558298,735,0,250635
E3,E1,N0,khong,6,lr,smape,60.93115019567527,84.33960233861674,99.44477761183194,38.513627416156666,735,0,250635
E3,E1,N0,khong,6,lr,mase,3.7061309446641015,8.473271026199097,23.007353789320817,19.30122284465672,735,0,250635
E3,E1,N0,khong,6,lr,r2,-115.8269248807267,-7.27718747700618,0.0011866936322513,115.82811157435894,730,5,250635
E3,E2,N0,khong,6,lr,mae,2.852120162855446,2.9176157627095285,5.239140151087783,2.3870199882323373,302,0,102982
E3,E2,N0,khong,6,lr,rmse,2.864493141594695,3.006364306502064,8.987926306680068,6.123433165085373,302,0,102982
E3,E2,N0,khong,6,lr,smape,63.99492333101858,91.6698004347729,114.79274028994352,50.797816958924926,302,0,102982
E3,E2,N0,khong,6,lr,mase,4.534484581672079,10.28242584393562,20.33877249089969,15.804287909227607,302,0,102982
E3,E2,N0,khong,6,lr,r2,-92.3749101820598,-7.390712718594747,-0.2211999359511906,92.15371024610862,302,0,102982
E3,E1,N0,khong,6,ridge,mae,2.8524617643912693,2.927418776311192,6.777253179501606,3.924791415110337,735,0,250635
E3,E1,N0,khong,6,ridge,rmse,2.8612843245684028,2.968069967897805,15.332720393183596,12.471436068615194,735,0,250635
E3,E1,N0,khong,6,ridge,smape,60.93644399463845,84.37353397933853,99.48840291557806,38.55195892093961,735,0,250635
E3,E1,N0,khong,6,ridge,mase,3.707839936943522,8.481468691351385,23.022728973935827,19.314889036992305,735,0,250635
E3,E1,N0,khong,6,ridge,r2,-115.98687252175912,-7.291608830897474,0.0012763951761949,115.9881489169353,730,5,250635
E3,E2,N0,khong,6,ridge,mae,2.853956525080739,2.9196547320426403,5.2429097790667205,2.388953253985981,302,0,102982
E3,E2,N0,khong,6,ridge,rmse,2.866273910611662,3.009130679160609,8.986489188534268,6.120215277922606,302,0,102982
E3,E2,N0,khong,6,ridge,smape,64.05312653534614,91.69385867003646,114.82832964963708,50.77520311429093,302,0,102982
E3,E2,N0,khong,6,ridge,mase,4.535227662165488,10.28489835944719,20.3536051871356,15.818377524970112,302,0,102982
E3,E2,N0,khong,6,ridge,r2,-92.50210936879216,-7.404902406071095,-0.2198489206112744,92.28226044818088,302,0,102982
E3,E1,N0,khong,6,ma6,mae,0.118189964157706,0.4262870641902899,5.698110133594005,5.579920169436299,735,0,250635
E3,E1,N0,khong,6,ma6,rmse,0.2405353427314345,1.0908746132755782,16.761858251770718,16.521322909039284,735,0,250635
E3,E1,N0,khong,6,ma6,smape,5.975263340565673,13.760307210071554,32.391318089294856,26.41605474872918,735,0,250635
E3,E1,N0,khong,6,ma6,mase,0.8569837050647096,1.3306880131911905,2.4526716409744767,1.595687935909767,735,0,250635
E3,E1,N0,khong,6,ma6,r2,-0.188417554339607,-0.0184523376154641,0.3341042219178702,0.5225217762574772,730,5,250635
E3,E1,N0,khong,6,naive,mae,0.1217986314760508,0.4660801564027368,5.168768328445748,5.046969696969697,735,0,250635
E3,E1,N0,khong,6,naive,rmse,0.3050760139804112,1.351812073155363,14.837693368810047,14.532617354829636,735,0,250635
E3,E1,N0,khong,6,naive,smape,5.863030040759953,12.383935169080653,25.40685435230823,19.54382431154828,735,0,250635
E3,E1,N0,khong,6,naive,mase,0.9419586151092708,1.365781794303431,2.245541876913572,1.3035832618043006,735,0,250635
E3,E1,N0,khong,6,naive,r2,-0.9037456588447704,-0.445702519016671,0.2664497217689465,1.170195380613717,730,5,250635
E3,E1,N0,khong,6,seasonal,mae,0.1989491691104594,0.6005301150462441,13.490272473941827,13.29132330483137,735,0,250635
E3,E1,N0,khong,6,seasonal,rmse,0.367504629688224,1.315610462690445,23.4353781004644,23.06787347077617,735,0,250635
E3,E1,N0,khong,6,seasonal,smape,9.05140909640785,20.662545515852685,97.34895650608544,88.29754740967759,735,0,250635
E3,E1,N0,khong,6,seasonal,mase,1.2062391018080958,2.020987061748379,4.937843702599956,3.73160460079186,735,0,250635
E3,E1,N0,khong,6,seasonal,r2,-1.732513177161865,-1.030169132341181,-0.5047572009122452,1.2277559762496195,730,5,250635
E3,E2,N0,khong,6,ma6,mae,0.1502286691802824,0.4466136014523111,3.516106921752083,3.3658782525718003,302,0,102982
E3,E2,N0,khong,6,ma6,rmse,0.2960420181378536,1.1030950260519925,9.174840444790604,8.87879842665275,302,0,102982
E3,E2,N0,khong,6,ma6,smape,5.942399536947526,14.136673558714117,32.393437994689435,26.45103845774191,302,0,102982
E3,E2,N0,khong,6,ma6,mase,0.7835085387753631,1.2940617002637738,2.840736542625937,2.057228003850573,302,0,102982
E3,E2,N0,khong,6,ma6,r2,-0.2241353708845661,-0.0815948382898481,0.0950688743062816,0.3192042451908476,302,0,102982
E3,E2,N0,khong,6,naive,mae,0.1703550481776288,0.4807987711213518,3.186587068845133,3.0162320206675046,302,0,102982
E3,E2,N0,khong,6,naive,rmse,0.3675436949653333,1.3919800593738558,9.145744634868167,8.778200939902835,302,0,102982
E3,E2,N0,khong,6,naive,smape,6.234226986774637,14.040678358325197,28.015010377143867,21.78078339036923,302,0,102982
E3,E2,N0,khong,6,naive,mase,0.9502681275515148,1.3738582862275623,2.7237365917698964,1.7734684642183816,302,0,102982
E3,E2,N0,khong,6,naive,r2,-1.0212537378616848,-0.7373032450367851,-0.0334340520905988,0.987819685771086,302,0,102982
E3,E2,N0,khong,6,seasonal,mae,0.2320817623236978,0.7206605222734255,4.266275659824046,4.034193897500349,302,0,102982
E3,E2,N0,khong,6,seasonal,rmse,0.4410830413901536,1.525229579180075,10.2744859620524,9.833402920662245,302,0,102982
E3,E2,N0,khong,6,seasonal,smape,9.544368978193638,20.04752737341606,46.86031143323049,37.31594245503685,302,0,102982
E3,E2,N0,khong,6,seasonal,mase,1.075772205841881,2.044025063269125,4.340616370864421,3.26484416502254,302,0,102982
E3,E2,N0,khong,6,seasonal,r2,-1.6419523214204783,-1.0069625022384356,-0.4791392648780159,1.1628130565424626,302,0,102982
E3,E1,N0,khong,12,lr,mae,4.078217825682318,4.153468982474182,9.396789333394343,5.318571507712028,735,0,246225
E3,E1,N0,khong,12,lr,rmse,4.101006176987578,4.182513993133831,17.087551853072966,12.986545676085388,735,0,246225
E3,E1,N0,khong,12,lr,smape,70.40275160493192,100.60934020878098,115.83294196682152,45.4301903618896,735,0,246225
E3,E1,N0,khong,12,lr,mase,5.079247150727109,12.11837967336328,32.981913804622096,27.902666653894983,735,0,246225
E3,E1,N0,khong,12,lr,r2,-236.8334948961929,-14.661444590071063,-0.1295154613849497,236.703979434808,730,5,246225
E3,E2,N0,khong,12,lr,mae,4.081447791681207,4.163917245269605,6.682447210517161,2.600999418835954,302,0,101170
E3,E2,N0,khong,12,lr,rmse,4.106405562890119,4.196704918782805,9.761220325407848,5.654814762517729,302,0,101170
E3,E2,N0,khong,12,lr,smape,77.07076740566966,108.9698886284881,129.5194768265074,52.448709420837744,302,0,101170
E3,E2,N0,khong,12,lr,mase,6.140967748711537,14.152838370197795,28.156608294798165,22.01564054608663,302,0,101170
E3,E2,N0,khong,12,lr,r2,-191.77009907053304,-14.489787268093297,-0.4581676874514047,191.31193138308168,302,0,101170
E3,E1,N0,khong,12,ridge,mae,4.081983704043099,4.1579758780583305,9.40083132632544,5.318847622282343,735,0,246225
E3,E1,N0,khong,12,ridge,rmse,4.103865934983302,4.185552721228851,17.093579157339665,12.989713222356364,735,0,246225
E3,E1,N0,khong,12,ridge,smape,70.41500592163689,100.65390804927534,115.86685678805934,45.45185086642245,735,0,246225
E3,E1,N0,khong,12,ridge,mase,5.085837226458287,12.123830744824115,33.00735858213345,27.92152135567516,735,0,246225
E3,E1,N0,khong,12,ridge,r2,-237.17107374708425,-14.692067518399844,-0.1282279595425801,237.0428457875417,730,5,246225
E3,E2,N0,khong,12,ridge,mae,4.084222671551682,4.167082305698866,6.688313263795413,2.6040905922437307,302,0,101170
E3,E2,N0,khong,12,ridge,rmse,4.109423911917067,4.200650250362259,9.761569833081715,5.6521459211646485,302,0,101170
E3,E2,N0,khong,12,ridge,smape,77.12312508048294,109.05683040712748,129.55811333364534,52.4349882531624,302,0,101170
E3,E2,N0,khong,12,ridge,mase,6.144434564287865,14.168201833471478,28.147407399880564,22.0029728355927,302,0,101170
E3,E2,N0,khong,12,ridge,r2,-191.97308834668377,-14.511867756996638,-0.4549739953700232,191.51811435131376,302,0,101170
E3,E1,N0,khong,12,ma6,mae,0.1347558473864444,0.4558156188753204,7.014531919158785,6.879776071772341,735,0,246225
E3,E1,N0,khong,12,ma6,rmse,0.25931130352537,1.111426364895347,18.408990122321168,18.1496788187958,735,0,246225
E3,E1,N0,khong,12,ma6,smape,6.535508924229029,14.520183317041008,40.84452363809564,34.30901471386661,735,0,246225
E3,E1,N0,khong,12,ma6,mase,0.9561140462782468,1.3962930465551435,2.814811180505779,1.858697134227532,735,0,246225
E3,E1,N0,khong,12,ma6,r2,-0.2389956269409342,-0.132743141242109,0.1506119610582942,0.3896075879992284,730,5,246225
E3,E1,N0,khong,12,naive,mae,0.1028358208955224,0.4493532338308457,6.719764812302126,6.616928991406604,735,0,246225
E3,E1,N0,khong,12,naive,rmse,0.2839079742425555,1.3775528088946472,17.873999694673202,17.590091720430646,735,0,246225
E3,E1,N0,khong,12,naive,smape,4.775572239312652,11.545993866828844,35.26282099276322,30.487248753450565,735,0,246225
E3,E1,N0,khong,12,naive,mase,0.7980182576452111,1.3996912177458785,2.695994217063193,1.897975959417982,735,0,246225
E3,E1,N0,khong,12,naive,r2,-0.8623637726485143,-0.3643508899119527,0.2025560091190408,1.064919781767555,730,5,246225
E3,E1,N0,khong,12,seasonal,mae,0.1804145936981758,0.5817812722103767,13.306924307036248,13.126509713338072,735,0,246225
E3,E1,N0,khong,12,seasonal,rmse,0.3557874103916361,1.3108755445123932,23.28632562955037,22.93053821915873,735,0,246225
E3,E1,N0,khong,12,seasonal,smape,7.971153513866833,20.01790560928047,92.38389596034608,84.41274244647924,735,0,246225
E3,E1,N0,khong,12,seasonal,mase,1.1193873169679345,1.9214194378612843,5.017434115569048,3.898046798601114,735,0,246225
E3,E1,N0,khong,12,seasonal,r2,-1.6598809831819283,-0.8908985499526633,-0.3793112570197209,1.280569726162207,730,5,246225
E3,E2,N0,khong,12,ma6,mae,0.1651365197820421,0.4632921245421245,3.798718313195925,3.633581793413883,302,0,101170
E3,E2,N0,khong,12,ma6,rmse,0.2969308585650491,1.1148629896239068,10.037563421214678,9.740632562649628,302,0,101170
E3,E2,N0,khong,12,ma6,smape,6.497973271285784,15.344176068900492,38.22842538369924,31.730452112413456,302,0,101170
E3,E2,N0,khong,12,ma6,mase,0.841735849432535,1.368815529483027,3.197542629579294,2.355806780146759,302,0,101170
E3,E2,N0,khong,12,ma6,r2,-0.3587782642985221,-0.1876846201847666,-0.0491645369034824,0.3096137273950397,302,0,101170
E3,E2,N0,khong,12,naive,mae,0.1514153135421792,0.4649182658137881,3.6815778251599145,3.530162511617735,302,0,101170
E3,E2,N0,khong,12,naive,rmse,0.3570362657796322,1.3867216185280946,10.209596025791653,9.85255976001202,302,0,101170
E3,E2,N0,khong,12,naive,smape,5.216072626749324,12.704738274578316,31.943407258534613,26.72733463178529,302,0,101170
E3,E2,N0,khong,12,naive,mase,0.7595636446503289,1.4399804305765174,3.1728939575492205,2.413330312898892,302,0,101170
E3,E2,N0,khong,12,naive,r2,-0.951576306542724,-0.6168209223160894,-0.0684045728768881,0.8831717336658358,302,0,101170
E3,E2,N0,khong,12,seasonal,mae,0.2217700660657749,0.6644314143567873,4.32600302061123,4.104232954545455,302,0,101170
E3,E2,N0,khong,12,seasonal,rmse,0.4377587097856494,1.5367172080573206,10.061076827298129,9.62331811751248,302,0,101170
E3,E2,N0,khong,12,seasonal,smape,8.760920030443096,19.570210254956773,47.3985457716018,38.6376257411587,302,0,101170
E3,E2,N0,khong,12,seasonal,mase,0.9817993200377956,1.940666902752136,4.524870848324969,3.543071528287174,302,0,101170
E3,E2,N0,khong,12,seasonal,r2,-1.483669523618236,-0.94219188446899,-0.2670308259445879,1.216638697673648,302,0,101170
E3,E1,N1,khong,1,lr,mae,0.1845795365238424,0.6900083164711202,4.039636846720732,3.85505731019689,735,0,254310
E3,E1,N1,khong,1,lr,rmse,0.369500044835592,1.443277257843986,7.503072085757951,7.13357204092236,735,0,254310
E3,E1,N1,khong,1,lr,smape,7.539772327513056,21.645232626387028,46.566917997027176,39.02714566951412,735,0,254310
E3,E1,N1,khong,1,lr,mase,1.1524173798196582,1.4178297992623083,1.874306579141345,0.7218891993216872,735,0,254310
E3,E1,N1,khong,1,lr,r2,-1.3316952496459675,-0.3262077625624116,0.6936841763151631,2.025379425961131,730,5,254310
E3,E2,N1,khong,1,lr,mae,0.2285465798204538,0.6464560009506093,2.6122052349687217,2.383658655148268,302,0,104492
E3,E2,N1,khong,1,lr,rmse,0.4457808243121606,1.35115486585741,5.0881660980890295,4.642385273776869,302,0,104492
E3,E2,N1,khong,1,lr,smape,8.417661828201481,20.06391773727276,46.3152820916523,37.89762026345082,302,0,104492
E3,E2,N1,khong,1,lr,mase,1.234238239554642,1.4955454853343657,2.230472655189132,0.9962344156344896,302,0,104492
E3,E2,N1,khong,1,lr,r2,-1.6550067412704983,-0.4547552423806918,0.5762948359805231,2.2313015772510214,302,0,104492
E3,E1,N1,khong,1,ridge,mae,0.1852879113527696,0.6897845760393563,4.049346383149046,3.864058471796276,735,0,254310
E3,E1,N1,khong,1,ridge,rmse,0.3698794919147951,1.445118948564288,7.508629447289554,7.138749955374759,735,0,254310
E3,E1,N1,khong,1,ridge,smape,7.558222283430473,21.809866278469386,46.577832971449865,39.01961068801939,735,0,254310
E3,E1,N1,khong,1,ridge,mase,1.1536843205424496,1.4192300514224423,1.881120263924232,0.7274359433817823,735,0,254310
E3,E1,N1,khong,1,ridge,r2,-1.3342459350083788,-0.3301166982740752,0.6946649530777562,2.028910888086135,730,5,254310
E3,E2,N1,khong,1,ridge,mae,0.2291889792833211,0.6466108517482395,2.64832154069716,2.4191325614138384,302,0,104492
E3,E2,N1,khong,1,ridge,rmse,0.4467431544400052,1.35547636540702,5.096119886877955,4.64937673243795,302,0,104492
E3,E2,N1,khong,1,ridge,smape,8.46255462537535,20.18142459689369,46.3516632434039,37.889108618028544,302,0,104492
E3,E2,N1,khong,1,ridge,mase,1.2367252569329172,1.4965767238840637,2.243799603399059,1.0070743464661416,302,0,104492
E3,E2,N1,khong,1,ridge,r2,-1.6579475259067131,-0.4591842905507289,0.5755709877570824,2.233518513663796,302,0,104492
E3,E1,N1,khong,1,ma6,mae,0.110393743486229,0.4007443343426002,4.325294751812093,4.214901008325864,735,0,254310
E3,E1,N1,khong,1,ma6,rmse,0.2342440532346199,1.0593756825070897,12.27716946080728,12.04292540757266,735,0,254310
E3,E1,N1,khong,1,ma6,smape,5.080183487710904,12.792172647779996,23.44566252959824,18.365479041887337,735,0,254310
E3,E1,N1,khong,1,ma6,mase,0.8161106061726553,1.1439163792515932,1.811272267237495,0.9951616610648396,735,0,254310
E3,E1,N1,khong,1,ma6,r2,-0.11542840513736,0.0906816401615057,0.5065483125814079,0.6219767177187678,730,5,254310
E3,E1,N1,khong,1,naive,mae,0.1159842646114322,0.4077071290944123,1.9981007431874485,1.8821164785760165,735,0,254310
E3,E1,N1,khong,1,naive,rmse,0.2991196434411375,1.1867281489127852,6.98023933330008,6.681119689858942,735,0,254310
E3,E1,N1,khong,1,naive,smape,4.737638720587974,9.480351502730132,15.941727763949164,11.20408904336119,735,0,254310
E3,E1,N1,khong,1,naive,mase,0.7611273607741588,0.9683267560062772,1.2175217031077912,0.4563943423336324,735,0,254310
E3,E1,N1,khong,1,naive,r2,-0.5643474806658484,0.0494237047228964,0.7287466454839717,1.29309412614982,730,5,254310
E3,E1,N1,khong,1,seasonal,mae,0.2045592694075353,0.5833608587943848,13.027043765483072,12.822484496075536,735,0,254310
E3,E1,N1,khong,1,seasonal,rmse,0.3681948028878185,1.336240382691116,22.378146034020247,22.00995123113243,735,0,254310
E3,E1,N1,khong,1,seasonal,smape,9.221408388845724,19.76821450443936,97.69083328553938,88.46942489669365,735,0,254310
E3,E1,N1,khong,1,seasonal,mase,1.2075337213946034,1.9019713255591704,4.8032765112539,3.5957427898592966,735,0,254310
E3,E1,N1,khong,1,seasonal,r2,-1.6981770534156468,-0.9853203627500172,-0.4650497128361379,1.233127340579509,730,5,254310
E3,E2,N1,khong,1,ma6,mae,0.1538527043765483,0.4099831406551059,2.672728862739701,2.518876158363153,302,0,104492
E3,E2,N1,khong,1,ma6,rmse,0.2909994948619503,1.0725498450752826,6.942744540006254,6.651745045144304,302,0,104492
E3,E2,N1,khong,1,ma6,smape,5.641191225657653,12.64980019928802,27.62023059027881,21.979039364621155,302,0,104492
E3,E2,N1,khong,1,ma6,mase,0.7833682804904883,1.131888108743642,2.344000779279049,1.5606324987885607,302,0,104492
E3,E2,N1,khong,1,ma6,r2,-0.2019030212423998,-0.0653761582364315,0.351984499613185,0.5538875208555849,302,0,104492
E3,E2,N1,khong,1,naive,mae,0.1493514313239746,0.4140311037709882,1.5524841728598957,1.403132741535921,302,0,104492
E3,E2,N1,khong,1,naive,rmse,0.3539186649903049,1.1163320988389458,4.616851088334903,4.262932423344598,302,0,104492
E3,E2,N1,khong,1,naive,smape,5.133720752279617,10.84516067824362,19.90302285768643,14.769302105406814,302,0,104492
E3,E2,N1,khong,1,naive,mase,0.8403180781954053,1.0366111468479566,1.5005089953693287,0.6601909171739234,302,0,104492
E3,E2,N1,khong,1,naive,r2,-0.7968314539756255,-0.0710302374440685,0.628646891282471,1.4254783452580964,302,0,104492
E3,E2,N1,khong,1,seasonal,mae,0.2314349366914395,0.5996881881365262,3.6570247691454334,3.4255898324539946,302,0,104492
E3,E2,N1,khong,1,seasonal,rmse,0.4327348549244975,1.310730097897849,8.944734444010859,8.511999589086361,302,0,104492
E3,E2,N1,khong,1,seasonal,smape,9.607966616482017,18.94994804382252,46.64013501517019,37.03216839868817,302,0,104492
E3,E2,N1,khong,1,seasonal,mase,1.0312831008141004,1.736112451523507,3.617974395622676,2.586691294808576,302,0,104492
E3,E2,N1,khong,1,seasonal,r2,-1.4779786944172528,-0.8953840406387032,-0.2338242989170905,1.2441543955001624,302,0,104492
E3,E1,N1,khong,6,lr,mae,0.3613802714932917,1.5518119762378528,15.816430926795244,15.455050655301951,735,0,250635
E3,E1,N1,khong,6,lr,rmse,0.5428509774855239,2.1907643304632307,20.720020699146467,20.177169721660945,735,0,250635
E3,E1,N1,khong,6,lr,smape,15.258207371204302,40.0740142904728,78.32403778779957,63.06583041659527,735,0,250635
E3,E1,N1,khong,6,lr,mase,2.564464182926824,3.526547265550131,5.8127588548261215,3.248294671899297,735,0,250635
E3,E1,N1,khong,6,lr,r2,-3.741993889275429,-2.1795113515538977,-0.3622715067598064,3.379722382515623,730,5,250635
E3,E2,N1,khong,6,lr,mae,0.4762249205380965,1.701509126373962,8.420497422096144,7.944272501558047,302,0,102982
E3,E2,N1,khong,6,lr,rmse,0.6688665340499695,2.4067343855871783,11.538441620015412,10.869575085965442,302,0,102982
E3,E2,N1,khong,6,lr,smape,17.190385317636984,39.20945119174255,100.2001234774532,83.00973815981621,302,0,102982
E3,E2,N1,khong,6,lr,mase,2.382543146078344,4.154505290127618,6.714629980033279,4.332086833954936,302,0,102982
E3,E2,N1,khong,6,lr,r2,-4.099894369282072,-2.4497395104606703,-0.7972079756557378,3.302686393626334,302,0,102982
E3,E1,N1,khong,6,ridge,mae,0.3582922563575673,1.5206347961866795,15.86191283660692,15.503620580249352,735,0,250635
E3,E1,N1,khong,6,ridge,rmse,0.5356113337228587,2.1537648121561275,20.562760593228163,20.027149259505304,735,0,250635
E3,E1,N1,khong,6,ridge,smape,15.159221988301509,39.785193951587786,77.83965991441859,62.68043792611708,735,0,250635
E3,E1,N1,khong,6,ridge,mase,2.5506511058047963,3.504442746321748,5.814884705702799,3.2642335998980023,735,0,250635
E3,E1,N1,khong,6,ridge,r2,-3.607026646474269,-2.1035508369763347,-0.344239939225782,3.262786707248487,730,5,250635
E3,E2,N1,khong,6,ridge,mae,0.4733565914920265,1.6809820768443262,8.429103307543999,7.955746716051972,302,0,102982
E3,E2,N1,khong,6,ridge,rmse,0.6578372303498057,2.374466960217726,11.481632296200416,10.823795065850607,302,0,102982
E3,E2,N1,khong,6,ridge,smape,17.253662868972963,39.15628979928378,100.34329372267776,83.0896308537048,302,0,102982
E3,E2,N1,khong,6,ridge,mase,2.3536840155842977,4.14018828793381,6.669304765283412,4.315620749699114,302,0,102982
E3,E2,N1,khong,6,ridge,r2,-3.934401902915311,-2.36457848921605,-0.7738651948526687,3.160536708062642,302,0,102982
E3,E1,N1,khong,6,ma6,mae,0.118189964157706,0.4262870641902899,5.698110133594005,5.579920169436299,735,0,250635
E3,E1,N1,khong,6,ma6,rmse,0.2405353427314345,1.0908746132755782,16.761858251770718,16.521322909039284,735,0,250635
E3,E1,N1,khong,6,ma6,smape,5.975263340565673,13.760307210071554,32.391318089294856,26.41605474872918,735,0,250635
E3,E1,N1,khong,6,ma6,mase,0.8569837050647096,1.3306880131911905,2.4526716409744767,1.595687935909767,735,0,250635
E3,E1,N1,khong,6,ma6,r2,-0.188417554339607,-0.0184523376154641,0.3341042219178702,0.5225217762574772,730,5,250635
E3,E1,N1,khong,6,naive,mae,0.1217986314760508,0.4660801564027368,5.168768328445748,5.046969696969697,735,0,250635
E3,E1,N1,khong,6,naive,rmse,0.3050760139804112,1.351812073155363,14.837693368810047,14.532617354829636,735,0,250635
E3,E1,N1,khong,6,naive,smape,5.863030040759953,12.383935169080653,25.40685435230823,19.54382431154828,735,0,250635
E3,E1,N1,khong,6,naive,mase,0.9419586151092708,1.365781794303431,2.245541876913572,1.3035832618043006,735,0,250635
E3,E1,N1,khong,6,naive,r2,-0.9037456588447704,-0.445702519016671,0.2664497217689465,1.170195380613717,730,5,250635
E3,E1,N1,khong,6,seasonal,mae,0.1989491691104594,0.6005301150462441,13.490272473941827,13.29132330483137,735,0,250635
E3,E1,N1,khong,6,seasonal,rmse,0.367504629688224,1.315610462690445,23.4353781004644,23.06787347077617,735,0,250635
E3,E1,N1,khong,6,seasonal,smape,9.05140909640785,20.662545515852685,97.34895650608544,88.29754740967759,735,0,250635
E3,E1,N1,khong,6,seasonal,mase,1.2062391018080958,2.020987061748379,4.937843702599956,3.73160460079186,735,0,250635
E3,E1,N1,khong,6,seasonal,r2,-1.732513177161865,-1.030169132341181,-0.5047572009122452,1.2277559762496195,730,5,250635
E3,E2,N1,khong,6,ma6,mae,0.1502286691802824,0.4466136014523111,3.516106921752083,3.3658782525718003,302,0,102982
E3,E2,N1,khong,6,ma6,rmse,0.2960420181378536,1.1030950260519925,9.174840444790604,8.87879842665275,302,0,102982
E3,E2,N1,khong,6,ma6,smape,5.942399536947526,14.136673558714117,32.393437994689435,26.45103845774191,302,0,102982
E3,E2,N1,khong,6,ma6,mase,0.7835085387753631,1.2940617002637738,2.840736542625937,2.057228003850573,302,0,102982
E3,E2,N1,khong,6,ma6,r2,-0.2241353708845661,-0.0815948382898481,0.0950688743062816,0.3192042451908476,302,0,102982
E3,E2,N1,khong,6,naive,mae,0.1703550481776288,0.4807987711213518,3.186587068845133,3.0162320206675046,302,0,102982
E3,E2,N1,khong,6,naive,rmse,0.3675436949653333,1.3919800593738558,9.145744634868167,8.778200939902835,302,0,102982
E3,E2,N1,khong,6,naive,smape,6.234226986774637,14.040678358325197,28.015010377143867,21.78078339036923,302,0,102982
E3,E2,N1,khong,6,naive,mase,0.9502681275515148,1.3738582862275623,2.7237365917698964,1.7734684642183816,302,0,102982
E3,E2,N1,khong,6,naive,r2,-1.0212537378616848,-0.7373032450367851,-0.0334340520905988,0.987819685771086,302,0,102982
E3,E2,N1,khong,6,seasonal,mae,0.2320817623236978,0.7206605222734255,4.266275659824046,4.034193897500349,302,0,102982
E3,E2,N1,khong,6,seasonal,rmse,0.4410830413901536,1.525229579180075,10.2744859620524,9.833402920662245,302,0,102982
E3,E2,N1,khong,6,seasonal,smape,9.544368978193638,20.04752737341606,46.86031143323049,37.31594245503685,302,0,102982
E3,E2,N1,khong,6,seasonal,mase,1.075772205841881,2.044025063269125,4.340616370864421,3.26484416502254,302,0,102982
E3,E2,N1,khong,6,seasonal,r2,-1.6419523214204783,-1.0069625022384356,-0.4791392648780159,1.1628130565424626,302,0,102982
E3,E1,N1,khong,12,lr,mae,0.5033059725249224,2.254011559766118,28.3285046540244,27.825198681499472,735,0,246225
E3,E1,N1,khong,12,lr,rmse,0.6228312850511692,2.829314230761501,31.744262633217787,31.121431348166617,735,0,246225
E3,E1,N1,khong,12,lr,smape,22.552767300589487,54.27028459205384,89.72957960156221,67.17681230097273,735,0,246225
E3,E1,N1,khong,12,lr,mase,3.4305127141914067,5.029436844779888,10.130862835560908,6.700350121369501,735,0,246225
E3,E1,N1,khong,12,lr,r2,-4.5449906004013805,-2.901183475672904,-1.503598175269781,3.0413924251316,730,5,246225
E3,E2,N1,khong,12,lr,mae,0.627806800002593,2.40759242021595,13.454776711457594,12.826969911455,302,0,101170
E3,E2,N1,khong,12,lr,rmse,0.7491142043296144,2.9147307352451906,16.204489383850188,15.455375179520573,302,0,101170
E3,E2,N1,khong,12,lr,smape,23.55312685866076,54.42556727692282,121.8839289467363,98.33080208807554,302,0,101170
E3,E2,N1,khong,12,lr,mase,3.0769834902855733,6.003557080052199,10.321934806412346,7.244951316126772,302,0,101170
E3,E2,N1,khong,12,lr,r2,-5.41234851356581,-2.8660028961722053,-1.6982263141634482,3.714122199402362,302,0,101170
E3,E1,N1,khong,12,ridge,mae,0.502764068317652,2.2468511888841087,28.27370882357533,27.77094475525768,735,0,246225
E3,E1,N1,khong,12,ridge,rmse,0.6218173460238923,2.821028228570856,31.631256746082823,31.00943940005893,735,0,246225
E3,E1,N1,khong,12,ridge,smape,22.531251411620417,54.2595914806418,89.69676665378795,67.16551524216753,735,0,246225
E3,E1,N1,khong,12,ridge,mase,3.4263413824190563,5.025916914180243,10.1216692178895,6.695327835470445,735,0,246225
E3,E1,N1,khong,12,ridge,r2,-4.51312597984748,-2.870282051605672,-1.4938087105562832,3.019317269291197,730,5,246225
E3,E2,N1,khong,12,ridge,mae,0.6272274881528443,2.405585983850332,13.43119420809211,12.803966719939266,302,0,101170
E3,E2,N1,khong,12,ridge,rmse,0.7473435117460536,2.908609310473436,16.175627694062992,15.428284182316938,302,0,101170
E3,E2,N1,khong,12,ridge,smape,23.539816883951083,54.43349894939169,121.86450443410186,98.32468755015076,302,0,101170
E3,E2,N1,khong,12,ridge,mase,3.0694491064257363,5.978375818230871,10.318296033143453,7.248846926717716,302,0,101170
E3,E2,N1,khong,12,ridge,r2,-5.400021101592351,-2.842446158095401,-1.6810035645355494,3.7190175370568017,302,0,101170
E3,E1,N1,khong,12,ma6,mae,0.1347558473864444,0.4558156188753204,7.014531919158785,6.879776071772341,735,0,246225
E3,E1,N1,khong,12,ma6,rmse,0.25931130352537,1.111426364895347,18.408990122321168,18.1496788187958,735,0,246225
E3,E1,N1,khong,12,ma6,smape,6.535508924229029,14.520183317041008,40.84452363809564,34.30901471386661,735,0,246225
E3,E1,N1,khong,12,ma6,mase,0.9561140462782468,1.3962930465551435,2.814811180505779,1.858697134227532,735,0,246225
E3,E1,N1,khong,12,ma6,r2,-0.2389956269409342,-0.132743141242109,0.1506119610582942,0.3896075879992284,730,5,246225
E3,E1,N1,khong,12,naive,mae,0.1028358208955224,0.4493532338308457,6.719764812302126,6.616928991406604,735,0,246225
E3,E1,N1,khong,12,naive,rmse,0.2839079742425555,1.3775528088946472,17.873999694673202,17.590091720430646,735,0,246225
E3,E1,N1,khong,12,naive,smape,4.775572239312652,11.545993866828844,35.26282099276322,30.487248753450565,735,0,246225
E3,E1,N1,khong,12,naive,mase,0.7980182576452111,1.3996912177458785,2.695994217063193,1.897975959417982,735,0,246225
E3,E1,N1,khong,12,naive,r2,-0.8623637726485143,-0.3643508899119527,0.2025560091190408,1.064919781767555,730,5,246225
E3,E1,N1,khong,12,seasonal,mae,0.1804145936981758,0.5817812722103767,13.306924307036248,13.126509713338072,735,0,246225
E3,E1,N1,khong,12,seasonal,rmse,0.3557874103916361,1.3108755445123932,23.28632562955037,22.93053821915873,735,0,246225
E3,E1,N1,khong,12,seasonal,smape,7.971153513866833,20.01790560928047,92.38389596034608,84.41274244647924,735,0,246225
E3,E1,N1,khong,12,seasonal,mase,1.1193873169679345,1.9214194378612843,5.017434115569048,3.898046798601114,735,0,246225
E3,E1,N1,khong,12,seasonal,r2,-1.6598809831819283,-0.8908985499526633,-0.3793112570197209,1.280569726162207,730,5,246225
E3,E2,N1,khong,12,ma6,mae,0.1651365197820421,0.4632921245421245,3.798718313195925,3.633581793413883,302,0,101170
E3,E2,N1,khong,12,ma6,rmse,0.2969308585650491,1.1148629896239068,10.037563421214678,9.740632562649628,302,0,101170
E3,E2,N1,khong,12,ma6,smape,6.497973271285784,15.344176068900492,38.22842538369924,31.730452112413456,302,0,101170
E3,E2,N1,khong,12,ma6,mase,0.841735849432535,1.368815529483027,3.197542629579294,2.355806780146759,302,0,101170
E3,E2,N1,khong,12,ma6,r2,-0.3587782642985221,-0.1876846201847666,-0.0491645369034824,0.3096137273950397,302,0,101170
E3,E2,N1,khong,12,naive,mae,0.1514153135421792,0.4649182658137881,3.6815778251599145,3.530162511617735,302,0,101170
E3,E2,N1,khong,12,naive,rmse,0.3570362657796322,1.3867216185280946,10.209596025791653,9.85255976001202,302,0,101170
E3,E2,N1,khong,12,naive,smape,5.216072626749324,12.704738274578316,31.943407258534613,26.72733463178529,302,0,101170
E3,E2,N1,khong,12,naive,mase,0.7595636446503289,1.4399804305765174,3.1728939575492205,2.413330312898892,302,0,101170
E3,E2,N1,khong,12,naive,r2,-0.951576306542724,-0.6168209223160894,-0.0684045728768881,0.8831717336658358,302,0,101170
E3,E2,N1,khong,12,seasonal,mae,0.2217700660657749,0.6644314143567873,4.32600302061123,4.104232954545455,302,0,101170
E3,E2,N1,khong,12,seasonal,rmse,0.4377587097856494,1.5367172080573206,10.061076827298129,9.62331811751248,302,0,101170
E3,E2,N1,khong,12,seasonal,smape,8.760920030443096,19.570210254956773,47.3985457716018,38.6376257411587,302,0,101170
E3,E2,N1,khong,12,seasonal,mase,0.9817993200377956,1.940666902752136,4.524870848324969,3.543071528287174,302,0,101170
E3,E2,N1,khong,12,seasonal,r2,-1.483669523618236,-0.94219188446899,-0.2670308259445879,1.216638697673648,302,0,101170
E3,E1,N2,khong,1,lr,mae,0.3875635632261388,0.6064772178714505,3.2831683824915334,2.8956048192653947,735,0,254310
E3,E1,N2,khong,1,lr,rmse,0.4357259885950942,1.0517613746687386,7.574994589258568,7.139268600663474,735,0,254310
E3,E1,N2,khong,1,lr,smape,18.94687289409082,24.34372055972032,32.83943130031541,13.892558406224593,735,0,254310
E3,E1,N2,khong,1,lr,mase,1.247664089823454,1.8984068661255629,3.3034390037049146,2.0557749138814607,735,0,254310
E3,E1,N2,khong,1,lr,r2,-2.009526073717053,-0.1622078348535903,0.6772939852718646,2.6868200589889177,730,5,254310
E3,E2,N2,khong,1,lr,mae,0.3950160621442793,0.5530739864611582,1.958508029992499,1.5634919678482198,302,0,104492
E3,E2,N2,khong,1,lr,rmse,0.4662845928487251,1.0361547400474105,4.918449042453563,4.452164449604839,302,0,104492
E3,E2,N2,khong,1,lr,smape,18.30735681452194,24.5457282191609,37.67083980943206,19.36348299491012,302,0,104492
E3,E2,N2,khong,1,lr,mase,1.3292493901494349,2.2762730157734232,3.628658793504379,2.299409403354944,302,0,104492
E3,E2,N2,khong,1,lr,r2,-1.8497718551608853,-0.2997982745182858,0.6011232549920855,2.4508951101529712,302,0,104492
E3,E1,N2,khong,1,ridge,mae,0.3877588481414037,0.6066874781069309,3.2827453578782526,2.894986509736849,735,0,254310
E3,E1,N2,khong,1,ridge,rmse,0.4359247489723087,1.0519365122064628,7.573727611511964,7.137802862539655,735,0,254310
E3,E1,N2,khong,1,ridge,smape,18.955456220766447,24.35414588547629,32.85017876425776,13.894722543491316,735,0,254310
E3,E1,N2,khong,1,ridge,mase,1.2476489524617125,1.8983943639556904,3.304947884865405,2.057298932403693,735,0,254310
E3,E1,N2,khong,1,ridge,r2,-2.0118025315889283,-0.162651278663079,0.6772833800579189,2.689085911646848,730,5,254310
E3,E2,N2,khong,1,ridge,mae,0.395211410234572,0.5531980670276364,1.9583906798368849,1.5631792696023128,302,0,104492
E3,E2,N2,khong,1,ridge,rmse,0.4664852419507856,1.0362887042157478,4.918431520501871,4.451946278551086,302,0,104492
E3,E2,N2,khong,1,ridge,smape,18.315402505353003,24.55223128886448,37.67054933248254,19.35514682712953,302,0,104492
E3,E2,N2,khong,1,ridge,mase,1.329519276129015,2.2765274791530934,3.630615090246983,2.301095814117968,302,0,104492
E3,E2,N2,khong,1,ridge,r2,-1.8520652210025013,-0.3001608233109799,0.6010864542653997,2.453151675267901,302,0,104492
E3,E1,N2,khong,1,ma6,mae,0.110393743486229,0.4007443343426002,4.325294751812093,4.214901008325864,735,0,254310
E3,E1,N2,khong,1,ma6,rmse,0.2342440532346199,1.0593756825070897,12.27716946080728,12.04292540757266,735,0,254310
E3,E1,N2,khong,1,ma6,smape,5.080183487710904,12.792172647779996,23.44566252959824,18.365479041887337,735,0,254310
E3,E1,N2,khong,1,ma6,mase,0.8161106061726553,1.1439163792515932,1.811272267237495,0.9951616610648396,735,0,254310
E3,E1,N2,khong,1,ma6,r2,-0.11542840513736,0.0906816401615057,0.5065483125814079,0.6219767177187678,730,5,254310
E3,E1,N2,khong,1,naive,mae,0.1159842646114322,0.4077071290944123,1.9981007431874485,1.8821164785760165,735,0,254310
E3,E1,N2,khong,1,naive,rmse,0.2991196434411375,1.1867281489127852,6.98023933330008,6.681119689858942,735,0,254310
E3,E1,N2,khong,1,naive,smape,4.737638720587974,9.480351502730132,15.941727763949164,11.20408904336119,735,0,254310
E3,E1,N2,khong,1,naive,mase,0.7611273607741588,0.9683267560062772,1.2175217031077912,0.4563943423336324,735,0,254310
E3,E1,N2,khong,1,naive,r2,-0.5643474806658484,0.0494237047228964,0.7287466454839717,1.29309412614982,730,5,254310
E3,E1,N2,khong,1,seasonal,mae,0.2045592694075353,0.5833608587943848,13.027043765483072,12.822484496075536,735,0,254310
E3,E1,N2,khong,1,seasonal,rmse,0.3681948028878185,1.336240382691116,22.378146034020247,22.00995123113243,735,0,254310
E3,E1,N2,khong,1,seasonal,smape,9.221408388845724,19.76821450443936,97.69083328553938,88.46942489669365,735,0,254310
E3,E1,N2,khong,1,seasonal,mase,1.2075337213946034,1.9019713255591704,4.8032765112539,3.5957427898592966,735,0,254310
E3,E1,N2,khong,1,seasonal,r2,-1.6981770534156468,-0.9853203627500172,-0.4650497128361379,1.233127340579509,730,5,254310
E3,E2,N2,khong,1,ma6,mae,0.1538527043765483,0.4099831406551059,2.672728862739701,2.518876158363153,302,0,104492
E3,E2,N2,khong,1,ma6,rmse,0.2909994948619503,1.0725498450752826,6.942744540006254,6.651745045144304,302,0,104492
E3,E2,N2,khong,1,ma6,smape,5.641191225657653,12.64980019928802,27.62023059027881,21.979039364621155,302,0,104492
E3,E2,N2,khong,1,ma6,mase,0.7833682804904883,1.131888108743642,2.344000779279049,1.5606324987885607,302,0,104492
E3,E2,N2,khong,1,ma6,r2,-0.2019030212423998,-0.0653761582364315,0.351984499613185,0.5538875208555849,302,0,104492
E3,E2,N2,khong,1,naive,mae,0.1493514313239746,0.4140311037709882,1.5524841728598957,1.403132741535921,302,0,104492
E3,E2,N2,khong,1,naive,rmse,0.3539186649903049,1.1163320988389458,4.616851088334903,4.262932423344598,302,0,104492
E3,E2,N2,khong,1,naive,smape,5.133720752279617,10.84516067824362,19.90302285768643,14.769302105406814,302,0,104492
E3,E2,N2,khong,1,naive,mase,0.8403180781954053,1.0366111468479566,1.5005089953693287,0.6601909171739234,302,0,104492
E3,E2,N2,khong,1,naive,r2,-0.7968314539756255,-0.0710302374440685,0.628646891282471,1.4254783452580964,302,0,104492
E3,E2,N2,khong,1,seasonal,mae,0.2314349366914395,0.5996881881365262,3.6570247691454334,3.4255898324539946,302,0,104492
E3,E2,N2,khong,1,seasonal,rmse,0.4327348549244975,1.310730097897849,8.944734444010859,8.511999589086361,302,0,104492
E3,E2,N2,khong,1,seasonal,smape,9.607966616482017,18.94994804382252,46.64013501517019,37.03216839868817,302,0,104492
E3,E2,N2,khong,1,seasonal,mase,1.0312831008141004,1.736112451523507,3.617974395622676,2.586691294808576,302,0,104492
E3,E2,N2,khong,1,seasonal,r2,-1.4779786944172528,-0.8953840406387032,-0.2338242989170905,1.2441543955001624,302,0,104492
E3,E1,N2,khong,6,lr,mae,0.1756336281556577,0.5242842609518951,5.219784679882725,5.044151051727067,735,0,250635
E3,E1,N2,khong,6,lr,rmse,0.3263854289557638,1.366116459055365,14.833196061060464,14.5068106321047,735,0,250635
E3,E1,N2,khong,6,lr,smape,9.136118356111153,15.868322889904997,30.50962675647964,21.37350840036848,735,0,250635
E3,E1,N2,khong,6,lr,mase,1.332499902079245,1.7882571459407932,2.547659209956805,1.2151593078775602,735,0,250635
E3,E1,N2,khong,6,lr,r2,-1.1001517953600923,-0.7067210014559724,0.139511826156831,1.2396636215169234,730,5,250635
E3,E2,N2,khong,6,lr,mae,0.218746359838576,0.5218843699204112,3.2721166212992445,3.0533702614606684,302,0,102982
E3,E2,N2,khong,6,lr,rmse,0.3851178268082267,1.4082327840155098,9.146955333202987,8.761837506394762,302,0,102982
E3,E2,N2,khong,6,lr,smape,9.21716252334502,16.624019536397924,37.67570355339046,28.45854103004544,302,0,102982
E3,E2,N2,khong,6,lr,mase,1.2646356960846408,1.7058913011105623,3.1323026942199577,1.867666998135317,302,0,102982
E3,E2,N2,khong,6,lr,r2,-1.1582735761923262,-0.9233537705669208,-0.1371324290819565,1.0211411471103695,302,0,102982
E3,E1,N2,khong,6,ridge,mae,0.175474411446366,0.524138725910425,5.219769615547508,5.044295204101141,735,0,250635
E3,E1,N2,khong,6,ridge,rmse,0.3263132492116581,1.3660711570412536,14.833196455454356,14.506883206242698,735,0,250635
E3,E1,N2,khong,6,ridge,smape,9.125280909878793,15.85499278634472,30.50323198000953,21.37795107013073,735,0,250635
E3,E1,N2,khong,6,ridge,mase,1.3320670426873766,1.787205488437038,2.547634761780045,1.2155677190926686,735,0,250635
E3,E1,N2,khong,6,ridge,r2,-1.0999457699301975,-0.7064152051817056,0.1396847531626074,1.239630523092805,730,5,250635
E3,E2,N2,khong,6,ridge,mae,0.2186186313064207,0.521770001782071,3.272076714341228,3.0534580830348075,302,0,102982
E3,E2,N2,khong,6,ridge,rmse,0.3850554503195658,1.4081999773804714,9.146822622928484,8.761767172608918,302,0,102982
E3,E2,N2,khong,6,ridge,smape,9.21533652777818,16.623299883271457,37.6617435662179,28.446407038439723,302,0,102982
E3,E2,N2,khong,6,ridge,mase,1.264513665344549,1.704719548730424,3.1314665732718248,1.866952907927276,302,0,102982
E3,E2,N2,khong,6,ridge,r2,-1.1579792095145145,-0.9233232111229334,-0.1371364244982593,1.020842785016255,302,0,102982
E3,E1,N2,khong,6,ma6,mae,0.118189964157706,0.4262870641902899,5.698110133594005,5.579920169436299,735,0,250635
E3,E1,N2,khong,6,ma6,rmse,0.2405353427314345,1.0908746132755782,16.761858251770718,16.521322909039284,735,0,250635
E3,E1,N2,khong,6,ma6,smape,5.975263340565673,13.760307210071554,32.391318089294856,26.41605474872918,735,0,250635
E3,E1,N2,khong,6,ma6,mase,0.8569837050647096,1.3306880131911905,2.4526716409744767,1.595687935909767,735,0,250635
E3,E1,N2,khong,6,ma6,r2,-0.188417554339607,-0.0184523376154641,0.3341042219178702,0.5225217762574772,730,5,250635
E3,E1,N2,khong,6,naive,mae,0.1217986314760508,0.4660801564027368,5.168768328445748,5.046969696969697,735,0,250635
E3,E1,N2,khong,6,naive,rmse,0.3050760139804112,1.351812073155363,14.837693368810047,14.532617354829636,735,0,250635
E3,E1,N2,khong,6,naive,smape,5.863030040759953,12.383935169080653,25.40685435230823,19.54382431154828,735,0,250635
E3,E1,N2,khong,6,naive,mase,0.9419586151092708,1.365781794303431,2.245541876913572,1.3035832618043006,735,0,250635
E3,E1,N2,khong,6,naive,r2,-0.9037456588447704,-0.445702519016671,0.2664497217689465,1.170195380613717,730,5,250635
E3,E1,N2,khong,6,seasonal,mae,0.1989491691104594,0.6005301150462441,13.490272473941827,13.29132330483137,735,0,250635
E3,E1,N2,khong,6,seasonal,rmse,0.367504629688224,1.315610462690445,23.4353781004644,23.06787347077617,735,0,250635
E3,E1,N2,khong,6,seasonal,smape,9.05140909640785,20.662545515852685,97.34895650608544,88.29754740967759,735,0,250635
E3,E1,N2,khong,6,seasonal,mase,1.2062391018080958,2.020987061748379,4.937843702599956,3.73160460079186,735,0,250635
E3,E1,N2,khong,6,seasonal,r2,-1.732513177161865,-1.030169132341181,-0.5047572009122452,1.2277559762496195,730,5,250635
E3,E2,N2,khong,6,ma6,mae,0.1502286691802824,0.4466136014523111,3.516106921752083,3.3658782525718003,302,0,102982
E3,E2,N2,khong,6,ma6,rmse,0.2960420181378536,1.1030950260519925,9.174840444790604,8.87879842665275,302,0,102982
E3,E2,N2,khong,6,ma6,smape,5.942399536947526,14.136673558714117,32.393437994689435,26.45103845774191,302,0,102982
E3,E2,N2,khong,6,ma6,mase,0.7835085387753631,1.2940617002637738,2.840736542625937,2.057228003850573,302,0,102982
E3,E2,N2,khong,6,ma6,r2,-0.2241353708845661,-0.0815948382898481,0.0950688743062816,0.3192042451908476,302,0,102982
E3,E2,N2,khong,6,naive,mae,0.1703550481776288,0.4807987711213518,3.186587068845133,3.0162320206675046,302,0,102982
E3,E2,N2,khong,6,naive,rmse,0.3675436949653333,1.3919800593738558,9.145744634868167,8.778200939902835,302,0,102982
E3,E2,N2,khong,6,naive,smape,6.234226986774637,14.040678358325197,28.015010377143867,21.78078339036923,302,0,102982
E3,E2,N2,khong,6,naive,mase,0.9502681275515148,1.3738582862275623,2.7237365917698964,1.7734684642183816,302,0,102982
E3,E2,N2,khong,6,naive,r2,-1.0212537378616848,-0.7373032450367851,-0.0334340520905988,0.987819685771086,302,0,102982
E3,E2,N2,khong,6,seasonal,mae,0.2320817623236978,0.7206605222734255,4.266275659824046,4.034193897500349,302,0,102982
E3,E2,N2,khong,6,seasonal,rmse,0.4410830413901536,1.525229579180075,10.2744859620524,9.833402920662245,302,0,102982
E3,E2,N2,khong,6,seasonal,smape,9.544368978193638,20.04752737341606,46.86031143323049,37.31594245503685,302,0,102982
E3,E2,N2,khong,6,seasonal,mase,1.075772205841881,2.044025063269125,4.340616370864421,3.26484416502254,302,0,102982
E3,E2,N2,khong,6,seasonal,r2,-1.6419523214204783,-1.0069625022384356,-0.4791392648780159,1.1628130565424626,302,0,102982
E3,E1,N2,khong,12,lr,mae,0.1857629097928143,0.5256484691551384,6.781837108583256,6.596074198790442,735,0,246225
E3,E1,N2,khong,12,lr,rmse,0.3193572657168539,1.414417419746515,18.1232780584624,17.803920792745547,735,0,246225
E3,E1,N2,khong,12,lr,smape,10.134690759382188,16.552048339512957,41.3707914843406,31.23610072495841,735,0,246225
E3,E1,N2,khong,12,lr,mase,1.409765259321025,2.029532312952479,3.1189870922435463,1.7092218329225213,735,0,246225
E3,E1,N2,khong,12,lr,r2,-1.1959364494709337,-0.744670746202997,0.0040009287406621,1.1999373782115956,730,5,246225
E3,E2,N2,khong,12,lr,mae,0.2173160478599165,0.524778103867502,3.767672159500188,3.550356111640272,302,0,101170
E3,E2,N2,khong,12,lr,rmse,0.3862874432454456,1.4254352210361063,10.29466947704756,9.908382033802114,302,0,101170
E3,E2,N2,khong,12,lr,smape,9.789220033558577,16.691750195938404,47.50707557800911,37.71785554445053,302,0,101170
E3,E2,N2,khong,12,lr,mase,1.2491349225257773,1.8436938261054523,3.659298925951566,2.4101640034257885,302,0,101170
E3,E2,N2,khong,12,lr,r2,-1.1352738972695071,-0.90138818631544,-0.385181633314451,0.7500922639550563,302,0,101170
E3,E1,N2,khong,12,ridge,mae,0.1858205074759317,0.5256643057058193,6.781808661025456,6.595988153549524,735,0,246225
E3,E1,N2,khong,12,ridge,rmse,0.3193770112088268,1.4143853072760757,18.12280368647893,17.80342667527011,735,0,246225
E3,E1,N2,khong,12,ridge,smape,10.136200946421866,16.554617841973936,41.37078153298323,31.234580586561364,735,0,246225
E3,E1,N2,khong,12,ridge,mase,1.4100225561892907,2.0304136735406857,3.1199584750516047,1.709935918862314,735,0,246225
E3,E1,N2,khong,12,ridge,r2,-1.1965012181255277,-0.744964541068866,0.0040118082491737,1.2005130263747013,730,5,246225
E3,E2,N2,khong,12,ridge,mae,0.2173511324346093,0.5247819703910999,3.767623992696064,3.550272860261455,302,0,101170
E3,E2,N2,khong,12,ridge,rmse,0.3863067700188071,1.4254187861064267,10.29458894932406,9.908282179305251,302,0,101170
E3,E2,N2,khong,12,ridge,smape,9.792830916729557,16.69341417717255,47.49802244047926,37.7051915237497,302,0,101170
E3,E2,N2,khong,12,ridge,mase,1.2492004912824457,1.8438889574927075,3.659322259014672,2.4101217677322264,302,0,101170
E3,E2,N2,khong,12,ridge,r2,-1.1357027480579702,-0.90140191962947,-0.3852507534724306,0.7504519945855397,302,0,101170
E3,E1,N2,khong,12,ma6,mae,0.1347558473864444,0.4558156188753204,7.014531919158785,6.879776071772341,735,0,246225
E3,E1,N2,khong,12,ma6,rmse,0.25931130352537,1.111426364895347,18.408990122321168,18.1496788187958,735,0,246225
E3,E1,N2,khong,12,ma6,smape,6.535508924229029,14.520183317041008,40.84452363809564,34.30901471386661,735,0,246225
E3,E1,N2,khong,12,ma6,mase,0.9561140462782468,1.3962930465551435,2.814811180505779,1.858697134227532,735,0,246225
E3,E1,N2,khong,12,ma6,r2,-0.2389956269409342,-0.132743141242109,0.1506119610582942,0.3896075879992284,730,5,246225
E3,E1,N2,khong,12,naive,mae,0.1028358208955224,0.4493532338308457,6.719764812302126,6.616928991406604,735,0,246225
E3,E1,N2,khong,12,naive,rmse,0.2839079742425555,1.3775528088946472,17.873999694673202,17.590091720430646,735,0,246225
E3,E1,N2,khong,12,naive,smape,4.775572239312652,11.545993866828844,35.26282099276322,30.487248753450565,735,0,246225
E3,E1,N2,khong,12,naive,mase,0.7980182576452111,1.3996912177458785,2.695994217063193,1.897975959417982,735,0,246225
E3,E1,N2,khong,12,naive,r2,-0.8623637726485143,-0.3643508899119527,0.2025560091190408,1.064919781767555,730,5,246225
E3,E1,N2,khong,12,seasonal,mae,0.1804145936981758,0.5817812722103767,13.306924307036248,13.126509713338072,735,0,246225
E3,E1,N2,khong,12,seasonal,rmse,0.3557874103916361,1.3108755445123932,23.28632562955037,22.93053821915873,735,0,246225
E3,E1,N2,khong,12,seasonal,smape,7.971153513866833,20.01790560928047,92.38389596034608,84.41274244647924,735,0,246225
E3,E1,N2,khong,12,seasonal,mase,1.1193873169679345,1.9214194378612843,5.017434115569048,3.898046798601114,735,0,246225
E3,E1,N2,khong,12,seasonal,r2,-1.6598809831819283,-0.8908985499526633,-0.3793112570197209,1.280569726162207,730,5,246225
E3,E2,N2,khong,12,ma6,mae,0.1651365197820421,0.4632921245421245,3.798718313195925,3.633581793413883,302,0,101170
E3,E2,N2,khong,12,ma6,rmse,0.2969308585650491,1.1148629896239068,10.037563421214678,9.740632562649628,302,0,101170
E3,E2,N2,khong,12,ma6,smape,6.497973271285784,15.344176068900492,38.22842538369924,31.730452112413456,302,0,101170
E3,E2,N2,khong,12,ma6,mase,0.841735849432535,1.368815529483027,3.197542629579294,2.355806780146759,302,0,101170
E3,E2,N2,khong,12,ma6,r2,-0.3587782642985221,-0.1876846201847666,-0.0491645369034824,0.3096137273950397,302,0,101170
E3,E2,N2,khong,12,naive,mae,0.1514153135421792,0.4649182658137881,3.6815778251599145,3.530162511617735,302,0,101170
E3,E2,N2,khong,12,naive,rmse,0.3570362657796322,1.3867216185280946,10.209596025791653,9.85255976001202,302,0,101170
E3,E2,N2,khong,12,naive,smape,5.216072626749324,12.704738274578316,31.943407258534613,26.72733463178529,302,0,101170
E3,E2,N2,khong,12,naive,mase,0.7595636446503289,1.4399804305765174,3.1728939575492205,2.413330312898892,302,0,101170
E3,E2,N2,khong,12,naive,r2,-0.951576306542724,-0.6168209223160894,-0.0684045728768881,0.8831717336658358,302,0,101170
E3,E2,N2,khong,12,seasonal,mae,0.2217700660657749,0.6644314143567873,4.32600302061123,4.104232954545455,302,0,101170
E3,E2,N2,khong,12,seasonal,rmse,0.4377587097856494,1.5367172080573206,10.061076827298129,9.62331811751248,302,0,101170
E3,E2,N2,khong,12,seasonal,smape,8.760920030443096,19.570210254956773,47.3985457716018,38.6376257411587,302,0,101170
E3,E2,N2,khong,12,seasonal,mase,0.9817993200377956,1.940666902752136,4.524870848324969,3.543071528287174,302,0,101170
E3,E2,N2,khong,12,seasonal,r2,-1.483669523618236,-0.94219188446899,-0.2670308259445879,1.216638697673648,302,0,101170
E1,E2,N0,khong,1,rf,mae,0.1507466601676519,0.4220434870626067,1.7388607194655448,1.5881140592978928,302,0,104492
E1,E2,N0,khong,1,rf,rmse,0.2993120697340102,1.202485389030204,4.812466677429944,4.513154607695934,302,0,104492
E1,E2,N0,khong,1,rf,smape,5.827746698748848,12.061481302481514,30.011313607214703,24.18356690846586,302,0,104492
E1,E2,N0,khong,1,rf,mase,0.8359359166175517,1.0652549362027368,1.7675771473018669,0.9316412306843148,302,0,104492
E1,E2,N0,khong,1,rf,r2,-0.2002354250485425,0.1204606403458793,0.6811303513023329,0.8813657763508755,302,0,104492
E1,E3,N0,khong,1,rf,mae,4.081222867173803,4.297579712944883,4.514621492009635,0.4333986248358314,497,1,171716
E1,E3,N0,khong,1,rf,rmse,5.4845430999719325,5.818071343242282,6.120670686437744,0.6361275864658111,497,1,171716
E1,E3,N0,khong,1,rf,smape,9.308601390383329,10.788639673652863,12.363601123231104,3.054999732847774,497,1,171716
E1,E3,N0,khong,1,rf,mase,0.9280282217847584,0.980937797371604,1.029305419971115,0.1012771981863563,497,1,171716
E1,E3,N0,khong,1,rf,r2,0.6334819430195722,0.6777721617942165,0.83675662319042,0.2032746801708478,497,1,171716
E1,E2,N0,khong,1,svr,mae,0.1328754591471384,0.3547286311396571,1.7718551456674758,1.6389796865203374,302,0,104492
E1,E2,N0,khong,1,svr,rmse,0.2798060440750674,0.961185441818365,4.469133133799288,4.18932708972422,302,0,104492
E1,E2,N0,khong,1,svr,smape,5.308007208548405,11.20040222518687,25.210092327601803,19.9020851190534,302,0,104492
E1,E2,N0,khong,1,svr,mase,0.7713790018142548,0.9475504766124708,1.632178924967861,0.8607999231536065,302,0,104492
E1,E2,N0,khong,1,svr,r2,-0.1290173800175787,0.200694585240975,0.675641868390337,0.8046592484079158,302,0,104492
E1,E3,N0,khong,1,svr,mae,4.10989011931479,4.3647940580333975,4.56577703297445,0.4558869136596595,497,1,171716
E1,E3,N0,khong,1,svr,rmse,5.530511927618065,5.910531633864954,6.358153363133525,0.82764143551546,497,1,171716
E1,E3,N0,khong,1,svr,smape,9.328683041133615,10.899107556095824,12.575433612493716,3.2467505713601,497,1,171716
E1,E3,N0,khong,1,svr,mase,0.9359972912848988,0.9864479036514496,1.0365726582450696,0.1005753669601707,497,1,171716
E1,E3,N0,khong,1,svr,r2,0.6233960151551536,0.6687877958013899,0.8333893079975414,0.2099932928423877,497,1,171716
E1,E2,N0,khong,1,xgb,mae,0.1576467460085464,0.4224842685011507,1.8239334329966568,1.66628668698811,302,0,104492
E1,E2,N0,khong,1,xgb,rmse,0.2975539770170201,1.1345479048455474,4.73004905603262,4.4324950790156,302,0,104492
E1,E2,N0,khong,1,xgb,smape,5.915956724843039,12.456688969703976,30.92100196627053,25.005045241427496,302,0,104492
E1,E2,N0,khong,1,xgb,mase,0.8472211475657208,1.0549561343931946,1.7589667386253471,0.9117455910596264,302,0,104492
E1,E2,N0,khong,1,xgb,r2,-0.217208430874968,0.1564345135379001,0.6745319738166821,0.8917404046916502,302,0,104492
E1,E3,N0,khong,1,xgb,mae,4.097397070594335,4.325898410543873,4.507551700901179,0.4101546303068444,497,1,171716
E1,E3,N0,khong,1,xgb,rmse,5.482828970243621,5.798848609382024,6.16477345723052,0.6819444869868994,497,1,171716
E1,E3,N0,khong,1,xgb,smape,9.357831244653488,10.788580676207172,12.32835394472552,2.970522700072032,497,1,171716
E1,E3,N0,khong,1,xgb,mase,0.9337769328249682,0.9818646520462811,1.038091039534928,0.1043141067099596,497,1,171716
E1,E3,N0,khong,1,xgb,r2,0.6317090903989782,0.6768426057651371,0.8412660359499509,0.2095569455509727,497,1,171716
E1,E2,N0,khong,6,rf,mae,0.1905927138759643,0.5841293824485079,3.803500740693104,3.6129080268171374,302,0,102982
E1,E2,N0,khong,6,rf,rmse,0.3314856147197829,1.2450925345015584,9.365634479194942,9.034148864475158,302,0,102982
E1,E2,N0,khong,6,rf,smape,8.539789773523584,16.142801190122967,47.59299631732576,39.053206543802176,302,0,102982
E1,E2,N0,khong,6,rf,mase,1.0067730379878728,1.6136932082486133,3.2949594401296025,2.2881864021417297,302,0,102982
E1,E2,N0,khong,6,rf,r2,-0.4404171157514934,-0.0947451189590804,0.1608368833427308,0.6012539990942243,302,0,102982
E1,E3,N0,khong,6,rf,mae,5.401125396814336,5.802373563743817,6.695483841024576,1.29435844421024,497,1,169209
E1,E3,N0,khong,6,rf,rmse,7.225761291833128,7.720046537816285,9.8602591748535,2.634497883020372,497,1,169209
E1,E3,N0,khong,6,rf,smape,12.649362600537389,14.469725873583537,16.766098577472466,4.116735976935079,497,1,169209
E1,E3,N0,khong,6,rf,mase,1.2297432818109155,1.3365807419522933,1.5548224412449028,0.3250791594339872,497,1,169209
E1,E3,N0,khong,6,rf,r2,0.3724248984478736,0.4389289060215872,0.5363465622556158,0.1639216638077422,497,1,169209
E1,E2,N0,khong,6,svr,mae,0.1332184738775911,0.3701969413072344,3.236400745879707,3.103182272002116,302,0,102982
E1,E2,N0,khong,6,svr,rmse,0.2874292183940764,1.034190772391602,8.633800081507628,8.346370863113552,302,0,102982
E1,E2,N0,khong,6,svr,smape,5.7951374063451295,12.499039569967373,33.017302063922806,27.222164657577675,302,0,102982
E1,E2,N0,khong,6,svr,mase,0.7783493085434006,1.2157692541501084,2.6591396675732466,1.880790359029846,302,0,102982
E1,E2,N0,khong,6,svr,r2,-0.1173055541890575,-0.0206400028168605,0.1863463768903679,0.3036519310794254,302,0,102982
E1,E3,N0,khong,6,svr,mae,5.324553776391928,5.734792908499091,6.214016201053752,0.8894624246618248,497,1,169209
E1,E3,N0,khong,6,svr,rmse,7.082304805012585,7.658548718643033,8.729927062938462,1.6476222579258764,497,1,169209
E1,E3,N0,khong,6,svr,smape,12.116155778832397,14.029075940543628,16.586781853851914,4.470626075019519,497,1,169209
E1,E3,N0,khong,6,svr,mase,1.2268004398044856,1.313702173471563,1.4169842890075977,0.190183849203112,497,1,169209
E1,E3,N0,khong,6,svr,r2,0.3804563955137316,0.4568283865469629,0.6194767630039085,0.2390203674901768,497,1,169209
E1,E2,N0,khong,6,xgb,mae,0.1943603712775623,0.578626040238073,3.638807372132782,3.44444700085522,302,0,102982
E1,E2,N0,khong,6,xgb,rmse,0.3289023791537864,1.1999808326694423,8.384773685471615,8.055871306317828,302,0,102982
E1,E2,N0,khong,6,xgb,smape,8.200841476064975,16.60257942421422,47.661180284677535,39.46033880861256,302,0,102982
E1,E2,N0,khong,6,xgb,mase,1.0435334984829936,1.5857850500023432,3.3668878389380783,2.3233543404550847,302,0,102982
E1,E2,N0,khong,6,xgb,r2,-0.3558654946184013,-0.1165380719140414,0.1371409234516983,0.4930064180700996,302,0,102982
E1,E3,N0,khong,6,xgb,mae,5.337229784692848,5.75898563765911,6.390561686294806,1.0533319016019576,497,1,169209
E1,E3,N0,khong,6,xgb,rmse,7.181546270097034,7.677396252174534,8.999383595873052,1.8178373257760183,497,1,169209
E1,E3,N0,khong,6,xgb,smape,12.500579286494132,14.184446720765518,16.5478198513439,4.047240564849767,497,1,169209
E1,E3,N0,khong,6,xgb,mase,1.2185041429741656,1.329412431199379,1.4994409339433432,0.2809367909691775,497,1,169209
E1,E3,N0,khong,6,xgb,r2,0.3746721019005307,0.4457830793645437,0.5768857469244599,0.2022136450239292,497,1,169209
E1,E2,N0,khong,12,rf,mae,0.2237556332431509,0.6564668270351832,4.4876046683417385,4.263849035098588,302,0,101170
E1,E2,N0,khong,12,rf,rmse,0.3392652974971049,1.3989471364986006,9.376608039281452,9.037342741784348,302,0,101170
E1,E2,N0,khong,12,rf,smape,9.427194071312044,18.220130854963863,53.28251628480463,43.855322213492585,302,0,101170
E1,E2,N0,khong,12,rf,mase,1.1050337590489008,1.848170060000308,4.07624519020507,2.971211431156169,302,0,101170
E1,E2,N0,khong,12,rf,r2,-0.4455312610261237,-0.2137565710765266,-0.0377794751136251,0.4077517859124985,302,0,101170
E1,E3,N0,khong,12,rf,mae,6.083633361340223,6.625733180333627,7.88773895274298,1.8041055914027573,497,1,166203
E1,E3,N0,khong,12,rf,rmse,8.103066272497307,8.611930521234985,11.00899303969482,2.905926767197513,497,1,166203
E1,E3,N0,khong,12,rf,smape,14.257557451372962,16.62783252639139,19.51003582886357,5.252478377490609,497,1,166203
E1,E3,N0,khong,12,rf,mase,1.4004468377681605,1.5321594809558146,1.897665786946917,0.4972189491787564,497,1,166203
E1,E3,N0,khong,12,rf,r2,0.2063506546415991,0.2914266458117707,0.3772064361982987,0.1708557815566995,497,1,166203
E1,E2,N0,khong,12,svr,mae,0.1361031423391537,0.390368992962562,3.704356485219055,3.5682533428799013,302,0,101170
E1,E2,N0,khong,12,svr,rmse,0.2852480463718256,1.0638345178709638,9.72221102682595,9.436962980454124,302,0,101170
E1,E2,N0,khong,12,svr,smape,5.999562191500818,13.312779012727251,39.27462849294102,33.275066301440205,302,0,101170
E1,E2,N0,khong,12,svr,mase,0.7829269676769176,1.2606580421539046,3.30430230579283,2.5213753381159125,302,0,101170
E1,E2,N0,khong,12,svr,r2,-0.2333445680337381,-0.0504342613274166,0.0792817890315794,0.3126263570653175,302,0,101170
E1,E3,N0,khong,12,svr,mae,6.005176491686904,6.457492636508368,7.354493785609025,1.3493172939221203,497,1,166203
E1,E3,N0,khong,12,svr,rmse,8.012951631317243,8.532593531277717,10.61067485460762,2.5977232232903784,497,1,166203
E1,E3,N0,khong,12,svr,smape,13.9783801118599,15.898755551680743,18.755629088751384,4.777248976891483,497,1,166203
E1,E3,N0,khong,12,svr,mase,1.3755294394186603,1.50372426739842,1.695033668462666,0.3195042290440057,497,1,166203
E1,E3,N0,khong,12,svr,r2,0.2275336063360392,0.3177576599336841,0.4335465945507488,0.2060129882147096,497,1,166203
E1,E2,N0,khong,12,xgb,mae,0.2245274846341489,0.5833340189121425,4.432958089621167,4.208430604987018,302,0,101170
E1,E2,N0,khong,12,xgb,rmse,0.3532095081961549,1.334542912267116,9.127133306042184,8.77392379784603,302,0,101170
E1,E2,N0,khong,12,xgb,smape,9.37343114315362,18.4799099408738,53.39960921873619,44.02617807558256,302,0,101170
E1,E2,N0,khong,12,xgb,mase,1.1006725547632832,1.8533179172816283,4.006484289053506,2.9058117342902228,302,0,101170
E1,E2,N0,khong,12,xgb,r2,-0.4811623402318861,-0.2158087973477557,-0.0169314532701281,0.4642308869617579,302,0,101170
E1,E3,N0,khong,12,xgb,mae,6.041510307025329,6.500738832714574,7.735724235105776,1.694213928080447,497,1,166203
E1,E3,N0,khong,12,xgb,rmse,8.003041146845312,8.507493891932697,10.745450756062873,2.7424096092175603,497,1,166203
E1,E3,N0,khong,12,xgb,smape,14.25291482281079,16.499483661521964,19.24788106623669,4.994966243425903,497,1,166203
E1,E3,N0,khong,12,xgb,mase,1.374385110500134,1.5085259130053794,1.9266209844753115,0.5522358739751774,497,1,166203
E1,E3,N0,khong,12,xgb,r2,0.2195088491653392,0.3086260330661402,0.3767653418455805,0.1572564926802413,497,1,166203
E1,E2,N1,khong,1,rf,mae,0.1374413936432436,0.3602039814186363,1.9884669823479448,1.851025588704701,302,0,104492
E1,E2,N1,khong,1,rf,rmse,0.2725875336896832,0.9436722340725988,4.77249173312476,4.499904199435076,302,0,104492
E1,E2,N1,khong,1,rf,smape,5.06658032207985,12.642716619023346,32.31814748808566,27.25156716600581,302,0,104492
E1,E2,N1,khong,1,rf,mase,0.75183775719105,0.9681360284389392,1.6733990574998077,0.9215613003087576,302,0,104492
E1,E2,N1,khong,1,rf,r2,-0.0590059027029055,0.2246660605757265,0.6684613292011039,0.7274672319040094,302,0,104492
E1,E3,N1,khong,1,rf,mae,4.075809149582681,4.3039581732097885,4.504259437614978,0.4284502880322973,497,1,171716
E1,E3,N1,khong,1,rf,rmse,5.363549603991243,5.673822308474633,6.098544221135808,0.7349946171445652,497,1,171716
E1,E3,N1,khong,1,rf,smape,9.301107351600152,10.64073591881685,12.576384266054015,3.2752769144538654,497,1,171716
E1,E3,N1,khong,1,rf,mase,0.925712522124809,0.9733342721123384,1.0171450636857744,0.0914325415609653,497,1,171716
E1,E3,N1,khong,1,rf,r2,0.6463168136821581,0.6877120218498463,0.8431060780383485,0.1967892643561903,497,1,171716
E1,E2,N1,khong,1,svr,mae,0.137709817135996,0.3935031096744099,2.636642751442032,2.498932934306036,302,0,104492
E1,E2,N1,khong,1,svr,rmse,0.2756087407891803,0.967871717299874,5.945736926459631,5.670128185670451,302,0,104492
E1,E2,N1,khong,1,svr,smape,5.22420532219682,12.79278315484397,35.68592552373032,30.4617202015335,302,0,104492
E1,E2,N1,khong,1,svr,mase,0.7421714061968678,1.007927492653142,1.8739241998419736,1.131752793645106,302,0,104492
E1,E2,N1,khong,1,svr,r2,-0.0603070230196401,0.1492639391126804,0.4569355571508831,0.5172425801705234,302,0,104492
E1,E3,N1,khong,1,svr,mae,4.034536397104728,4.291184563333477,4.577333211979555,0.5427968148748272,497,1,171716
E1,E3,N1,khong,1,svr,rmse,5.421480651934091,5.77751183975894,6.244455520489654,0.8229748685555638,497,1,171716
E1,E3,N1,khong,1,svr,smape,9.296805698441316,10.7511335547731,12.547136146343384,3.250330447902071,497,1,171716
E1,E3,N1,khong,1,svr,mase,0.9191044388741404,0.9750272988313308,1.044536511701306,0.1254320728271654,497,1,171716
E1,E3,N1,khong,1,svr,r2,0.641254584684362,0.6829451979460652,0.789012806876334,0.147758222191972,497,1,171716
E1,E2,N1,khong,1,xgb,mae,0.13895688297262,0.3797062128780729,2.118071110760852,1.979114227788232,302,0,104492
E1,E2,N1,khong,1,xgb,rmse,0.2819029339473086,0.9632692711850144,5.075997829503098,4.79409489555579,302,0,104492
E1,E2,N1,khong,1,xgb,smape,5.298385253871991,12.928889269987494,31.607102355083583,26.30871710121159,302,0,104492
E1,E2,N1,khong,1,xgb,mase,0.7401207996279148,0.9758721417191004,1.747372958582592,1.0072521589546772,302,0,104492
E1,E2,N1,khong,1,xgb,r2,-0.0724522413327395,0.1938047709620924,0.6428169986846388,0.7152692400173783,302,0,104492
E1,E3,N1,khong,1,xgb,mae,4.047227045682562,4.288734794573592,4.495237704563535,0.4480106588809729,497,1,171716
E1,E3,N1,khong,1,xgb,rmse,5.322624428258125,5.6705575271428525,6.072550146575832,0.7499257183177068,497,1,171716
E1,E3,N1,khong,1,xgb,smape,9.2147306485147,10.593093463941871,12.442881939384984,3.228151290870283,497,1,171716
E1,E3,N1,khong,1,xgb,mase,0.9228922542651832,0.9659673036694848,1.01887292634753,0.0959806720823468,497,1,171716
E1,E3,N1,khong,1,xgb,r2,0.6485092911097496,0.6915281704772829,0.8393057138969894,0.1907964227872397,497,1,171716
E1,E2,N1,khong,6,rf,mae,0.141239944587776,0.4016535338440112,3.501280784553764,3.360040839965988,302,0,102982
E1,E2,N1,khong,6,rf,rmse,0.2934458998820567,1.0250958308395175,8.07517240361321,7.781726503731154,302,0,102982
E1,E2,N1,khong,6,rf,smape,5.881035407457015,14.798674688512545,45.40977909205814,39.528743684601125,302,0,102982
E1,E2,N1,khong,6,rf,mase,0.7819759054038589,1.1944551174088152,2.6002237550078773,1.8182478496040184,302,0,102982
E1,E2,N1,khong,6,rf,r2,-0.059920150791948,0.0301767025416441,0.2940854586691749,0.3540056094611229,302,0,102982
E1,E3,N1,khong,6,rf,mae,5.310694118343032,5.749819604930263,6.7368582351064585,1.4261641167634265,497,1,169209
E1,E3,N1,khong,6,rf,rmse,7.1132693550169686,7.643621530082662,9.680773116715786,2.567503761698817,497,1,169209
E1,E3,N1,khong,6,rf,smape,12.466136930963904,14.641611379168312,17.30357507228089,4.837438141316985,497,1,169209
E1,E3,N1,khong,6,rf,mase,1.2145205795949887,1.320336966514595,1.5537663653854736,0.3392457857904849,497,1,169209
E1,E3,N1,khong,6,rf,r2,0.3917693417115641,0.4532124012610738,0.535968415225923,0.1441990735143589,497,1,169209
E1,E2,N1,khong,6,svr,mae,0.1338618066963779,0.3849142483698296,3.502458547532087,3.3685967408357094,302,0,102982
E1,E2,N1,khong,6,svr,rmse,0.2983219301201408,1.082492465174231,9.149712422285294,8.851390492165153,302,0,102982
E1,E2,N1,khong,6,svr,smape,5.493147712071179,13.524362199828264,45.63640434878896,40.14325663671778,302,0,102982
E1,E2,N1,khong,6,svr,mase,0.7563834591903887,1.1383798125005522,2.492031479578692,1.7356480203883031,302,0,102982
E1,E2,N1,khong,6,svr,r2,-0.1250106011435988,-0.0018503116364613,0.2208205043134217,0.3458311054570205,302,0,102982
E1,E3,N1,khong,6,svr,mae,5.408054433609582,5.834740813313919,6.436500094400051,1.028445660790469,497,1,169209
E1,E3,N1,khong,6,svr,rmse,7.341999900673638,7.843237342827615,9.3207497300961,1.978749829422462,497,1,169209
E1,E3,N1,khong,6,svr,smape,12.466603318791108,14.490924295694382,17.28339613795831,4.816792819167203,497,1,169209
E1,E3,N1,khong,6,svr,mase,1.2340482197692666,1.337639538097868,1.4747803404698054,0.2407321207005388,497,1,169209
E1,E3,N1,khong,6,svr,r2,0.3520876788582204,0.4211638637305079,0.5420548531743671,0.1899671743161466,497,1,169209
E1,E2,N1,khong,6,xgb,mae,0.1448297099442427,0.4384185502310391,3.7834092815819136,3.638579571637671,302,0,102982
E1,E2,N1,khong,6,xgb,rmse,0.3019710918386167,1.031952582522398,8.574459695442833,8.272488603604216,302,0,102982
E1,E2,N1,khong,6,xgb,smape,5.726628164592043,14.934292835953826,45.76184961402069,40.03522144942865,302,0,102982
E1,E2,N1,khong,6,xgb,mase,0.7724090592354018,1.200582687156409,2.6161653021967872,1.8437562429613847,302,0,102982
E1,E2,N1,khong,6,xgb,r2,-0.084960507767987,0.0289149577098957,0.3005655805421279,0.3855260883101149,302,0,102982
E1,E3,N1,khong,6,xgb,mae,5.312963970496206,5.709827517760769,6.666481219213629,1.3535172487174227,497,1,169209
E1,E3,N1,khong,6,xgb,rmse,7.125889949079805,7.610835174469239,9.714446766588845,2.58855681750904,497,1,169209
E1,E3,N1,khong,6,xgb,smape,12.37851336099464,14.551616825633744,17.331941988861544,4.953428627866906,497,1,169209
E1,E3,N1,khong,6,xgb,mase,1.2085358522058336,1.3159302219820084,1.5550194340965935,0.3464835818907601,497,1,169209
E1,E3,N1,khong,6,xgb,r2,0.3864803849460653,0.4523179843033221,0.5309547936760444,0.144474408729979,497,1,169209
E1,E2,N1,khong,12,rf,mae,0.1472097024830602,0.4416558285647034,3.798590543152092,3.651380840669032,302,0,101170
E1,E2,N1,khong,12,rf,rmse,0.2946555512304235,1.1022952950074714,8.71159165178885,8.416936100558427,302,0,101170
E1,E2,N1,khong,12,rf,smape,6.616982788622661,15.344560221226535,52.35251314275017,45.73553035412751,302,0,101170
E1,E2,N1,khong,12,rf,mase,0.7885723144795485,1.2333816972738476,2.903296448612909,2.1147241341333607,302,0,101170
E1,E2,N1,khong,12,rf,r2,-0.130199881595948,-0.0030651474496515,0.2009889582667472,0.3311888398626952,302,0,101170
E1,E3,N1,khong,12,rf,mae,5.924391121592088,6.386109999677041,7.970648837963381,2.0462577163712936,497,1,166203
E1,E3,N1,khong,12,rf,rmse,7.806410576371515,8.400443683809836,10.972450224394487,3.1660396480229727,497,1,166203
E1,E3,N1,khong,12,rf,smape,13.840526380001162,16.490204654560795,20.167194420233795,6.326668040232633,497,1,166203
E1,E3,N1,khong,12,rf,mase,1.3498888791833137,1.463248044838288,1.9237007553841643,0.5738118762008506,497,1,166203
E1,E3,N1,khong,12,rf,r2,0.2559730848750818,0.318704586271697,0.3780066052264136,0.1220335203513317,497,1,166203
E1,E2,N1,khong,12,svr,mae,0.1428923421390956,0.3736415197455229,3.6754087276467975,3.532516385507702,302,0,101170
E1,E2,N1,khong,12,svr,rmse,0.287507436898881,1.0994798720110222,9.05177276255506,8.76426532565618,302,0,101170
E1,E2,N1,khong,12,svr,smape,5.68094053318753,13.347410071917029,49.4760158126389,43.79507527945137,302,0,101170
E1,E2,N1,khong,12,svr,mase,0.7253186476620826,1.209153404914439,2.8958695133694614,2.1705508657073787,302,0,101170
E1,E2,N1,khong,12,svr,r2,-0.163494693844561,-0.019532739068774,0.1545251698331288,0.3180198636776898,302,0,101170
E1,E3,N1,khong,12,svr,mae,6.031925983009474,6.487112605845876,8.218172781804647,2.186246798795173,497,1,166203
E1,E3,N1,khong,12,svr,rmse,8.076136968172301,8.72749292979864,11.501911485898022,3.4257745177257206,497,1,166203
E1,E3,N1,khong,12,svr,smape,14.077160014994307,16.605850862324008,20.66157556478714,6.58441554979283,497,1,166203
E1,E3,N1,khong,12,svr,mase,1.3795953043315474,1.4910897700921766,1.920187273568346,0.5405919692367986,497,1,166203
E1,E3,N1,khong,12,svr,r2,0.1683300541735248,0.2669775120957616,0.3325442813617102,0.1642142271881853,497,1,166203
E1,E2,N1,khong,12,xgb,mae,0.1429998327634859,0.4627360434897435,4.061268313922785,3.918268481159299,302,0,101170
E1,E2,N1,khong,12,xgb,rmse,0.3019356086430068,1.0735966649412434,9.03658311889799,8.734647510254984,302,0,101170
E1,E2,N1,khong,12,xgb,smape,6.439593122532723,15.375678052938676,53.12239579977688,46.68280267724416,302,0,101170
E1,E2,N1,khong,12,xgb,mase,0.7953235440028922,1.2477437440188588,2.9553407015054405,2.160017157502548,302,0,101170
E1,E2,N1,khong,12,xgb,r2,-0.1667038403999833,-0.0029897257456287,0.1838749521290464,0.3505787925290298,302,0,101170
E1,E3,N1,khong,12,xgb,mae,5.889022805116423,6.381189161491341,8.076803891252874,2.187781086136451,497,1,166203
E1,E3,N1,khong,12,xgb,rmse,7.827692183586066,8.382606949712883,11.103767417553671,3.2760752339676067,497,1,166203
E1,E3,N1,khong,12,xgb,smape,13.793987683481673,16.478820846339783,20.19913580294746,6.405148119465787,497,1,166203
E1,E3,N1,khong,12,xgb,mase,1.350673552564252,1.4642422724002406,1.9263149423699504,0.5756413898056982,497,1,166203
E1,E3,N1,khong,12,xgb,r2,0.2405417413000004,0.3189322810899477,0.3829159090332489,0.1423741677332485,497,1,166203
E1,E2,N2,khong,1,rf,mae,0.1646228637246731,0.4440831435453422,1.6769410200316968,1.5123181563070236,302,0,104492
E1,E2,N2,khong,1,rf,rmse,0.3570361010111391,1.1363345857298488,4.490448635344542,4.133412534333403,302,0,104492
E1,E2,N2,khong,1,rf,smape,6.644454894183717,13.167163381821029,25.957311353536973,19.312856459353256,302,0,104492
E1,E2,N2,khong,1,rf,mase,0.9705277352906956,1.146776263699695,1.6642292199045194,0.6937014846138239,302,0,104492
E1,E2,N2,khong,1,rf,r2,-0.8408282968237935,-0.0436269157146717,0.6515279175277408,1.4923562143515343,302,0,104492
E1,E3,N2,khong,1,rf,mae,3.961051218413941,4.249099700449062,4.474862122055476,0.5138109036415348,497,1,171711
E1,E3,N2,khong,1,rf,rmse,5.35532473754991,5.686608708833672,6.034092455497572,0.6787677179476628,497,1,171711
E1,E3,N2,khong,1,rf,smape,9.13551800892676,10.609643012110997,12.27965696852539,3.1441389595986298,497,1,171711
E1,E3,N2,khong,1,rf,mase,0.909297178861869,0.9580820307704824,1.0160929119493782,0.1067957330875092,497,1,171711
E1,E3,N2,khong,1,rf,r2,0.639648852576983,0.6841199286703094,0.8589048802424404,0.2192560276654573,497,1,171711
E1,E2,N2,khong,1,svr,mae,0.1348730277154631,0.3651100153278899,1.4881386565502974,1.3532656288348344,302,0,104492
E1,E2,N2,khong,1,svr,rmse,0.2914211188112146,0.9605298838801856,4.468820836249693,4.177399717438478,302,0,104492
E1,E2,N2,khong,1,svr,smape,5.175975873118398,11.176208532218258,21.92661618150478,16.75064030838638,302,0,104492
E1,E2,N2,khong,1,svr,mase,0.7622353417667103,0.9244303189032798,1.4996674873601648,0.7374321455934545,302,0,104492
E1,E2,N2,khong,1,svr,r2,-0.2214178053358835,0.1716263277346022,0.6650164513567378,0.8864342566926213,302,0,104492
E1,E3,N2,khong,1,svr,mae,3.7910407741022216,4.078983533056594,4.309198098870055,0.518157324767833,497,1,171711
E1,E3,N2,khong,1,svr,rmse,5.19266409125669,5.527280922057323,5.87215803086764,0.6794939396109498,497,1,171711
E1,E3,N2,khong,1,svr,smape,8.759001186138486,10.299625108835404,11.826328620610097,3.067327434471612,497,1,171711
E1,E3,N2,khong,1,svr,mase,0.8717541026159686,0.9201581560514676,0.9715640458766182,0.0998099432606495,497,1,171711
E1,E3,N2,khong,1,svr,r2,0.6612695707170169,0.7020436048194465,0.8668522243420173,0.2055826536250004,497,1,171711
E1,E2,N2,khong,1,xgb,mae,0.1712213581984591,0.4392080795290202,1.6062580919274292,1.43503673372897,302,0,104492
E1,E2,N2,khong,1,xgb,rmse,0.31560517744624,1.2882297307091006,4.394510507643137,4.078905330196896,302,0,104492
E1,E2,N2,khong,1,xgb,smape,6.369651350776568,13.378239702212229,28.552662946576387,22.18301159579982,302,0,104492
E1,E2,N2,khong,1,xgb,mase,0.9034451793161395,1.1101828653035333,1.808745137264203,0.9052999579480632,302,0,104492
E1,E2,N2,khong,1,xgb,r2,-0.5113768805462156,0.0875136641674692,0.6720444236510565,1.183421304197272,302,0,104492
E1,E3,N2,khong,1,xgb,mae,3.876665490263638,4.155755109892086,4.394880363906285,0.5182148736426471,497,1,171711
E1,E3,N2,khong,1,xgb,rmse,5.254649929086697,5.582435132055062,5.936464025731241,0.6818140966445441,497,1,171711
E1,E3,N2,khong,1,xgb,smape,8.855197294075609,10.382574880638552,12.150398622383532,3.295201328307924,497,1,171711
E1,E3,N2,khong,1,xgb,mase,0.8916138753040737,0.9414706836132136,0.9924520882142784,0.1008382129102049,497,1,171711
E1,E3,N2,khong,1,xgb,r2,0.6564909209687626,0.6989580275137097,0.860123157855305,0.2036322368865424,497,1,171711
E1,E2,N2,khong,6,rf,mae,0.1783119454138338,0.4966043429114873,3.357368920156325,3.179056974742492,302,0,102982
E1,E2,N2,khong,6,rf,rmse,0.3678108428754744,1.3878740719156653,9.27912864159427,8.911317798718795,302,0,102982
E1,E2,N2,khong,6,rf,smape,6.477581439021288,14.691543082605266,32.693219873161524,26.21563843414024,302,0,102982
E1,E2,N2,khong,6,rf,mase,0.9703422270361424,1.3940400438430798,2.825679873596378,1.855337646560236,302,0,102982
E1,E2,N2,khong,6,rf,r2,-1.029919081863743,-0.7493267255608312,-0.0528561759600497,0.9770629059036932,302,0,102982
E1,E3,N2,khong,6,rf,mae,6.131663859708028,6.552409472653146,6.95505435978098,0.8233905000729518,497,1,169203
E1,E3,N2,khong,6,rf,rmse,8.26237973300295,8.811995921342746,9.63621674318428,1.3738370101813313,497,1,169203
E1,E3,N2,khong,6,rf,smape,14.059592581882216,16.075145843702636,18.521340140791462,4.46174755890925,497,1,169203
E1,E3,N2,khong,6,rf,mase,1.3956445408778235,1.4947563033476987,1.588976045402133,0.1933315045243095,497,1,169203
E1,E3,N2,khong,6,rf,r2,0.1763514387936298,0.2718178195600749,0.5894079344030123,0.4130564956093825,497,1,169203
E1,E2,N2,khong,6,svr,mae,0.1893096153029244,0.505296570127719,3.479286898425693,3.2899772831227687,302,0,102982
E1,E2,N2,khong,6,svr,rmse,0.3744989032086962,1.397584837631913,9.291161822108034,8.916662918899338,302,0,102982
E1,E2,N2,khong,6,svr,smape,6.894861513869404,15.830729711039927,34.33403604380514,27.439174529935737,302,0,102982
E1,E2,N2,khong,6,svr,mase,0.9842281835531984,1.432919233678021,2.831911101262116,1.8476829177089176,302,0,102982
E1,E2,N2,khong,6,svr,r2,-1.037936297208763,-0.7746244729354622,-0.0831379474869202,0.9547983497218424,302,0,102982
E1,E3,N2,khong,6,svr,mae,6.20141836667098,6.632496354848112,7.05778879957144,0.8563704329004596,497,1,169203
E1,E3,N2,khong,6,svr,rmse,8.418549779707252,8.979356007000218,9.818142561219268,1.3995927815120144,497,1,169203
E1,E3,N2,khong,6,svr,smape,14.225806992334023,16.32821150480172,18.857932479732987,4.632125487398962,497,1,169203
E1,E3,N2,khong,6,svr,mase,1.415473777723291,1.5153264713439083,1.6059383492849408,0.1904645715616497,497,1,169203
E1,E3,N2,khong,6,svr,r2,0.1484595386282546,0.2477604785484536,0.5788882690865993,0.4304287304583446,497,1,169203
E1,E2,N2,khong,6,xgb,mae,0.2011395075555849,0.5208016427940496,3.4640601665699142,3.262920659014329,302,0,102982
E1,E2,N2,khong,6,xgb,rmse,0.3729708276800891,1.3928262593148322,9.32222178218962,8.94925095450953,302,0,102982
E1,E2,N2,khong,6,xgb,smape,7.527021421244324,16.560405679980835,44.49033812652805,36.96331670528373,302,0,102982
E1,E2,N2,khong,6,xgb,mase,1.0317077813207418,1.5028627992692616,3.1022777465456186,2.070569965224877,302,0,102982
E1,E2,N2,khong,6,xgb,r2,-1.0539126236483694,-0.8438678298495589,-0.110699781904024,0.9432128417443452,302,0,102982
E1,E3,N2,khong,6,xgb,mae,6.182128451595962,6.616451740601163,7.051804498355795,0.8696760467598326,497,1,169203
E1,E3,N2,khong,6,xgb,rmse,8.365846914296803,8.921425883255212,9.707517942045026,1.341671027748223,497,1,169203
E1,E3,N2,khong,6,xgb,smape,14.311338563909391,16.3236336995989,18.772558486855537,4.461219922946144,497,1,169203
E1,E3,N2,khong,6,xgb,mase,1.4131607423537462,1.5160715057168956,1.603251794971477,0.1900910526177308,497,1,169203
E1,E3,N2,khong,6,xgb,r2,0.1590475280436548,0.2569885096435496,0.5825164385908543,0.4234689105471995,497,1,169203
E1,E2,N2,khong,12,rf,mae,0.1677620383590943,0.4929119909857967,3.955006766383762,3.787244728024668,302,0,101170
E1,E2,N2,khong,12,rf,rmse,0.3645955000231404,1.4431392249524495,10.47691260932732,10.11231710930418,302,0,101170
E1,E2,N2,khong,12,rf,smape,6.621270623416552,15.0092219325101,36.72987787797821,30.10860725456165,302,0,101170
E1,E2,N2,khong,12,rf,mase,0.8581632848070179,1.4979010515543991,3.239504502608598,2.3813412178015803,302,0,101170
E1,E2,N2,khong,12,rf,r2,-0.9893903854443216,-0.7224498775604744,-0.1345618669484518,0.8548285184958697,302,0,101170
E1,E3,N2,khong,12,rf,mae,6.64285915435039,7.166389429652266,7.730422914739557,1.087563760389167,497,1,166197
E1,E3,N2,khong,12,rf,rmse,8.8827911564645,9.526353236834424,10.990397194865697,2.107606038401197,497,1,166197
E1,E3,N2,khong,12,rf,smape,15.238707772123602,17.400366753928473,20.41781159846648,5.17910382634288,497,1,166197
E1,E3,N2,khong,12,rf,mase,1.524303765771172,1.640711063211555,1.785462636980662,0.2611588712094901,497,1,166197
E1,E3,N2,khong,12,rf,r2,0.0373824263300368,0.1501159510030627,0.3866056556942101,0.3492232293641732,497,1,166197
E1,E2,N2,khong,12,svr,mae,0.1658111220790136,0.4931131646004159,4.0119282515330354,3.8461171294540217,302,0,101170
E1,E2,N2,khong,12,svr,rmse,0.3636076203137866,1.4352940132414105,10.19167489216539,9.828067271851603,302,0,101170
E1,E2,N2,khong,12,svr,smape,6.347207093266754,15.11241559603464,35.362190315478024,29.01498322221127,302,0,101170
E1,E2,N2,khong,12,svr,mase,0.8448932176806169,1.469044783142835,3.2831617148425485,2.4382684971619315,302,0,101170
E1,E2,N2,khong,12,svr,r2,-0.9908413139577484,-0.7267716463800759,-0.1094827252381227,0.8813585887196256,302,0,101170
E1,E3,N2,khong,12,svr,mae,6.585084670199836,7.082402233914062,7.683925202168324,1.098840531968488,497,1,166197
E1,E3,N2,khong,12,svr,rmse,8.835163145884762,9.477994887817928,10.97308768698074,2.137924541095978,497,1,166197
E1,E3,N2,khong,12,svr,smape,15.200991606716174,17.358926728815028,20.36977004634716,5.168778439630982,497,1,166197
E1,E3,N2,khong,12,svr,mase,1.5047284101479883,1.631234705407918,1.7741806103033675,0.2694522001553794,497,1,166197
E1,E3,N2,khong,12,svr,r2,0.0493705608811023,0.1611841064025926,0.3847366009293294,0.335366040048227,497,1,166197
E1,E2,N2,khong,12,xgb,mae,0.1975665657899833,0.5240862422372687,4.063418010613094,3.865851444823112,302,0,101170
E1,E2,N2,khong,12,xgb,rmse,0.383376052030695,1.4589956062886458,10.52961604605388,10.146239994023183,302,0,101170
E1,E2,N2,khong,12,xgb,smape,7.700303507431121,17.065819024815028,46.25594650347885,38.55564299604773,302,0,101170
E1,E2,N2,khong,12,xgb,mase,0.9971268582753512,1.614461939134005,3.483171819160937,2.486044960885586,302,0,101170
E1,E2,N2,khong,12,xgb,r2,-1.084632248831347,-0.8452013023547916,-0.3519707553361166,0.7326614934952302,302,0,101170
E1,E3,N2,khong,12,xgb,mae,6.670892081416875,7.181824278294082,7.791831675915929,1.1209395944990534,497,1,166197
E1,E3,N2,khong,12,xgb,rmse,8.909757893783972,9.564530253506978,11.09420930939311,2.184451415609137,497,1,166197
E1,E3,N2,khong,12,xgb,smape,15.346206194591089,17.55720126119511,20.618085626464296,5.271879431873208,497,1,166197
E1,E3,N2,khong,12,xgb,mase,1.5307706208136718,1.6519969335173246,1.8032130610654724,0.2724424402518006,497,1,166197
E1,E3,N2,khong,12,xgb,r2,0.0320683961351091,0.1398147971391156,0.3796268598185084,0.3475584636833992,497,1,166197
E2,E1,N0,khong,1,rf,mae,0.1287127710339397,0.4332590151832927,2.6752576436784965,2.546544872644557,735,0,254310
E2,E1,N0,khong,1,rf,rmse,0.249134070861826,1.044807512327314,7.194757709636674,6.945623638774848,735,0,254310
E2,E1,N0,khong,1,rf,smape,6.0179841171699415,12.63240574393856,25.387861495573983,19.36987737840404,735,0,254310
E2,E1,N0,khong,1,rf,mase,0.8333724495959145,1.0187646777399642,1.4085560165102846,0.5751835669143701,735,0,254310
E2,E1,N0,khong,1,rf,r2,-0.0760789830599446,0.2462675604786889,0.7390742376581114,0.8151532207180561,730,5,254310
E2,E3,N0,khong,1,rf,mae,4.163479659545415,4.404006024026087,4.587601042639084,0.4241213830936683,497,1,171716
E2,E3,N0,khong,1,rf,rmse,5.588084514815299,5.8885195977169245,6.221057036822923,0.6329725220076243,497,1,171716
E2,E3,N0,khong,1,rf,smape,9.60818895607782,10.927454526686144,12.381315121394842,2.773126165317022,497,1,171716
E2,E3,N0,khong,1,rf,mase,0.9438861958826308,1.0006542924154491,1.0574149589040955,0.1135287630214647,497,1,171716
E2,E3,N0,khong,1,rf,r2,0.6210296563099473,0.6697584775146943,0.8246499491567946,0.2036202928468472,497,1,171716
E2,E1,N0,khong,1,svr,mae,0.1079560894294396,0.3293368137221724,2.9446741043631786,2.836718014933739,735,0,254310
E2,E1,N0,khong,1,svr,rmse,0.2253891824334205,0.973228220958681,7.358448415537673,7.133059233104253,735,0,254310
E2,E1,N0,khong,1,svr,smape,5.292164592708336,10.35519774410454,20.62826641460019,15.336101821891855,735,0,254310
E2,E1,N0,khong,1,svr,mase,0.7679632798464453,0.9524633666807008,1.3503040365940104,0.5823407567475651,735,0,254310
E2,E1,N0,khong,1,svr,r2,0.0178242726044444,0.2953019004215738,0.6994664959161833,0.6816422233117388,730,5,254310
E2,E3,N0,khong,1,svr,mae,4.351397146250757,4.528692143827279,4.732604916283034,0.3812077700322769,497,1,171716
E2,E3,N0,khong,1,svr,rmse,5.7571303208875655,6.061169806741515,6.506733828233124,0.7496035073455589,497,1,171716
E2,E3,N0,khong,1,svr,smape,9.990540365103476,11.190807874161663,12.573527767238476,2.582987402135,497,1,171716
E2,E3,N0,khong,1,svr,mase,0.9761787084884032,1.0349482567490582,1.0920139770966495,0.1158352686082465,497,1,171716
E2,E3,N0,khong,1,svr,r2,0.6043373905351935,0.6539244938223043,0.8170048247400745,0.212667434204881,497,1,171716
E2,E1,N0,khong,1,xgb,mae,0.1322265259218124,0.4305581104893217,2.745130299256912,2.612903773335099,735,0,254310
E2,E1,N0,khong,1,xgb,rmse,0.2582727978580746,1.0194298215048194,7.551019401427677,7.292746603569602,735,0,254310
E2,E1,N0,khong,1,xgb,smape,6.197016766546136,12.596626755802651,25.873309400821952,19.676292634275818,735,0,254310
E2,E1,N0,khong,1,xgb,mase,0.8622500358407956,1.0637180444313747,1.446934460012372,0.5846844241715765,735,0,254310
E2,E1,N0,khong,1,xgb,r2,-0.1099593673684825,0.2228138504775916,0.739033889280674,0.8489932566491565,730,5,254310
E2,E3,N0,khong,1,xgb,mae,4.320982101456177,4.535725696881089,4.755080461731052,0.4340983602748753,497,1,171716
E2,E3,N0,khong,1,xgb,rmse,5.696931456014043,6.0190249081699125,6.403233052242241,0.7063015962281982,497,1,171716
E2,E3,N0,khong,1,xgb,smape,9.95411558731047,11.260099319533603,12.638228046289438,2.684112458978968,497,1,171716
E2,E3,N0,khong,1,xgb,mase,0.9747617386096664,1.038235582351967,1.101288924502703,0.1265271858930368,497,1,171716
E2,E3,N0,khong,1,xgb,r2,0.6076565180622058,0.6576054983084514,0.8122830408959668,0.204626522833761,497,1,171716
E2,E1,N0,khong,6,rf,mae,0.1879328517389384,0.6130927110140529,5.761729081797016,5.573796230058078,735,0,250635
E2,E1,N0,khong,6,rf,rmse,0.2941897489249722,1.2563009089494963,14.674042733190264,14.379852984265291,735,0,250635
E2,E1,N0,khong,6,rf,smape,9.01943603974269,18.482207530116508,52.136416119415486,43.1169800796728,735,0,250635
E2,E1,N0,khong,6,rf,mase,1.1512959597119108,1.711376507622015,3.0177969381560965,1.8665009784441853,735,0,250635
E2,E1,N0,khong,6,rf,r2,-0.2505199712165855,-0.073777367065186,0.2537421160030194,0.5042620872196049,730,5,250635
E2,E3,N0,khong,6,rf,mae,5.535353072304037,5.886984695096296,7.086228496777201,1.5508754244731635,497,1,169209
E2,E3,N0,khong,6,rf,rmse,7.397937881224741,7.829331431379509,10.256622115989789,2.858684234765048,497,1,169209
E2,E3,N0,khong,6,rf,smape,13.124524186886186,15.014939513725626,16.97120908065162,3.846684893765433,497,1,169209
E2,E3,N0,khong,6,rf,mase,1.246457643550034,1.3653336080441498,1.6406012604938087,0.3941436169437746,497,1,169209
E2,E3,N0,khong,6,rf,r2,0.3388215810969499,0.4197555234298027,0.5108127843600386,0.1719912032630887,497,1,169209
E2,E1,N0,khong,6,svr,mae,0.1151580914471255,0.3730799148998086,5.4568320728948105,5.341673981447685,735,0,250635
E2,E1,N0,khong,6,svr,rmse,0.224827462562084,1.017201241644071,14.218020072308638,13.993192609746554,735,0,250635
E2,E1,N0,khong,6,svr,smape,6.038021998989618,11.679713374477853,33.30533472440414,27.267312725414524,735,0,250635
E2,E1,N0,khong,6,svr,mase,0.8730571155313263,1.265183934776975,2.4559760581330803,1.582918942601754,735,0,250635
E2,E1,N0,khong,6,svr,r2,-0.0602607918827149,0.0618958151782802,0.377688072274418,0.4379488641571329,730,5,250635
E2,E3,N0,khong,6,svr,mae,5.399891015370362,5.835606933857603,6.468739514713309,1.0688484993429466,497,1,169209
E2,E3,N0,khong,6,svr,rmse,7.246230344731339,7.787629267870548,9.3399563510405,2.09372600630916,497,1,169209
E2,E3,N0,khong,6,svr,smape,12.688969392909968,14.449677265501547,16.80915933419083,4.120189941280863,497,1,169209
E2,E3,N0,khong,6,svr,mase,1.2403598572288714,1.3513392675265452,1.5133500002646771,0.2729901430358057,497,1,169209
E2,E3,N0,khong,6,svr,r2,0.360581946789012,0.4354804425806632,0.5425548625487893,0.1819729157597772,497,1,169209
E2,E1,N0,khong,6,xgb,mae,0.1887650438524498,0.58601557461706,5.542107305302124,5.353342261449674,735,0,250635
E2,E1,N0,khong,6,xgb,rmse,0.2959637330917322,1.1402748369208,14.381051593024951,14.08508785993322,735,0,250635
E2,E1,N0,khong,6,xgb,smape,8.895900050522911,18.44735808561217,52.20887911791915,43.31297906739624,735,0,250635
E2,E1,N0,khong,6,xgb,mase,1.0865521273044616,1.688951884189547,2.888088137048248,1.801536009743786,735,0,250635
E2,E1,N0,khong,6,xgb,r2,-0.2901117359802988,-0.0540590363394437,0.2574965093478492,0.547608245328148,730,5,250635
E2,E3,N0,khong,6,xgb,mae,5.549112687421928,5.916465902741153,6.665532867144611,1.1164201797226827,497,1,169209
E2,E3,N0,khong,6,xgb,rmse,7.451292545665501,7.873959868580273,9.752550503534724,2.301257957869222,497,1,169209
E2,E3,N0,khong,6,xgb,smape,12.984515051257992,14.701595569116794,16.97784968864085,3.993334637382855,497,1,169209
E2,E3,N0,khong,6,xgb,mase,1.257948646134708,1.3689040773486982,1.573644505337037,0.3156958592023289,497,1,169209
E2,E3,N0,khong,6,xgb,r2,0.3371852647445431,0.4132077162426112,0.5382155534538993,0.2010302887093561,497,1,169209
E2,E1,N0,khong,12,rf,mae,0.2202058809567572,0.6629827449435644,6.981801337928772,6.761595456972015,735,0,246225
E2,E1,N0,khong,12,rf,rmse,0.3112070334125247,1.3155745671310195,16.041599182457524,15.730392149045,735,0,246225
E2,E1,N0,khong,12,rf,smape,10.367152366771691,21.034461354633,61.968173830196726,51.60102146342504,735,0,246225
E2,E1,N0,khong,12,rf,mase,1.263246480428757,1.9762475969762656,3.9010985935063065,2.637852113077549,735,0,246225
E2,E1,N0,khong,12,rf,r2,-0.4164072688704556,-0.1518486313567748,0.1045662314944233,0.5209735003648789,730,5,246225
E2,E3,N0,khong,12,rf,mae,6.159572579753922,6.643299469425556,8.169449404000808,2.009876824246886,497,1,166203
E2,E3,N0,khong,12,rf,rmse,8.267753043992796,8.804269483891169,11.406758959691148,3.139005915698352,497,1,166203
E2,E3,N0,khong,12,rf,smape,14.66757466649739,16.882856823790185,19.93539449921657,5.267819832719187,497,1,166203
E2,E3,N0,khong,12,rf,mase,1.397967958691199,1.550707643442827,1.971820425846008,0.5738524671548086,497,1,166203
E2,E3,N0,khong,12,rf,r2,0.1766283560662146,0.2762800161846339,0.3487340401693252,0.1721056841031105,497,1,166203
E2,E1,N0,khong,12,svr,mae,0.1159607212565541,0.3903293002491297,7.042741702167628,6.926780980911074,735,0,246225
E2,E1,N0,khong,12,svr,rmse,0.2311953351809601,1.024802529147966,16.288924846993314,16.057729511812354,735,0,246225
E2,E1,N0,khong,12,svr,smape,6.377387072748794,12.307743150123288,44.53556329118288,38.15817621843408,735,0,246225
E2,E1,N0,khong,12,svr,mase,0.8946560320266251,1.3411103287996111,2.9087769106727093,2.014120878646084,735,0,246225
E2,E1,N0,khong,12,svr,r2,-0.0990626251848906,0.0198236261032319,0.2584895656898033,0.357552190874694,730,5,246225
E2,E3,N0,khong,12,svr,mae,6.109918086922842,6.654517810627932,7.542933804719292,1.43301571779645,497,1,166203
E2,E3,N0,khong,12,svr,rmse,8.119454065827151,8.784944688619861,10.657047175189758,2.537593109362607,497,1,166203
E2,E3,N0,khong,12,svr,smape,14.210341525708436,16.20783403924584,19.36881418172741,5.158472656018972,497,1,166203
E2,E3,N0,khong,12,svr,mase,1.405144708791093,1.5244634005666358,1.743584515752331,0.338439806961238,497,1,166203
E2,E3,N0,khong,12,svr,r2,0.1976870046525588,0.2858346459267339,0.4040457893718682,0.2063587847193093,497,1,166203
E2,E1,N0,khong,12,xgb,mae,0.2174790703716562,0.6311415068681306,7.147484035843209,6.930004965471553,735,0,246225
E2,E1,N0,khong,12,xgb,rmse,0.3185545718396029,1.247500210343773,16.27813259527621,15.95957802343661,735,0,246225
E2,E1,N0,khong,12,xgb,smape,10.093845327195073,20.40383559027788,61.64848373498142,51.55463840778635,735,0,246225
E2,E1,N0,khong,12,xgb,mase,1.234002382348661,1.915270577598407,3.6187658540683385,2.384763471719677,735,0,246225
E2,E1,N0,khong,12,xgb,r2,-0.4127832399441679,-0.1733949250682509,0.1173225346664617,0.5301057746106296,730,5,246225
E2,E3,N0,khong,12,xgb,mae,6.126838316295446,6.5999737016560776,7.789966177050276,1.6631278607548303,497,1,166203
E2,E3,N0,khong,12,xgb,rmse,8.196875966184866,8.714555854649639,10.982328892677764,2.7854529264928978,497,1,166203
E2,E3,N0,khong,12,xgb,smape,14.350607613008435,16.408438800966906,19.125435337195626,4.774827724187185,497,1,166203
E2,E3,N0,khong,12,xgb,mase,1.387253352448789,1.527770927136579,1.8628820893394635,0.4756287368906748,497,1,166203
E2,E3,N0,khong,12,xgb,r2,0.1997116322413655,0.2880891436392995,0.3827543021442042,0.1830426699028386,497,1,166203
E2,E1,N1,khong,1,rf,mae,0.1065640627731875,0.3749081147077141,3.409222653360814,3.3026585905876265,735,0,254310
E2,E1,N1,khong,1,rf,rmse,0.230483773226822,0.9655966669163728,7.7425727101974,7.512088936970579,735,0,254310
E2,E1,N1,khong,1,rf,smape,4.914596724939001,12.361496599479349,37.541117030453606,32.6265203055146,735,0,254310
E2,E1,N1,khong,1,rf,mase,0.7602528538735006,1.002506444524519,1.4055547578851617,0.6453019040116609,735,0,254310
E2,E1,N1,khong,1,rf,r2,0.0371671328405572,0.3425845822220022,0.6995051413395161,0.6623380084989589,730,5,254310
E2,E3,N1,khong,1,rf,mae,4.132240398970186,4.367606785625776,4.603556984570034,0.4713165855998475,497,1,171716
E2,E3,N1,khong,1,rf,rmse,5.394947175451119,5.7029129669907,6.102999180250725,0.7080520047996064,497,1,171716
E2,E3,N1,khong,1,rf,smape,9.437797627064787,10.839703352517,12.81077108606257,3.372973458997782,497,1,171716
E2,E3,N1,khong,1,rf,mase,0.935710746441162,0.98593796944543,1.0398405574273548,0.1041298109861929,497,1,171716
E2,E3,N1,khong,1,rf,r2,0.640862253978818,0.6882508729542549,0.8429619324582855,0.2020996784794675,497,1,171716
E2,E1,N1,khong,1,svr,mae,0.1024184486354991,0.3756827168666709,4.220047465368751,4.117629016733251,735,0,254310
E2,E1,N1,khong,1,svr,rmse,0.2309879239249097,1.0173116420944193,8.567913971177118,8.33692604725221,735,0,254310
E2,E1,N1,khong,1,svr,smape,4.724014141122765,12.05448649879831,43.79474458469947,39.07073044357671,735,0,254310
E2,E1,N1,khong,1,svr,mase,0.7351512409936738,0.9944222206986238,1.4901073195427146,0.7549560785490408,735,0,254310
E2,E1,N1,khong,1,svr,r2,0.01661836935385,0.2582219467506859,0.6448757491609647,0.6282573798071147,730,5,254310
E2,E3,N1,khong,1,svr,mae,4.18528847157206,4.453780317599379,4.771198271381072,0.5859097998090119,497,1,171716
E2,E3,N1,khong,1,svr,rmse,5.560305152768907,5.933246973955087,6.562516922039515,1.002211769270608,497,1,171716
E2,E3,N1,khong,1,svr,smape,9.604109969406068,10.971316865536828,13.04965066984806,3.445540700441992,497,1,171716
E2,E3,N1,khong,1,svr,mase,0.9582693426174604,1.0116668968062188,1.084110587313088,0.1258412446956276,497,1,171716
E2,E3,N1,khong,1,svr,r2,0.6251018477067612,0.6639862017604831,0.7797359246452029,0.1546340769384416,497,1,171716
E2,E1,N1,khong,1,xgb,mae,0.108318410327334,0.3905907733671981,3.571003537683165,3.462685127355831,735,0,254310
E2,E1,N1,khong,1,xgb,rmse,0.2352441155181445,0.9993424859359016,8.38399346366139,8.148749348143246,735,0,254310
E2,E1,N1,khong,1,xgb,smape,4.938489466631881,12.46090066719453,35.68209107848119,30.74360161184931,735,0,254310
E2,E1,N1,khong,1,xgb,mase,0.7652680612109779,0.9978006764684187,1.3902867185021046,0.6250186572911267,735,0,254310
E2,E1,N1,khong,1,xgb,r2,0.0320687408308577,0.3294479842846713,0.7057545660784044,0.6736858252475466,730,5,254310
E2,E3,N1,khong,1,xgb,mae,4.114914470802459,4.364270854765243,4.602496014244875,0.487581543442416,497,1,171716
E2,E3,N1,khong,1,xgb,rmse,5.382128490234042,5.7074171873035136,6.086620581322912,0.7044920910888708,497,1,171716
E2,E3,N1,khong,1,xgb,smape,9.404454337924255,10.83468940548967,12.768471681535676,3.364017343611419,497,1,171716
E2,E3,N1,khong,1,xgb,mase,0.9375501842899512,0.9879085110528604,1.043261118929411,0.1057109346394599,497,1,171716
E2,E3,N1,khong,1,xgb,r2,0.6476105138393407,0.6895162327970761,0.8342784146770132,0.1866679008376726,497,1,171716
E2,E1,N1,khong,6,rf,mae,0.115416903999411,0.4247906442911259,6.365533051167913,6.250116147168502,735,0,250635
E2,E1,N1,khong,6,rf,rmse,0.2335685881046001,1.035085308204038,14.431608245353862,14.198039657249264,735,0,250635
E2,E1,N1,khong,6,rf,smape,5.79571204767291,14.17444000728213,58.81170084453839,53.015988796865486,735,0,250635
E2,E1,N1,khong,6,rf,mase,0.8066759494489719,1.283603979859126,2.819814285470088,2.0131383360211164,735,0,250635
E2,E1,N1,khong,6,rf,r2,-0.0382446934226701,0.1167223034692582,0.4140763874902927,0.4523210809129629,730,5,250635
E2,E3,N1,khong,6,rf,mae,5.482081841331716,5.922433440622243,6.845979429015307,1.3638975876835904,497,1,169209
E2,E3,N1,khong,6,rf,rmse,7.269538137252568,7.826133730846539,9.621632362018952,2.352094224766385,497,1,169209
E2,E3,N1,khong,6,rf,smape,12.815022810034383,14.865935641593458,17.472253886826714,4.657231076792328,497,1,169209
E2,E3,N1,khong,6,rf,mase,1.25349696271098,1.357358890024436,1.5866855187543671,0.3331885560433871,497,1,169209
E2,E3,N1,khong,6,rf,r2,0.3524274583347145,0.4282233996600133,0.5242155570451958,0.1717880987104812,497,1,169209
E2,E1,N1,khong,6,svr,mae,0.1042810861211258,0.4290043593929269,6.406896642548022,6.302615556426896,735,0,250635
E2,E1,N1,khong,6,svr,rmse,0.2327389184508463,1.0514663967517264,14.938616592055226,14.70587767360438,735,0,250635
E2,E1,N1,khong,6,svr,smape,5.174860739813811,12.36118489456403,54.21586350943967,49.04100276962586,735,0,250635
E2,E1,N1,khong,6,svr,mase,0.7502378440194414,1.2016408755235657,2.554194542492005,1.803956698472564,735,0,250635
E2,E1,N1,khong,6,svr,r2,-0.0654110018056998,0.0852377928677839,0.4116835980934431,0.477094599899143,730,5,250635
E2,E3,N1,khong,6,svr,mae,5.556793506581532,5.997358682587979,6.739873101974035,1.1830795953925026,497,1,169209
E2,E3,N1,khong,6,svr,rmse,7.438027072765736,8.071324137155694,9.699929491627024,2.261902418861286,497,1,169209
E2,E3,N1,khong,6,svr,smape,12.923678719705448,14.907919232210432,17.65104532698833,4.727366607282884,497,1,169209
E2,E3,N1,khong,6,svr,mase,1.2677959696605852,1.378616423854864,1.5736579022764556,0.3058619326158704,497,1,169209
E2,E3,N1,khong,6,svr,r2,0.32087726014156,0.4007947660778801,0.4941136661857241,0.1732364060441641,497,1,169209
E2,E1,N1,khong,6,xgb,mae,0.1166217495021806,0.4369978071909277,6.263641645252393,6.147019895750212,735,0,250635
E2,E1,N1,khong,6,xgb,rmse,0.2341047046437946,1.0456276548404313,13.9911209197983,13.757016215154506,735,0,250635
E2,E1,N1,khong,6,xgb,smape,5.779472394509485,14.589386247713454,58.98278528792429,53.2033128934148,735,0,250635
E2,E1,N1,khong,6,xgb,mase,0.8172449821196315,1.3074770171840704,2.83417042016298,2.0169254380433483,735,0,250635
E2,E1,N1,khong,6,xgb,r2,-0.0574437977185239,0.1131081823323874,0.423745647093275,0.481189444811799,730,5,250635
E2,E3,N1,khong,6,xgb,mae,5.446990248225955,5.893967315798347,6.751590903567752,1.3046006553417966,497,1,169209
E2,E3,N1,khong,6,xgb,rmse,7.212769533847298,7.7794410723652305,9.592151768836349,2.379382234989049,497,1,169209
E2,E3,N1,khong,6,xgb,smape,12.793496236875187,14.690911438642292,17.35188906440505,4.558392827529863,497,1,169209
E2,E3,N1,khong,6,xgb,mase,1.240631321656567,1.3515023084714068,1.5522557954683216,0.3116244738117546,497,1,169209
E2,E3,N1,khong,6,xgb,r2,0.3678617076082264,0.4385744062218767,0.5410368141281912,0.1731751065199647,497,1,169209
E2,E1,N1,khong,12,rf,mae,0.1160158565513943,0.4537520787171548,7.887649691627409,7.771633835076015,735,0,246225
E2,E1,N1,khong,12,rf,rmse,0.2455584754022534,1.0593087855862262,15.53001466743503,15.284456192032776,735,0,246225
E2,E1,N1,khong,12,rf,smape,6.46320776141364,15.43337511842492,64.57931426555432,58.116106504140674,735,0,246225
E2,E1,N1,khong,12,rf,mase,0.8465559225262163,1.3468627689782138,3.14080659779106,2.2942506752648435,735,0,246225
E2,E1,N1,khong,12,rf,r2,-0.0443328630921783,0.0534817411243127,0.281945841032469,0.3262787041246473,730,5,246225
E2,E3,N1,khong,12,rf,mae,6.069048959032727,6.570943473871968,8.14262187150214,2.0735729124694133,497,1,166203
E2,E3,N1,khong,12,rf,rmse,7.964459810297543,8.572586403409115,11.361326913896212,3.396867103598669,497,1,166203
E2,E3,N1,khong,12,rf,smape,14.121108972221636,16.72929816049631,20.12362006018936,6.002511087967717,497,1,166203
E2,E3,N1,khong,12,rf,mase,1.382517583940194,1.5026435381666676,1.9419385781412648,0.5594209942010706,497,1,166203
E2,E3,N1,khong,12,rf,r2,0.2270251660669847,0.291990724397871,0.3533642640571919,0.1263390979902071,497,1,166203
E2,E1,N1,khong,12,svr,mae,0.1019489586283348,0.4202368280323026,7.747290250110822,7.645341291482487,735,0,246225
E2,E1,N1,khong,12,svr,rmse,0.2393368695614849,1.0463067275456297,16.713894326360546,16.47455745679906,735,0,246225
E2,E1,N1,khong,12,svr,smape,5.195355330328539,12.49979526340346,61.18395637115002,55.98860104082148,735,0,246225
E2,E1,N1,khong,12,svr,mase,0.759511900088239,1.2241624769675286,2.908304103999169,2.14879220391093,735,0,246225
E2,E1,N1,khong,12,svr,r2,-0.0600536557961861,0.0356504485391829,0.3111090089028805,0.3711626646990666,730,5,246225
E2,E3,N1,khong,12,svr,mae,6.186747918613429,6.667878656989756,7.84846468252855,1.661716763915121,497,1,166203
E2,E3,N1,khong,12,svr,rmse,8.29685644110652,8.908955692687588,11.234499139266752,2.937642698160232,497,1,166203
E2,E3,N1,khong,12,svr,smape,14.417130742749183,16.724117478290577,20.2276425512806,5.810511808531414,497,1,166203
E2,E3,N1,khong,12,svr,mase,1.4077165362575372,1.525076007914807,1.8580669620578736,0.4503504258003363,497,1,166203
E2,E3,N1,khong,12,svr,r2,0.1743085945479249,0.2486403803364182,0.3299098461255593,0.1556012515776343,497,1,166203
E2,E1,N1,khong,12,xgb,mae,0.1177722797488984,0.4748681573501228,7.911699562881754,7.793927283132856,735,0,246225
E2,E1,N1,khong,12,xgb,rmse,0.2433473489183676,1.068132027380256,15.647246754976036,15.403899406057668,735,0,246225
E2,E1,N1,khong,12,xgb,smape,6.4658122471495085,15.348989935259176,64.80743997586414,58.34162772871464,735,0,246225
E2,E1,N1,khong,12,xgb,mase,0.8462432421949515,1.315234973203321,3.0946814156676954,2.248438173472744,735,0,246225
E2,E1,N1,khong,12,xgb,r2,-0.0645218137743735,0.0452756388134372,0.2818464508079434,0.3463682645823169,730,5,246225
E2,E3,N1,khong,12,xgb,mae,6.097665312967294,6.547366932038568,8.197622664183939,2.099957351216645,497,1,166203
E2,E3,N1,khong,12,xgb,rmse,8.006253678736202,8.561550463480526,11.388042898300998,3.381789219564796,497,1,166203
E2,E3,N1,khong,12,xgb,smape,14.162950896980654,16.753578905572603,19.81697414979112,5.654023252810468,497,1,166203
E2,E3,N1,khong,12,xgb,mase,1.3866376244764005,1.505489657197816,1.938563645645193,0.5519260211687922,497,1,166203
E2,E3,N1,khong,12,xgb,r2,0.2253801866679584,0.2986034556327477,0.3678573592936394,0.1424771726256809,497,1,166203
E2,E1,N2,khong,1,rf,mae,0.1483332040387967,0.4276593375833895,2.294584124702016,2.1462509206632188,735,0,254310
E2,E1,N2,khong,1,rf,rmse,0.3063597266211733,1.1283753055171386,7.085616808094562,6.779257081473388,735,0,254310
E2,E1,N2,khong,1,rf,smape,6.966912602817981,12.157671663707957,20.543011625293385,13.576099022475404,735,0,254310
E2,E1,N2,khong,1,rf,mase,0.9000412301307475,1.1631872556284308,1.4813956454783024,0.5813544153475548,735,0,254310
E2,E1,N2,khong,1,rf,r2,-0.6658024037261399,0.0071245346548351,0.7557454384664575,1.421547842192597,730,5,254310
E2,E3,N2,khong,1,rf,mae,3.9283719518698494,4.215329474073972,4.454930316577987,0.5265583647081375,497,1,171711
E2,E3,N2,khong,1,rf,rmse,5.291856652888218,5.629843835344725,6.005945175284133,0.7140885223959144,497,1,171711
E2,E3,N2,khong,1,rf,smape,8.990982612561343,10.610015625072169,12.195002046108382,3.204019433547039,497,1,171711
E2,E3,N2,khong,1,rf,mase,0.9033986315535564,0.9499992921343668,1.007810479635772,0.1044118480822156,497,1,171711
E2,E3,N2,khong,1,rf,r2,0.6480925112419778,0.6919945246599939,0.8572979929156823,0.2092054816737045,497,1,171711
E2,E1,N2,khong,1,svr,mae,0.1009052763746596,0.3466644103920078,2.188451730581881,2.0875464542072213,735,0,254310
E2,E1,N2,khong,1,svr,rmse,0.2320968597583586,0.970578572704059,7.018572190550638,6.78647533079228,735,0,254310
E2,E1,N2,khong,1,svr,smape,4.527922911650091,10.236865168863826,18.167464753098304,13.639541841448214,735,0,254310
E2,E1,N2,khong,1,svr,mase,0.6987074383140777,0.8558455887148719,1.142128810719122,0.4434213724050444,735,0,254310
E2,E1,N2,khong,1,svr,r2,0.0103071429867262,0.3146096845593769,0.7353894620785417,0.7250823190918154,730,5,254310
E2,E3,N2,khong,1,svr,mae,3.880813915046223,4.164109118745715,4.394862745934659,0.5140488308884357,497,1,171711
E2,E3,N2,khong,1,svr,rmse,5.289396975698318,5.612204104416715,5.955456721145517,0.6660597454471997,497,1,171711
E2,E3,N2,khong,1,svr,smape,8.894985669174114,10.487605847631851,12.033806607147724,3.1388209379736107,497,1,171711
E2,E3,N2,khong,1,svr,mase,0.8882870309577724,0.9371552898177417,0.990829267530512,0.1025422365727396,497,1,171711
E2,E3,N2,khong,1,svr,r2,0.6505662368206404,0.6930400998361294,0.8661251059464965,0.2155588691258561,497,1,171711
E2,E1,N2,khong,1,xgb,mae,0.1366179854702429,0.4301796282726265,2.507042643980597,2.3704246585103546,735,0,254310
E2,E1,N2,khong,1,xgb,rmse,0.2688355154528359,1.099471098332355,7.140113358440994,6.871277842988158,735,0,254310
E2,E1,N2,khong,1,xgb,smape,6.290201210505737,13.110557323970262,23.498941447090186,17.208740236584447,735,0,254310
E2,E1,N2,khong,1,xgb,mase,0.8573407982452657,1.0905076665296467,1.4420497213739418,0.5847089231286762,735,0,254310
E2,E1,N2,khong,1,xgb,r2,-0.2821719850059686,0.1663848084274601,0.7450151371313845,1.027187122137353,730,5,254310
E2,E3,N2,khong,1,xgb,mae,3.879655358315949,4.129100735327558,4.382370972920115,0.502715614604166,497,1,171711
E2,E3,N2,khong,1,xgb,rmse,5.22298517282297,5.53138394904868,5.924681889775111,0.7016967169521413,497,1,171711
E2,E3,N2,khong,1,xgb,smape,8.798261888579791,10.352363631924948,12.040998096877246,3.2427362082974547,497,1,171711
E2,E3,N2,khong,1,xgb,mase,0.8885338182813488,0.9368721401600774,0.9864981988487412,0.0979643805673923,497,1,171711
E2,E3,N2,khong,1,xgb,r2,0.6612508006020915,0.7017701683189705,0.8566163635759604,0.1953655629738688,497,1,171711
E2,E1,N2,khong,6,rf,mae,0.1496876875810724,0.508819957781523,5.4309835924761245,5.281295904895052,735,0,250635
E2,E1,N2,khong,6,rf,rmse,0.3153968783992756,1.357814311403542,14.850767600334756,14.535370721935482,735,0,250635
E2,E1,N2,khong,6,rf,smape,7.50329707571742,15.600859272267598,30.91154026629436,23.40824319057694,735,0,250635
E2,E1,N2,khong,6,rf,mase,1.2072318024706954,1.6032121900855276,2.411826181423363,1.2045943789526676,735,0,250635
E2,E1,N2,khong,6,rf,r2,-1.001101012838829,-0.5924677171943661,0.1974739859356343,1.1985749987744632,730,5,250635
E2,E3,N2,khong,6,rf,mae,6.116342069202843,6.530494381788173,6.945090934637326,0.8287488654344832,497,1,169203
E2,E3,N2,khong,6,rf,rmse,8.223933044326042,8.788076712311224,9.614876325197503,1.3909432808714612,497,1,169203
E2,E3,N2,khong,6,rf,smape,14.059602614799788,16.052101566958026,18.52364077665933,4.464038161859547,497,1,169203
E2,E3,N2,khong,6,rf,mase,1.3954858193861648,1.494313531874403,1.5825296150698267,0.1870437956836619,497,1,169203
E2,E3,N2,khong,6,rf,r2,0.1788567314618937,0.2723626776521413,0.5929565020902025,0.4140997706283087,497,1,169203
E2,E1,N2,khong,6,svr,mae,0.1449514984167216,0.5300085668013766,5.44229095952526,5.297339461108538,735,0,250635
E2,E1,N2,khong,6,svr,rmse,0.3233931191184425,1.383110780695049,14.841305609569927,14.517912490451486,735,0,250635
E2,E1,N2,khong,6,svr,smape,6.818953764045133,15.920012329595275,30.59217989328133,23.7732261292362,735,0,250635
E2,E1,N2,khong,6,svr,mase,1.0712139199599224,1.4924709097289617,2.3293433302900803,1.258129410330158,735,0,250635
E2,E1,N2,khong,6,svr,r2,-0.9876963561001768,-0.5728838507742873,0.1946179470494352,1.1823143031496122,730,5,250635
E2,E3,N2,khong,6,svr,mae,6.101154893859093,6.516391765962214,6.901506299947464,0.800351406088371,497,1,169203
E2,E3,N2,khong,6,svr,rmse,8.1424397416723,8.711546467022501,9.553079298721158,1.4106395570488584,497,1,169203
E2,E3,N2,khong,6,svr,smape,14.04131323005268,15.947817355606894,18.455132201745688,4.413818971693008,497,1,169203
E2,E3,N2,khong,6,svr,mase,1.3843878350852783,1.488987054002151,1.5696339964471149,0.1852461613618365,497,1,169203
E2,E3,N2,khong,6,svr,r2,0.1929166487770673,0.2892697464895828,0.5974575191698701,0.4045408703928027,497,1,169203
E2,E1,N2,khong,6,xgb,mae,0.1551842481558543,0.5596457593415191,5.567062309813458,5.411878061657604,735,0,250635
E2,E1,N2,khong,6,xgb,rmse,0.3267599004453405,1.3947334993859146,14.867584269273207,14.540824368827868,735,0,250635
E2,E1,N2,khong,6,xgb,smape,7.3009076480217585,17.258805464393806,35.460091701225245,28.15918405320349,735,0,250635
E2,E1,N2,khong,6,xgb,mase,1.165545531412474,1.6207768450376192,2.4690284711096897,1.3034829396972158,735,0,250635
E2,E1,N2,khong,6,xgb,r2,-1.039122111564031,-0.638261244401159,0.1238810384385593,1.1630031500025904,730,5,250635
E2,E3,N2,khong,6,xgb,mae,6.109174453236647,6.523132126770912,6.94882159239296,0.8396471391563134,497,1,169203
E2,E3,N2,khong,6,xgb,rmse,8.190158779091842,8.760308055200936,9.611995345694268,1.4218365666024262,497,1,169203
E2,E3,N2,khong,6,xgb,smape,14.015198798181434,16.037736261429867,18.5042268093798,4.489028011198364,497,1,169203
E2,E3,N2,khong,6,xgb,mase,1.391239964663117,1.4953154316379198,1.582595628325978,0.191355663662861,497,1,169203
E2,E3,N2,khong,6,xgb,r2,0.1826194505827765,0.281575420420306,0.5896008106691062,0.4069813600863297,497,1,169203
E2,E1,N2,khong,12,rf,mae,0.1266748620571798,0.4786619096016236,6.876222890539708,6.749548028482528,735,0,246225
E2,E1,N2,khong,12,rf,rmse,0.2896153714041114,1.3954830149278392,18.08392430493453,17.794308933530424,735,0,246225
E2,E1,N2,khong,12,rf,smape,6.422757676731145,13.736560124020071,38.420320333407886,31.99756265667674,735,0,246225
E2,E1,N2,khong,12,rf,mase,0.9907728443465118,1.5391134409569551,2.783661168367485,1.7928883240209734,735,0,246225
E2,E1,N2,khong,12,rf,r2,-0.90747472549842,-0.4564922464128317,0.1126543370151447,1.0201290625135648,730,5,246225
E2,E3,N2,khong,12,rf,mae,6.655023314450026,7.166377151900647,7.731480378416326,1.0764570639663005,497,1,166197
E2,E3,N2,khong,12,rf,rmse,8.91906547632086,9.548781735902176,11.027120554337012,2.108055078016152,497,1,166197
E2,E3,N2,khong,12,rf,smape,15.277894817523618,17.407793407066,20.46796614025768,5.190071322734061,497,1,166197
E2,E3,N2,khong,12,rf,mase,1.521680516420937,1.645758212561532,1.7945482565836908,0.2728677401627537,497,1,166197
E2,E3,N2,khong,12,rf,r2,0.0345595284655483,0.1477971793123647,0.3840538896840402,0.3494943612184918,497,1,166197
E2,E1,N2,khong,12,svr,mae,0.1348233087753286,0.5033872763219394,6.879958897690078,6.745135588914749,735,0,246225
E2,E1,N2,khong,12,svr,rmse,0.30222665779511,1.4498775397828558,17.903670611599054,17.601443953803944,735,0,246225
E2,E1,N2,khong,12,svr,smape,6.639331824156086,15.175359858978926,39.340379557390605,32.70104773323452,735,0,246225
E2,E1,N2,khong,12,svr,mase,0.9726660616312311,1.60503311282948,2.766393035273772,1.79372697364254,735,0,246225
E2,E1,N2,khong,12,svr,r2,-0.9843150004447458,-0.5212920575455271,0.108062609199891,1.092377609644637,730,5,246225
E2,E3,N2,khong,12,svr,mae,6.695975964282611,7.212406086592201,7.807233369824553,1.1112574055419424,497,1,166197
E2,E3,N2,khong,12,svr,rmse,8.959379149921602,9.63200838551714,11.160139875777425,2.2007607258558206,497,1,166197
E2,E3,N2,khong,12,svr,smape,15.354527631366205,17.51338027158963,20.68192040371161,5.32739277234541,497,1,166197
E2,E3,N2,khong,12,svr,mase,1.5372397738690513,1.654224336572012,1.8044478866635751,0.2672081127945238,497,1,166197
E2,E3,N2,khong,12,svr,r2,0.0217416543244225,0.1369210551620026,0.3728297107620248,0.3510880564376023,497,1,166197
E2,E1,N2,khong,12,xgb,mae,0.1497943919643028,0.5174411991739469,7.024974063783497,6.875179671819194,735,0,246225
E2,E1,N2,khong,12,xgb,rmse,0.3130389618718466,1.4392761937080365,18.18152804981024,17.868489087938386,735,0,246225
E2,E1,N2,khong,12,xgb,smape,7.536733606485391,15.748528384895868,44.08186420367451,36.54513059718912,735,0,246225
E2,E1,N2,khong,12,xgb,mase,1.0955438471339696,1.675047551367525,2.941201194998849,1.84565734786488,735,0,246225
E2,E1,N2,khong,12,xgb,r2,-1.0290202472405512,-0.6521814835951073,-0.00635926975943,1.022660977481121,730,5,246225
E2,E3,N2,khong,12,xgb,mae,6.73273049670768,7.24598151588356,7.84620795131752,1.113477454609841,497,1,166197
E2,E3,N2,khong,12,xgb,rmse,9.045233692624162,9.685923626978605,11.265428534558827,2.2201948419346653,497,1,166197
E2,E3,N2,khong,12,xgb,smape,15.517052098797995,17.62054547754349,20.70200899663746,5.184956897839465,497,1,166197
E2,E3,N2,khong,12,xgb,mase,1.545699224627299,1.6649833534680325,1.8228473413300248,0.2771481167027263,497,1,166197
E2,E3,N2,khong,12,xgb,r2,0.002114342159173,0.1191156925851504,0.3676992035704021,0.365584861411229,497,1,166197
E3,E1,N0,khong,1,rf,mae,0.3740853425613604,1.3350642207140058,5.444628527323232,5.070543184761871,735,0,254310
E3,E1,N0,khong,1,rf,rmse,1.3663486425425948,3.878092408844979,10.416407235646489,9.050058593103891,735,0,254310
E3,E1,N0,khong,1,rf,smape,10.747625091624538,25.816139379974217,51.20450790056614,40.4568828089416,735,0,254310
E3,E1,N0,khong,1,rf,mase,1.536782589103518,2.4565170842675315,4.108432612503693,2.5716500234001747,735,0,254310
E3,E1,N0,khong,1,rf,r2,-62.306504948787925,-2.056357226292352,0.5712809982227529,62.87778594701068,730,5,254310
E3,E2,N0,khong,1,rf,mae,0.4323845793523146,1.2652264895676033,4.353988906249514,3.9216043268972,302,0,104492
E3,E2,N0,khong,1,rf,rmse,1.579899039326218,3.785691791940754,8.496400816807606,6.916501777481388,302,0,104492
E3,E2,N0,khong,1,rf,smape,10.94832187400022,25.73291004387844,57.543367419019006,46.59504554501879,302,0,104492
E3,E2,N0,khong,1,rf,mase,1.7296305944238088,3.034332237790302,6.173535630600121,4.443905036176312,302,0,104492
E3,E2,N0,khong,1,rf,r2,-45.84978589712085,-2.390999898499712,0.370096485451719,46.21988238257257,302,0,104492
E3,E1,N0,khong,1,svr,mae,0.135978267441146,0.6495803679052826,8.471747092294954,8.335768824853808,735,0,254310
E3,E1,N0,khong,1,svr,rmse,0.2622847328795074,1.449134351228175,14.931706706056438,14.66942197317693,735,0,254310
E3,E1,N0,khong,1,svr,smape,6.587342443555832,17.477920801132672,51.959654425529,45.37231198197316,735,0,254310
E3,E1,N0,khong,1,svr,mase,1.1042739811721352,1.647378565896631,3.428903262713476,2.3246292815413407,735,0,254310
E3,E1,N0,khong,1,svr,r2,-0.7384589761565546,-0.1946018121482359,0.1850483359759872,0.923507312132542,730,5,254310
E3,E2,N0,khong,1,svr,mae,0.1729450812976303,0.6545255229256857,4.047980887378655,3.8750358060810246,302,0,104492
E3,E2,N0,khong,1,svr,rmse,0.326686724726977,1.695318188751262,8.559005091644732,8.232318366917754,302,0,104492
E3,E2,N0,khong,1,svr,smape,7.503365027506816,16.015111229371197,43.46521915080754,35.961854123300725,302,0,104492
E3,E2,N0,khong,1,svr,mase,1.0009025729595566,1.696320715923901,4.308512439631983,3.307609866672426,302,0,104492
E3,E2,N0,khong,1,svr,r2,-1.202364492215343,-0.3927810137881604,0.1785494406735988,1.3809139328889417,302,0,104492
E3,E1,N0,khong,1,xgb,mae,0.5466439348884171,1.2496725091453822,5.057248671641073,4.510604736752656,735,0,254310
E3,E1,N0,khong,1,xgb,rmse,1.0018434512501249,2.819238441203169,9.556910170646,8.555066719395874,735,0,254310
E3,E1,N0,khong,1,xgb,smape,18.975746700625727,32.521369999401145,50.38906170055981,31.41331499993408,735,0,254310
E3,E1,N0,khong,1,xgb,mase,1.7625880825514622,3.093389558033151,4.415521373369483,2.6529332908180208,735,0,254310
E3,E1,N0,khong,1,xgb,r2,-24.259018585748144,-1.9489755016903327,0.6129927506674259,24.87201133641557,730,5,254310
E3,E2,N0,khong,1,xgb,mae,0.6409281867018194,1.053349115629187,3.273865416362172,2.6329372296603526,302,0,104492
E3,E2,N0,khong,1,xgb,rmse,1.0493639620864603,2.685213534826795,7.088561181717468,6.039197219631007,302,0,104492
E3,E2,N0,khong,1,xgb,smape,20.301079890939768,34.135623496432395,67.01168424003637,46.710604349096606,302,0,104492
E3,E2,N0,khong,1,xgb,mase,2.01559176072709,3.1907084217356694,5.441201957930016,3.425610197202926,302,0,104492
E3,E2,N0,khong,1,xgb,r2,-19.480233122360488,-3.56902667890524,0.3923698900962875,19.87260301245677,302,0,104492
E3,E1,N0,khong,6,rf,mae,0.3257856119276734,0.9056098381092982,11.373324845164175,11.047539233236504,735,0,250635
E3,E1,N0,khong,6,rf,rmse,0.445469625752628,1.710436325498631,20.4829763364829,20.03750671073027,735,0,250635
E3,E1,N0,khong,6,rf,smape,11.898629418638432,30.418248816963168,60.2826245150252,48.38399509638677,735,0,250635
E3,E1,N0,khong,6,rf,mase,1.732220212948138,2.7446897238016565,4.387723301536602,2.655503088588464,735,0,250635
E3,E1,N0,khong,6,rf,r2,-2.376554076505519,-0.4961024072667894,0.0594806205903788,2.4360346970958977,730,5,250635
E3,E2,N0,khong,6,rf,mae,0.3583680458645996,0.9203192495221918,7.458816544786919,7.10044849892232,302,0,102982
E3,E2,N0,khong,6,rf,rmse,0.5341819266580553,2.064682372637977,14.4609878018375,13.926805875179443,302,0,102982
E3,E2,N0,khong,6,rf,smape,10.399917592636188,27.77486187621929,59.194361975790855,48.79444438315467,302,0,102982
E3,E2,N0,khong,6,rf,mase,1.6613654165994394,2.9712337422281285,6.155908107597824,4.494542690998385,302,0,102982
E3,E2,N0,khong,6,rf,r2,-3.149591404838876,-0.8176275908807338,-0.2375521775539912,2.912039227284885,302,0,102982
E3,E1,N0,khong,6,svr,mae,0.3152642282070436,0.948782641284958,10.694479923701191,10.379215695494148,735,0,250635
E3,E1,N0,khong,6,svr,rmse,0.3771402051022456,1.9931951248746624,17.494478462586866,17.11733825748462,735,0,250635
E3,E1,N0,khong,6,svr,smape,19.70574564812232,26.6893120300712,65.6527066344585,45.94696098633618,735,0,250635
E3,E1,N0,khong,6,svr,mase,2.190388082537907,3.5748766949287667,5.375180678619493,3.184792596081586,735,0,250635
E3,E1,N0,khong,6,svr,r2,-3.790634217575138,-1.2960252277429374,-0.2619689137247694,3.528665303850369,730,5,250635
E3,E2,N0,khong,6,svr,mae,0.3127248394623051,1.0232852317099814,5.678096058763767,5.365371219301462,302,0,102982
E3,E2,N0,khong,6,svr,rmse,0.4258614809756715,2.4066212352670897,11.414302859545186,10.988441378569515,302,0,102982
E3,E2,N0,khong,6,svr,smape,19.369617445239264,26.07111047988313,57.39902597933512,38.02940853409586,302,0,102982
E3,E2,N0,khong,6,svr,mase,1.815059699108564,3.334577453757002,5.921478249946075,4.10641855083751,302,0,102982
E3,E2,N0,khong,6,svr,r2,-4.333662145188162,-1.7379612003514358,-0.4137987742795621,3.9198633709086,302,0,102982
E3,E1,N0,khong,6,xgb,mae,1.0308764509678785,2.482531469039054,9.037240945728543,8.006364494760664,735,0,250635
E3,E1,N0,khong,6,xgb,rmse,1.3456743011081622,4.335938348836996,16.579553110534242,15.23387880942608,735,0,250635
E3,E1,N0,khong,6,xgb,smape,37.17352807812357,54.21181310474486,78.42102278011838,41.24749470199481,735,0,250635
E3,E1,N0,khong,6,xgb,mase,3.134937394930817,6.55815689126351,11.341605194473932,8.206667799543116,735,0,250635
E3,E1,N0,khong,6,xgb,r2,-48.506926685907096,-5.984647013301926,-0.0286938833527168,48.47823280255438,730,5,250635
E3,E2,N0,khong,6,xgb,mae,1.0918176001351134,2.518042235484563,6.688132296205479,5.596314696070365,302,0,102982
E3,E2,N0,khong,6,xgb,rmse,1.4162450189541915,4.289751112721466,11.661737187194683,10.245492168240494,302,0,102982
E3,E2,N0,khong,6,xgb,smape,32.0098332337748,60.8188502740768,91.11963095683475,59.10979772305996,302,0,102982
E3,E2,N0,khong,6,xgb,mase,3.728050662457816,7.2531163990918115,13.069433397275272,9.341382734817458,302,0,102982
E3,E2,N0,khong,6,xgb,r2,-43.76849590286428,-11.200476520123894,-0.3338215183861818,43.4346743844781,302,0,102982
E3,E1,N0,khong,12,rf,mae,0.4125772619737478,1.08605723791879,11.66330201833793,11.250724756364182,735,0,246225
E3,E1,N0,khong,12,rf,rmse,0.521293389037821,2.078143772400842,20.722202102672263,20.20090871363444,735,0,246225
E3,E1,N0,khong,12,rf,smape,15.38663624287814,33.927775413511114,70.86777762264038,55.48114137976224,735,0,246225
E3,E1,N0,khong,12,rf,mase,2.005118823969392,3.27272631533161,5.7812326263130025,3.7761138023436094,735,0,246225
E3,E1,N0,khong,12,rf,r2,-3.061851623227292,-0.9868261107692944,-0.1122762774023407,2.949575345824951,730,5,246225
E3,E2,N0,khong,12,rf,mae,0.4534615890542809,1.1097647140208111,7.338575614163706,6.885114025109425,302,0,101170
E3,E2,N0,khong,12,rf,rmse,0.6046386562441726,2.3938563574798115,12.604402544832316,11.99976388858814,302,0,101170
E3,E2,N0,khong,12,rf,smape,13.578786698882604,32.271493657682505,68.91318186522898,55.334395166346376,302,0,101170
E3,E2,N0,khong,12,rf,mase,1.8516328948973249,3.311189206882696,5.990523525811588,4.138890630914263,302,0,101170
E3,E2,N0,khong,12,rf,r2,-3.814716921246797,-1.5006427681221948,-0.4269680149916579,3.38774890625514,302,0,101170
E3,E1,N0,khong,12,svr,mae,0.3436097669050754,1.0773805946822286,12.210839753219483,11.867229986314408,735,0,246225
E3,E1,N0,khong,12,svr,rmse,0.4034363203546559,2.099988123243256,19.131542608184787,18.72810628783013,735,0,246225
E3,E1,N0,khong,12,svr,smape,21.713346350682272,28.48101312042992,70.16355971226474,48.45021336158247,735,0,246225
E3,E1,N0,khong,12,svr,mase,2.317883037828064,3.8364470920900633,5.790944044889386,3.473061007061322,735,0,246225
E3,E1,N0,khong,12,svr,r2,-4.401950241523077,-1.5880687720815383,-0.3746358222959605,4.027314419227117,730,5,246225
E3,E2,N0,khong,12,svr,mae,0.3388377975261913,1.0988549839190176,6.104436529119513,5.765598731593322,302,0,101170
E3,E2,N0,khong,12,svr,rmse,0.4486864289411635,2.513720663460025,12.43003758770314,11.981351158761976,302,0,101170
E3,E2,N0,khong,12,svr,smape,21.1832713312712,28.17715730652604,60.338635935863,39.1553646045918,302,0,101170
E3,E2,N0,khong,12,svr,mase,1.9753106373889664,3.632367801341056,6.4559599299197705,4.480649292530805,302,0,101170
E3,E2,N0,khong,12,svr,r2,-4.824686757653934,-1.9637129274185856,-0.4709504362864968,4.353736321367437,302,0,101170
E3,E1,N0,khong,12,xgb,mae,1.5991870283428116,2.650759976183004,8.44513146220155,6.8459444338587385,735,0,246225
E3,E1,N0,khong,12,xgb,rmse,2.48338232576701,4.131818772726708,16.257582397451532,13.774200071684522,735,0,246225
E3,E1,N0,khong,12,xgb,smape,43.92742495520256,65.05021780374928,83.4193591831087,39.49193422790614,735,0,246225
E3,E1,N0,khong,12,xgb,mase,3.3264252642518253,7.406766110850494,12.763207422102544,9.436782157850718,735,0,246225
E3,E1,N0,khong,12,xgb,r2,-78.30339994332402,-4.067825340874171,-0.1362954076312503,78.16710453569277,730,5,246225
E3,E2,N0,khong,12,xgb,mae,1.3233557511829024,2.4468728952909413,6.091372493972529,4.7680167427896265,302,0,101170
E3,E2,N0,khong,12,xgb,rmse,1.9588080992486705,4.005215336592443,9.98433848836801,8.02553038911934,302,0,101170
E3,E2,N0,khong,12,xgb,smape,37.11563568519966,62.43817361479979,89.18450303445323,52.068867349253566,302,0,101170
E3,E2,N0,khong,12,xgb,mase,3.714265773443626,7.42025634160121,12.778996383089329,9.064730609645702,302,0,101170
E3,E2,N0,khong,12,xgb,r2,-52.07846661993786,-7.235921643943132,-0.4478327406892386,51.63063387924863,302,0,101170
E3,E1,N1,khong,1,rf,mae,0.1364739888317198,0.637453069114333,4.946552312078014,4.810078323246294,735,0,254310
E3,E1,N1,khong,1,rf,rmse,0.3048492469691152,1.6714222626057582,10.128293078709683,9.823443831740567,735,0,254310
E3,E1,N1,khong,1,rf,smape,5.749277034600876,14.49008283094254,40.259708245282496,34.51043121068162,735,0,254310
E3,E1,N1,khong,1,rf,mase,0.8322788107488004,1.2193165056196495,1.9475118508062828,1.1152330400574824,735,0,254310
E3,E1,N1,khong,1,rf,r2,-0.8417669359189754,0.0457286126707469,0.616980051812325,1.4587469877313004,730,5,254310
E3,E2,N1,khong,1,rf,mae,0.1727575513244146,0.6733350447028782,4.873491159600021,4.700733608275606,302,0,104492
E3,E2,N1,khong,1,rf,rmse,0.3795856866695771,2.0875256786166725,8.823500954122686,8.443915267453109,302,0,104492
E3,E2,N1,khong,1,rf,smape,6.825730595236065,15.606035620352058,40.00903018796076,33.183299592724694,302,0,104492
E3,E2,N1,khong,1,rf,mase,0.8498355312674037,1.313773248206673,3.0339504380925617,2.184114906825158,302,0,104492
E3,E2,N1,khong,1,rf,r2,-0.8977634131106469,-0.1128195665946178,0.4704979770503784,1.3682613901610252,302,0,104492
E3,E1,N1,khong,1,svr,mae,0.1344986580953375,0.506345237009188,4.885904247934526,4.751405589839189,735,0,254310
E3,E1,N1,khong,1,svr,rmse,0.2535577589048962,1.0816089287056858,10.439394805237104,10.185837046332209,735,0,254310
E3,E1,N1,khong,1,svr,smape,6.355632881690582,15.934602746677523,43.14486388903146,36.78923100734088,735,0,254310
E3,E1,N1,khong,1,svr,mase,0.9154397700736784,1.2952030537912615,1.9619098134327928,1.046470043359114,735,0,254310
E3,E1,N1,khong,1,svr,r2,-0.208205057989244,0.1792685498662241,0.6137639790774653,0.8219690370667092,730,5,254310
E3,E2,N1,khong,1,svr,mae,0.1637234666211976,0.4488451811792648,2.9749154802233484,2.8111920136021507,302,0,104492
E3,E2,N1,khong,1,svr,rmse,0.3196770496692465,1.1053408490071002,5.44385909087319,5.124182041203943,302,0,104492
E3,E2,N1,khong,1,svr,smape,7.019127411723847,14.495990312049024,39.67781074748916,32.65868333576532,302,0,104492
E3,E2,N1,khong,1,svr,mase,0.8760915692399619,1.1862393815154155,2.5851318752051724,1.7090403059652104,302,0,104492
E3,E2,N1,khong,1,svr,r2,-0.3332326944361776,0.0433628592639047,0.5601313333182935,0.8933640277544711,302,0,104492
E3,E1,N1,khong,1,xgb,mae,0.6079947293805126,5.870440055307587,20.99800322556723,20.39000849618672,735,0,254310
E3,E1,N1,khong,1,xgb,rmse,2.882264772823996,15.515863053630378,106.1707193011704,103.2884545283464,735,0,254310
E3,E1,N1,khong,1,xgb,smape,10.760597555157776,30.5352670838749,53.02268366591201,42.26208611075424,735,0,254310
E3,E1,N1,khong,1,xgb,mase,2.040854466213079,5.556604726539307,35.83537753143497,33.794523065221895,735,0,254310
E3,E1,N1,khong,1,xgb,r2,-4461.0121294365,-147.17539364148044,-0.7452933785683638,4460.266836057932,730,5,254310
E3,E2,N1,khong,1,xgb,mae,0.5991079624951765,4.677048471192398,71.78703618536326,71.18792822286808,302,0,104492
E3,E2,N1,khong,1,xgb,rmse,2.2232188342314734,26.31132169238954,316.4997008389769,314.2764820047454,302,0,104492
E3,E2,N1,khong,1,xgb,smape,12.008887434952705,25.085014263851463,67.16202672786412,55.15313929291141,302,0,104492
E3,E2,N1,khong,1,xgb,mase,2.1380261663022666,9.526608986239768,89.37623988304857,87.2382137167463,302,0,104492
E3,E2,N1,khong,1,xgb,r2,-12334.954328693717,-237.2610531895405,-13.695956939193248,12321.258371754524,302,0,104492
E3,E1,N1,khong,6,rf,mae,0.2169482979703628,1.1413846329520914,15.8611808332791,15.644232535308737,735,0,250635
E3,E1,N1,khong,6,rf,rmse,0.478445836815783,2.8595647319210253,25.62729710063869,25.14885126382291,735,0,250635
E3,E1,N1,khong,6,rf,smape,8.269433423736196,21.82105335505961,62.47857197790051,54.20913855416431,735,0,250635
E3,E1,N1,khong,6,rf,mase,1.2960781929380634,2.2940128613990263,4.472503613399287,3.1764254204612232,735,0,250635
E3,E1,N1,khong,6,rf,r2,-5.1911011117237065,-0.4374637208628117,0.151153167862927,5.3422542795866335,730,5,250635
E3,E2,N1,khong,6,rf,mae,0.2691693765943906,1.494703387812986,11.094136238824628,10.824966862230236,302,0,102982
E3,E2,N1,khong,6,rf,rmse,0.5139015302802186,3.9653421891132927,26.11878894426441,25.604887413984187,302,0,102982
E3,E2,N1,khong,6,rf,smape,9.85166446243752,21.949957097769705,59.68509067913968,49.833426216702165,302,0,102982
E3,E2,N1,khong,6,rf,mase,1.2768955728019022,2.422188768190832,6.668777719633918,5.391882146832016,302,0,102982
E3,E2,N1,khong,6,rf,r2,-10.556894571787376,-0.7923563672633213,-0.0551305652090731,10.501764006578302,302,0,102982
E3,E1,N1,khong,6,svr,mae,0.1722380783556493,0.5715427728499941,11.255379117760707,11.083141039405058,735,0,250635
E3,E1,N1,khong,6,svr,rmse,0.2717863859318735,1.1879535142679871,17.329707716454728,17.057921330522856,735,0,250635
E3,E1,N1,khong,6,svr,smape,8.868667263242756,20.126149471350267,78.51218819222456,69.6435209289818,735,0,250635
E3,E1,N1,khong,6,svr,mase,1.0321914542169548,1.7878102657114632,4.116180703484098,3.083989249267143,735,0,250635
E3,E1,N1,khong,6,svr,r2,-0.1682072776099666,-0.0148084560596728,0.0741893901472342,0.2423966677572009,730,5,250635
E3,E2,N1,khong,6,svr,mae,0.1821191925808991,0.5399663114518811,5.205142031270795,5.023022838689896,302,0,102982
E3,E2,N1,khong,6,svr,rmse,0.2990030532709581,1.158658676911858,9.241045520100991,8.942042466830035,302,0,102982
E3,E2,N1,khong,6,svr,smape,8.049030848469819,16.705854828470457,72.52898710417848,64.47995625570866,302,0,102982
E3,E2,N1,khong,6,svr,mase,0.8933352028049057,1.619595831120793,4.045053475780272,3.1517182729753666,302,0,102982
E3,E2,N1,khong,6,svr,r2,-0.1176439382778233,-0.0275216915635436,0.0236548883170266,0.14129882659485,302,0,102982
E3,E1,N1,khong,6,xgb,mae,1.3378882553021931,13.323329048564316,50.445847713530966,49.10795945822878,735,0,250635
E3,E1,N1,khong,6,xgb,rmse,7.792469080092895,29.908963651872387,209.6579639233164,201.8654948432235,735,0,250635
E3,E1,N1,khong,6,xgb,smape,13.21231089458346,37.74778402865154,66.88399390860555,53.671683014022086,735,0,250635
E3,E1,N1,khong,6,xgb,mase,4.01987228578678,11.094491208819734,68.28149479690549,64.26162251111872,735,0,250635
E3,E1,N1,khong,6,xgb,r2,-27517.321276123897,-1073.7769420466634,-0.9244530354391136,27516.396823088457,730,5,250635
E3,E2,N1,khong,6,xgb,mae,1.0251498858241013,10.060161836522798,74.67500401114383,73.64985412531972,302,0,102982
E3,E2,N1,khong,6,xgb,rmse,6.074707331490794,61.28613354125096,283.29479724596854,277.22008991447774,302,0,102982
E3,E2,N1,khong,6,xgb,smape,15.549720739029702,29.494226957008784,74.95557228501147,59.40585154598177,302,0,102982
E3,E2,N1,khong,6,xgb,mase,3.9408362102676255,18.909291767510148,156.12615579869885,152.1853195884312,302,0,102982
E3,E2,N1,khong,6,xgb,r2,-42928.7244737244,-1998.2521946531256,-13.37870158528797,42915.34577213911,302,0,102982
E3,E1,N1,khong,12,rf,mae,0.4656161152371731,3.469951622243733,23.983147075135165,23.517530959898,735,0,246225
E3,E1,N1,khong,12,rf,rmse,2.135771293363814,17.150795193053803,37.77309985316266,35.637328559798846,735,0,246225
E3,E1,N1,khong,12,rf,smape,10.541855894539507,27.08969556487361,66.06679864398149,55.524942749441976,735,0,246225
E3,E1,N1,khong,12,rf,mase,2.157548282478235,4.861499427978614,10.557579939635929,8.400031657157694,735,0,246225
E3,E1,N1,khong,12,rf,r2,-539.8492322085174,-17.521832150708242,-0.0496116863066133,539.7996205222107,730,5,246225
E3,E2,N1,khong,12,rf,mae,0.506711825734385,3.143915630662552,22.97855551510673,22.471843689372346,302,0,101170
E3,E2,N1,khong,12,rf,rmse,2.134975325710192,11.7400823947723,52.1649425881456,50.029967262435406,302,0,101170
E3,E2,N1,khong,12,rf,smape,12.341117959456628,27.557575398128304,62.84637894032724,50.50526098087062,302,0,101170
E3,E2,N1,khong,12,rf,mase,2.095442180347172,4.776499877365627,24.76884939653604,22.67340721618887,302,0,101170
E3,E2,N1,khong,12,rf,r2,-598.8790373565101,-94.92806105119736,-0.445626977414909,598.4334103790952,302,0,101170
E3,E1,N1,khong,12,svr,mae,0.1192120145134009,0.4555085504225327,8.128949168195874,8.009737153682472,735,0,246225
E3,E1,N1,khong,12,svr,rmse,0.2473228509052,1.0756809735120727,16.40503570401431,16.15771285310911,735,0,246225
E3,E1,N1,khong,12,svr,smape,6.315234659947469,15.416024969268582,60.87074186255714,54.55550720260967,735,0,246225
E3,E1,N1,khong,12,svr,mase,0.8693165466029823,1.3285750018073104,2.8515915850977938,1.982275038494812,735,0,246225
E3,E1,N1,khong,12,svr,r2,-0.0863845938087779,0.0128878123852244,0.2965258962151098,0.3829104900238878,730,5,246225
E3,E2,N1,khong,12,svr,mae,0.1517165024196766,0.4423531105968239,3.722853395822794,3.5711368934031174,302,0,101170
E3,E2,N1,khong,12,svr,rmse,0.2988186887803231,1.0876112851738573,8.882787624420171,8.583968935639849,302,0,101170
E3,E2,N1,khong,12,svr,smape,6.35174647480982,15.287415968988183,53.06486274317408,46.71311626836426,302,0,101170
E3,E2,N1,khong,12,svr,mase,0.7965863244967597,1.2291776014177225,2.991871840620956,2.195285516124196,302,0,101170
E3,E2,N1,khong,12,svr,r2,-0.1542104420258271,-0.0485592047260097,0.1106422427908764,0.2648526848167036,302,0,101170
E3,E1,N1,khong,12,xgb,mae,2.1226794439416112,24.389363187183413,61.390099435578016,59.2674199916364,735,0,246225
E3,E1,N1,khong,12,xgb,rmse,11.348338675192226,50.57806317898765,350.1965814096208,338.84824273442854,735,0,246225
E3,E1,N1,khong,12,xgb,smape,17.344303725974477,49.22771025893909,80.75889506107032,63.41459133509584,735,0,246225
E3,E1,N1,khong,12,xgb,mase,6.66803248293953,16.264383178957004,118.8905324490526,112.22249996611303,735,0,246225
E3,E1,N1,khong,12,xgb,r2,-61967.27665528977,-2480.933622703275,-10.081614796556584,61957.19504049321,730,5,246225
E3,E2,N1,khong,12,xgb,mae,2.163995862496886,17.972868069084733,87.38285333434497,85.21885747184808,302,0,101170
E3,E2,N1,khong,12,xgb,rmse,10.291203063255356,69.2286559596219,475.81531566887,465.5241126056146,302,0,101170
E3,E2,N1,khong,12,xgb,smape,18.896445701844065,35.421635024991986,101.4612519641306,82.56480626228654,302,0,101170
E3,E2,N1,khong,12,xgb,mase,6.807397551049013,34.00331464602081,178.0357189092462,171.2283213581972,302,0,101170
E3,E2,N1,khong,12,xgb,r2,-89635.66759330385,-4757.943375021276,-32.29840261100539,89603.36919069284,302,0,101170
E3,E1,N2,khong,1,rf,mae,0.1266524356909414,0.4468309141473635,2.824035257141334,2.6973828214503923,735,0,254310
E3,E1,N2,khong,1,rf,rmse,0.3008207263918777,1.0811564770960342,7.163575992942055,6.8627552665501765,735,0,254310
E3,E1,N2,khong,1,rf,smape,5.280494758663086,12.266406613320353,20.63181013610321,15.351315377440123,735,0,254310
E3,E1,N2,khong,1,rf,mase,0.8634460905963504,1.043791257959556,1.355924877956852,0.4924787873605016,735,0,254310
E3,E1,N2,khong,1,rf,r2,-0.4676457463370713,0.090964950928836,0.7177590049159015,1.1854047512529728,730,5,254310
E3,E2,N2,khong,1,rf,mae,0.1593386358396171,0.437900991006768,1.6579525417635996,1.4986139059239825,302,0,104492
E3,E2,N2,khong,1,rf,rmse,0.3358546000065473,1.0439240187084229,4.551440676646434,4.215586076639887,302,0,104492
E3,E2,N2,khong,1,rf,smape,5.921061843372577,12.300395667631935,25.39704565654353,19.47598381317095,302,0,104492
E3,E2,N2,khong,1,rf,mase,0.8865837118942363,1.0669295000562835,1.7741382650842985,0.8875545531900622,302,0,104492
E3,E2,N2,khong,1,rf,r2,-0.5834456764870297,-0.0247747241857352,0.6517229684536145,1.2351686449406445,302,0,104492
E3,E1,N2,khong,1,svr,mae,0.1190802240489968,0.4257646120927818,2.341080078795085,2.221999854746088,735,0,254310
E3,E1,N2,khong,1,svr,rmse,0.2630828600826116,1.0363973803305786,6.997566552676428,6.734483692593816,735,0,254310
E3,E1,N2,khong,1,svr,smape,4.918035872843946,12.975281167608872,24.36956811274053,19.451532239896583,735,0,254310
E3,E1,N2,khong,1,svr,mase,0.7862250359074499,0.9624672727443996,1.266304420195207,0.4800793842877571,735,0,254310
E3,E1,N2,khong,1,svr,r2,-0.2503782153721416,0.1799566218799112,0.7287617360145576,0.9791399513866992,730,5,254310
E3,E2,N2,khong,1,svr,mae,0.1546344612902896,0.4137163582551859,1.6380253731369383,1.4833909118466486,302,0,104492
E3,E2,N2,khong,1,svr,rmse,0.3194446216760703,1.026875535677768,4.535967941544175,4.216523319868105,302,0,104492
E3,E2,N2,khong,1,svr,smape,6.404535983317881,13.844066095649788,28.95398002559347,22.54944404227559,302,0,104492
E3,E2,N2,khong,1,svr,mase,0.8365547898001331,1.0483156496373618,1.7277973914047533,0.8912426016046202,302,0,104492
E3,E2,N2,khong,1,svr,r2,-0.4106287062751703,0.077944438011609,0.6477573516527064,1.0583860579278768,302,0,104492
E3,E1,N2,khong,1,xgb,mae,0.1305567927806824,0.461661976992774,3.062997756027153,2.9324409632464707,735,0,254310
E3,E1,N2,khong,1,xgb,rmse,0.2674856727927612,1.1375278044123427,7.328870819027115,7.061385146234354,735,0,254310
E3,E1,N2,khong,1,xgb,smape,5.8253161778892455,12.557893507625549,21.098701362492125,15.27338518460288,735,0,254310
E3,E1,N2,khong,1,xgb,mase,0.8822818978706594,1.0903470599235787,1.4268042849788865,0.5445223871082271,735,0,254310
E3,E1,N2,khong,1,xgb,r2,-0.3262366564007353,0.1501860704916361,0.715829025970611,1.0420656823713463,730,5,254310
E3,E2,N2,khong,1,xgb,mae,0.1551649240254149,0.4530464597412939,1.6181465091770877,1.4629815851516723,302,0,104492
E3,E2,N2,khong,1,xgb,rmse,0.3224939592242993,1.0879788585983954,4.713998735736946,4.391504776512647,302,0,104492
E3,E2,N2,khong,1,xgb,smape,6.248381081989704,13.290188222075251,26.395086110102987,20.14670502811328,302,0,104492
E3,E2,N2,khong,1,xgb,mase,0.9096942891742804,1.079036905523306,1.83354708652168,0.9238527973473992,302,0,104492
E3,E2,N2,khong,1,xgb,r2,-0.5301016442041397,0.0798674938431779,0.6684641870610726,1.1985658312652123,302,0,104492
E3,E1,N2,khong,6,rf,mae,0.1317258792602469,0.4917536301132317,5.2308101247341945,5.099084245473947,735,0,250635
E3,E1,N2,khong,6,rf,rmse,0.3084556047547082,1.3541091274565602,14.839447962059513,14.530992357304804,735,0,250635
E3,E1,N2,khong,6,rf,smape,6.43432889251061,14.37644027159329,29.79074750644568,23.356418613935062,735,0,250635
E3,E1,N2,khong,6,rf,mase,1.018980290884165,1.4384757684835014,2.3008949618725705,1.2819146709884055,735,0,250635
E3,E1,N2,khong,6,rf,r2,-0.9339838811763252,-0.4833686245374916,0.268121411926315,1.2021052931026404,730,5,250635
E3,E2,N2,khong,6,rf,mae,0.1833429196213997,0.5033469341192279,3.258635634948248,3.075292715326848,302,0,102982
E3,E2,N2,khong,6,rf,rmse,0.3690747042787646,1.3958660077318226,9.202549598282957,8.83347489400419,302,0,102982
E3,E2,N2,khong,6,rf,smape,6.570819236426702,15.165524252229634,33.00414875007269,26.433329513645987,302,0,102982
E3,E2,N2,khong,6,rf,mase,0.9968468919249832,1.416128256444071,2.8232454085204304,1.8263985165954475,302,0,102982
E3,E2,N2,khong,6,rf,r2,-1.0541907892383442,-0.7560643366578795,-0.0495615249799993,1.004629264258345,302,0,102982
E3,E1,N2,khong,6,svr,mae,0.1528993342333645,0.5501588621404966,5.221908200678453,5.069008866445089,735,0,250635
E3,E1,N2,khong,6,svr,rmse,0.3283555487730605,1.404527539578849,14.836180902498356,14.507825353725297,735,0,250635
E3,E1,N2,khong,6,svr,smape,7.483613243166339,17.339168382243543,31.28514285032196,23.80152960715561,735,0,250635
E3,E1,N2,khong,6,svr,mase,1.1983970681275244,1.594511661199037,2.3723949010555136,1.1739978329279892,735,0,250635
E3,E1,N2,khong,6,svr,r2,-1.0452469084468463,-0.6389570077326976,0.1955699874808667,1.240816895927713,730,5,250635
E3,E2,N2,khong,6,svr,mae,0.2050030849238627,0.5336258127589597,3.261928542033835,3.056925457109972,302,0,102982
E3,E2,N2,khong,6,svr,rmse,0.3889458155922661,1.4470037961493951,9.152641452909936,8.76369563731767,302,0,102982
E3,E2,N2,khong,6,svr,smape,7.817537551372273,16.818667779621084,35.51642338407986,27.698885832707585,302,0,102982
E3,E2,N2,khong,6,svr,mase,1.1344907801016846,1.5048221319609736,3.073544601715896,1.9390538216142112,302,0,102982
E3,E2,N2,khong,6,svr,r2,-1.1464110469404716,-0.9127163371362566,-0.1099449527499233,1.036466094190548,302,0,102982
E3,E1,N2,khong,6,xgb,mae,0.1417479497409628,0.5091625289334201,5.279677098040967,5.137929148300004,735,0,250635
E3,E1,N2,khong,6,xgb,rmse,0.3174547716306546,1.3701421099423226,14.850138595092304,14.53268382346165,735,0,250635
E3,E1,N2,khong,6,xgb,smape,6.793807064024044,15.203076702849314,31.2009084099158,24.40710134589176,735,0,250635
E3,E1,N2,khong,6,xgb,mase,1.096864949349269,1.5144920506728516,2.353266318991494,1.2564013696422256,735,0,250635
E3,E1,N2,khong,6,xgb,r2,-0.973335893166937,-0.5539252911497169,0.2288636247571754,1.2021995179241125,730,5,250635
E3,E2,N2,khong,6,xgb,mae,0.1973462604913489,0.510731994779118,3.273505536928785,3.076159276437436,302,0,102982
E3,E2,N2,khong,6,xgb,rmse,0.3807667609472677,1.4083952544601763,9.206074893575527,8.82530813262826,302,0,102982
E3,E2,N2,khong,6,xgb,smape,7.078558220817495,15.8168986800578,36.087749459938216,29.00919123912072,302,0,102982
E3,E2,N2,khong,6,xgb,mase,1.0766549215007817,1.44558427882537,2.8830643549345654,1.806409433433784,302,0,102982
E3,E2,N2,khong,6,xgb,r2,-1.0755936608215368,-0.8539993556953529,-0.0751533772716153,1.0004402835499215,302,0,102982
E3,E1,N2,khong,12,rf,mae,0.1119293608058341,0.4751249840244472,6.743976585099984,6.63204722429415,735,0,246225
E3,E1,N2,khong,12,rf,rmse,0.2895584079773785,1.3982257002049148,17.92097578948997,17.63141738151259,735,0,246225
E3,E1,N2,khong,12,rf,smape,5.30748485464876,12.610965492573332,37.43003383236885,32.122548977720086,735,0,246225
E3,E1,N2,khong,12,rf,mase,0.836655551102281,1.4717806879483162,2.714139604302511,1.87748405320023,735,0,246225
E3,E1,N2,khong,12,rf,r2,-0.8742226028943241,-0.3838972434712198,0.1925428981093067,1.0667655010036308,730,5,246225
E3,E2,N2,khong,12,rf,mae,0.1576157460442268,0.4793663897034387,3.703504201071521,3.545888455027294,302,0,101170
E3,E2,N2,khong,12,rf,rmse,0.3580414276280879,1.4079462101622076,10.211514112074845,9.853472684446755,302,0,101170
E3,E2,N2,khong,12,rf,smape,5.701016954783327,13.834807530921394,35.02466972600951,29.323652771226183,302,0,101170
E3,E2,N2,khong,12,rf,mase,0.7997748713486749,1.4435650728837124,3.166926369579884,2.367151498231209,302,0,101170
E3,E2,N2,khong,12,rf,r2,-0.9522129599552184,-0.644035575857688,-0.072709733664849,0.8795032262903695,302,0,101170
E3,E1,N2,khong,12,svr,mae,0.1241422243601094,0.5085344529903839,6.807323809123016,6.683181584762907,735,0,246225
E3,E1,N2,khong,12,svr,rmse,0.3009174724682969,1.4464426603302551,17.889846193233442,17.588928720765146,735,0,246225
E3,E1,N2,khong,12,svr,smape,6.06672835618233,15.611765151062867,39.33202080836206,33.26529245217973,735,0,246225
E3,E1,N2,khong,12,svr,mase,0.9103972250410136,1.6218905117040676,2.7247410480699683,1.8143438230289548,735,0,246225
E3,E1,N2,khong,12,svr,r2,-0.9997029396373024,-0.4946656805132554,0.150327009433366,1.1500299490706685,730,5,246225
E3,E2,N2,khong,12,svr,mae,0.1697766203934848,0.5313808524129191,3.78501550476001,3.615238884366526,302,0,101170
E3,E2,N2,khong,12,svr,rmse,0.3694608478620749,1.4873174993324088,10.292433614782944,9.92297276692087,302,0,101170
E3,E2,N2,khong,12,svr,smape,6.402369639102211,15.635470653809108,36.66285964979633,30.26049001069412,302,0,101170
E3,E2,N2,khong,12,svr,mase,0.8822346241988743,1.4989507986946538,3.26137171499886,2.3791370907999854,302,0,101170
E3,E2,N2,khong,12,svr,r2,-1.0773111194793474,-0.7716117163059306,-0.1549802836171459,0.9223308358622015,302,0,101170
E3,E1,N2,khong,12,xgb,mae,0.1448539222552978,0.5177646158539009,6.783504212990495,6.638650290735197,735,0,246225
E3,E1,N2,khong,12,xgb,rmse,0.3129785753918793,1.3727821763016028,18.020631787856715,17.707653212464834,735,0,246225
E3,E1,N2,khong,12,xgb,smape,7.032165768938983,15.965358948931208,40.292327300222624,33.26016153128364,735,0,246225
E3,E1,N2,khong,12,xgb,mase,1.0737240658578675,1.6770834205202436,2.791071679121351,1.7173476132634833,735,0,246225
E3,E1,N2,khong,12,xgb,r2,-0.9306224742827802,-0.547158120338128,0.0444707316951679,0.975093205977948,730,5,246225
E3,E2,N2,khong,12,xgb,mae,0.1822338314508374,0.5158645696683232,3.749656314348524,3.5674224828976864,302,0,101170
E3,E2,N2,khong,12,xgb,rmse,0.3921346588978162,1.4136720708914423,10.332572000019606,9.94043734112179,302,0,101170
E3,E2,N2,khong,12,xgb,smape,7.565187181382273,15.726014877609355,36.77663918127731,29.21145199989504,302,0,101170
E3,E2,N2,khong,12,xgb,mase,0.9889905975040304,1.5541934293882809,3.3879153258116235,2.398924728307593,302,0,101170
E3,E2,N2,khong,12,xgb,r2,-0.9826356649496428,-0.7039558711309701,-0.2346923704151167,0.7479432945345259,302,0,101170
E1,E2,N0,co,1,lr,mae,0.189708515452067,0.5159256357401791,2.201503247446155,2.011794731994088,302,0,104492
E1,E2,N0,co,1,lr,rmse,0.3723407618085166,1.1193225786296708,5.158570828398817,4.7862300665903,302,0,104492
E1,E2,N0,co,1,lr,smape,7.441520940211529,15.532780628556736,32.30696193028578,24.86544099007425,302,0,104492
E1,E2,N0,co,1,lr,mase,1.0519425958861857,1.2598220930208888,2.1467550652929424,1.0948124694067567,302,0,104492
E1,E2,N0,co,1,lr,r2,-0.8837726628476497,-0.0852949614711301,0.6155915670041865,1.499364229851836,302,0,104492
E1,E3,N0,co,1,lr,mae,4.083976368246924,4.3385376782510185,4.596930645690283,0.5129542774433586,497,1,171716
E1,E3,N0,co,1,lr,rmse,5.420371849019442,5.787382959771231,6.143174480698526,0.7228026316790839,497,1,171716
E1,E3,N0,co,1,lr,smape,9.302419366016736,10.80508489754306,12.677985517132475,3.3755661511157395,497,1,171716
E1,E3,N0,co,1,lr,mase,0.9349858644849662,0.9850297069583054,1.0420329147450345,0.1070470502600682,497,1,171716
E1,E3,N0,co,1,lr,r2,0.6329249626923024,0.6770847585669514,0.846356912197633,0.2134319495053306,497,1,171716
E1,E2,N0,co,1,rf,mae,0.150256393939083,0.423630432977611,1.856007675734688,1.705751281795605,302,0,104492
E1,E2,N0,co,1,rf,rmse,0.2991078287209034,1.073510637993316,4.683779023755934,4.38467119503503,302,0,104492
E1,E2,N0,co,1,rf,smape,5.765821519154514,11.8646201998896,29.80921854986314,24.043397030708626,302,0,104492
E1,E2,N0,co,1,rf,mase,0.837527092754971,1.05913235358098,1.7181065134358842,0.8805794206809132,302,0,104492
E1,E2,N0,co,1,rf,r2,-0.1962848622663843,0.1333293431221723,0.6846193562200873,0.8809042184864716,302,0,104492
E1,E3,N0,co,1,rf,mae,4.095010059874454,4.289811124911862,4.499845707737595,0.4048356478631412,497,1,171716
E1,E3,N0,co,1,rf,rmse,5.481942966301518,5.814083585911916,6.135799775305549,0.6538568090040311,497,1,171716
E1,E3,N0,co,1,rf,smape,9.335514648225349,10.70751197240176,12.32102620366104,2.985511555435691,497,1,171716
E1,E3,N0,co,1,rf,mase,0.9291046245113892,0.9774044426894124,1.0296769019964966,0.1005722774851074,497,1,171716
E1,E3,N0,co,1,rf,r2,0.6354893677384321,0.6798400183210169,0.8389599418478392,0.203470574109407,497,1,171716
E1,E2,N0,co,1,ridge,mae,0.1896185635695305,0.516034575225095,2.2019348640176872,2.012316300448157,302,0,104492
E1,E2,N0,co,1,ridge,rmse,0.372897740297949,1.1194141217086486,5.158206579912337,4.785308839614388,302,0,104492
E1,E2,N0,co,1,ridge,smape,7.437891621466688,15.529822991960474,32.3084971737883,24.870605552321607,302,0,104492
E1,E2,N0,co,1,ridge,mase,1.051834393842068,1.2596833439244293,2.1462453298542106,1.0944109360121426,302,0,104492
E1,E2,N0,co,1,ridge,r2,-0.8838521126251201,-0.0849944234630082,0.6156769652569046,1.4995290778820247,302,0,104492
E1,E3,N0,co,1,ridge,mae,4.084026639943284,4.338376167336825,4.597679563782224,0.51365292383894,497,1,171716
E1,E3,N0,co,1,ridge,rmse,5.419249961280944,5.787092418250667,6.142396101828,0.7231461405470556,497,1,171716
E1,E3,N0,co,1,ridge,smape,9.30036725124176,10.802900841602495,12.676958272402077,3.376591021160316,497,1,171716
E1,E3,N0,co,1,ridge,mase,0.934903859929388,0.985210846672658,1.0419586459590156,0.1070547860296274,497,1,171716
E1,E3,N0,co,1,ridge,r2,0.6329952757646946,0.6772160753424747,0.8464104817713006,0.213415206006606,497,1,171716
E1,E2,N0,co,1,svr,mae,0.1318146004980529,0.376087604487788,1.8047673493979528,1.6729527488998996,302,0,104492
E1,E2,N0,co,1,svr,rmse,0.286582760692044,0.962769807429002,4.4883284919660245,4.201745731273981,302,0,104492
E1,E2,N0,co,1,svr,smape,5.373846083315702,11.405570340144068,25.98545750771904,20.61161142440333,302,0,104492
E1,E2,N0,co,1,svr,mase,0.7811132281533955,0.967082235962741,1.7921859500797417,1.011072721926346,302,0,104492
E1,E2,N0,co,1,svr,r2,-0.1345636370900712,0.2031307524313234,0.6629378316102034,0.7975014687002746,302,0,104492
E1,E3,N0,co,1,svr,mae,4.048939190974623,4.286973538539383,4.486851101586535,0.4379119106119127,497,1,171716
E1,E3,N0,co,1,svr,rmse,5.477456461158616,5.805286532952051,6.24811813342264,0.7706616722640236,497,1,171716
E1,E3,N0,co,1,svr,smape,9.17045558341615,10.668833916970309,12.307795151089229,3.1373395676730773,497,1,171716
E1,E3,N0,co,1,svr,mase,0.9223756962292964,0.968777143562796,1.0203542765726463,0.0979785803433498,497,1,171716
E1,E3,N0,co,1,svr,r2,0.6369790391258894,0.6780548160725695,0.832939613690957,0.1959605745650676,497,1,171716
E1,E2,N0,co,1,xgb,mae,0.1532456300953777,0.4463919726033004,1.9363986756555185,1.7831530455601403,302,0,104492
E1,E2,N0,co,1,xgb,rmse,0.2992420962957732,1.0729823550429909,4.805855605691328,4.506613509395555,302,0,104492
E1,E2,N0,co,1,xgb,smape,6.0085531935022525,12.65189573412081,31.66519319863133,25.65664000512908,302,0,104492
E1,E2,N0,co,1,xgb,mase,0.8648973097506122,1.062538396619925,1.798175337661317,0.9332780279107048,302,0,104492
E1,E2,N0,co,1,xgb,r2,-0.2356054434648963,0.125898862538685,0.6573179363679362,0.8929233798328327,302,0,104492
E1,E3,N0,co,1,xgb,mae,4.091128172634615,4.29929153477883,4.477739830361952,0.3866116577273377,497,1,171716
E1,E3,N0,co,1,xgb,rmse,5.455081022105086,5.763889841441289,6.17145417529408,0.7163731531889947,497,1,171716
E1,E3,N0,co,1,xgb,smape,9.289903122103016,10.59470541567302,12.255250895385918,2.965347773282904,497,1,171716
E1,E3,N0,co,1,xgb,mase,0.9291247834963096,0.9781824308184096,1.0308439708480304,0.1017191873517208,497,1,171716
E1,E3,N0,co,1,xgb,r2,0.6392999859340767,0.6809893340158699,0.8420100590616968,0.2027100731276201,497,1,171716
E1,E2,N0,co,1,ma6,mae,0.1538527043765483,0.4099831406551059,2.672728862739701,2.518876158363153,302,0,104492
E1,E2,N0,co,1,ma6,rmse,0.2909994948619503,1.0725498450752826,6.942744540006254,6.651745045144304,302,0,104492
E1,E2,N0,co,1,ma6,smape,5.641191225657653,12.64980019928802,27.62023059027881,21.979039364621155,302,0,104492
E1,E2,N0,co,1,ma6,mase,0.7833682804904883,1.131888108743642,2.344000779279049,1.5606324987885607,302,0,104492
E1,E2,N0,co,1,ma6,r2,-0.2019030212423998,-0.0653761582364315,0.351984499613185,0.5538875208555849,302,0,104492
E1,E2,N0,co,1,naive,mae,0.1493514313239746,0.4140311037709882,1.5524841728598957,1.403132741535921,302,0,104492
E1,E2,N0,co,1,naive,rmse,0.3539186649903049,1.1163320988389458,4.616851088334903,4.262932423344598,302,0,104492
E1,E2,N0,co,1,naive,smape,5.133720752279617,10.84516067824362,19.90302285768643,14.769302105406814,302,0,104492
E1,E2,N0,co,1,naive,mase,0.8403180781954053,1.0366111468479566,1.5005089953693287,0.6601909171739234,302,0,104492
E1,E2,N0,co,1,naive,r2,-0.7968314539756255,-0.0710302374440685,0.628646891282471,1.4254783452580964,302,0,104492
E1,E2,N0,co,1,seasonal,mae,0.2314349366914395,0.5996881881365262,3.6570247691454334,3.4255898324539946,302,0,104492
E1,E2,N0,co,1,seasonal,rmse,0.4327348549244975,1.310730097897849,8.944734444010859,8.511999589086361,302,0,104492
E1,E2,N0,co,1,seasonal,smape,9.607966616482017,18.94994804382252,46.64013501517019,37.03216839868817,302,0,104492
E1,E2,N0,co,1,seasonal,mase,1.0312831008141004,1.736112451523507,3.617974395622676,2.586691294808576,302,0,104492
E1,E2,N0,co,1,seasonal,r2,-1.4779786944172528,-0.8953840406387032,-0.2338242989170905,1.2441543955001624,302,0,104492
E1,E3,N0,co,1,ma6,mae,4.749803650062228,5.06576629737134,5.343694565525287,0.5938909154630592,497,1,171716
E1,E3,N0,co,1,ma6,rmse,6.347088849648669,6.772582280674524,7.410380823881188,1.063291974232519,497,1,171716
E1,E3,N0,co,1,ma6,smape,10.945167820801773,12.56061533204126,14.442267785000892,3.497099964199121,497,1,171716
E1,E3,N0,co,1,ma6,mase,1.0843291373453352,1.1560797778025578,1.2165569325330636,0.1322277951877284,497,1,171716
E1,E3,N0,co,1,ma6,r2,0.5068256340909038,0.5646748217687418,0.7573496260358685,0.2505239919449648,497,1,171716
E1,E3,N0,co,1,naive,mae,3.970035799527029,4.295534398772086,4.526510880294463,0.5564750807674339,497,1,171716
E1,E3,N0,co,1,naive,rmse,5.417410410733828,5.763078529762594,6.113433583437809,0.6960231727039812,497,1,171716
E1,E3,N0,co,1,naive,smape,9.139480528881624,10.731463976725072,12.387164482071196,3.247683953189572,497,1,171716
E1,E3,N0,co,1,naive,mase,0.9126073134974731,0.9642806844147828,1.021691351324008,0.1090840378265348,497,1,171716
E1,E3,N0,co,1,naive,r2,0.6282119314434735,0.6750786883674674,0.8600235834197678,0.2318116519762942,497,1,171716
E1,E3,N0,co,1,seasonal,mae,6.691305085813738,7.352796566082352,11.315531460221834,4.624226374408096,497,1,171716
E1,E3,N0,co,1,seasonal,rmse,8.557767920721663,9.506436876001723,17.868304950676293,9.31053702995463,497,1,171716
E1,E3,N0,co,1,seasonal,smape,16.266229986073665,19.97106637064108,25.9689168640858,9.702686878012134,497,1,171716
E1,E3,N0,co,1,seasonal,mase,1.5371925879826964,1.6722166388410462,2.6123318186736446,1.0751392306909482,497,1,171716
E1,E3,N0,co,1,seasonal,r2,-0.3861096255917426,0.0318498289358574,0.2113555269759308,0.5974651525676735,497,1,171716
E1,E2,N0,co,6,lr,mae,0.3743379208279564,0.7085551811807178,3.889573566254266,3.51523564542631,302,0,102982
E1,E2,N0,co,6,lr,rmse,0.4678254597946983,1.3168626239526722,9.046080125791017,8.578254665996317,302,0,102982
E1,E2,N0,co,6,lr,smape,17.722005640063273,27.76810741297962,52.33956308388712,34.61755744382384,302,0,102982
E1,E2,N0,co,6,lr,mase,1.7385468573168714,3.1746159701875207,4.155067435487571,2.4165205781707,302,0,102982
E1,E2,N0,co,6,lr,r2,-1.855188441159216,-0.5756259586356542,-0.0646182527363729,1.7905701884228424,302,0,102982
E1,E3,N0,co,6,lr,mae,5.236218341055817,5.673032023313892,6.372131647153498,1.135913306097681,497,1,169209
E1,E3,N0,co,6,lr,rmse,7.15281734013968,7.6678925167682115,9.0578090375812,1.9049916974415195,497,1,169209
E1,E3,N0,co,6,lr,smape,12.299430911125537,14.12485872661339,16.548884860207536,4.249453949082001,497,1,169209
E1,E3,N0,co,6,lr,mase,1.2037753275479697,1.3149721053628918,1.493897454827342,0.2901221272793726,497,1,169209
E1,E3,N0,co,6,lr,r2,0.37085620514864,0.4522647957928492,0.5792717207760294,0.2084155156273893,497,1,169209
E1,E2,N0,co,6,rf,mae,0.1860757171772291,0.5979106114437589,3.849199735555797,3.663124018378568,302,0,102982
E1,E2,N0,co,6,rf,rmse,0.3217949734765655,1.2704949607634588,9.72165311625837,9.399858142781804,302,0,102982
E1,E2,N0,co,6,rf,smape,8.496598678558321,16.26890659908839,49.47511585968407,40.97851718112575,302,0,102982
E1,E2,N0,co,6,rf,mase,1.0099458663080108,1.6432247494782608,3.5157230353480853,2.5057771690400745,302,0,102982
E1,E2,N0,co,6,rf,r2,-0.3619941690567891,-0.1196962934117562,0.1499769436597129,0.5119711127165021,302,0,102982
E1,E3,N0,co,6,rf,mae,5.441197326401458,5.84066236660137,6.735819126697159,1.294621800295701,497,1,169209
E1,E3,N0,co,6,rf,rmse,7.275395344217197,7.771328006304532,9.61527137749409,2.3398760332768926,497,1,169209
E1,E3,N0,co,6,rf,smape,12.704539898277822,14.497861854584858,16.6867734158015,3.982233517523678,497,1,169209
E1,E3,N0,co,6,rf,mase,1.2354329869648295,1.3405071188975026,1.5719159347387006,0.3364829477738709,497,1,169209
E1,E3,N0,co,6,rf,r2,0.3639665530144195,0.4350604003843412,0.5499313869852063,0.1859648339707867,497,1,169209
E1,E2,N0,co,6,ridge,mae,0.3743379481071037,0.7085551807906604,3.889573541031503,3.515235592924399,302,0,102982
E1,E2,N0,co,6,ridge,rmse,0.4678254726541604,1.3168626410444009,9.046080112378522,8.578254639724362,302,0,102982
E1,E2,N0,co,6,ridge,smape,17.7220066656802,27.768108821315444,52.3395631848724,34.617556519192206,302,0,102982
E1,E2,N0,co,6,ridge,mase,1.7385469774011364,3.174616093788938,4.155067517758829,2.416520540357693,302,0,102982
E1,E2,N0,co,6,ridge,r2,-1.8551886151977457,-0.5756258765697186,-0.0646182594943466,1.790570355703399,302,0,102982
E1,E3,N0,co,6,ridge,mae,5.2362183310135455,5.673031999995898,6.372131631644525,1.1359133006309792,497,1,169209
E1,E3,N0,co,6,ridge,rmse,7.1528173246675895,7.6678924580362064,9.05780907895087,1.90499175428328,497,1,169209
E1,E3,N0,co,6,ridge,smape,12.299431028122244,14.12485853092912,16.548884387883177,4.249453359760935,497,1,169209
E1,E3,N0,co,6,ridge,mase,1.2037753167104974,1.3149721049917478,1.49389745515654,0.2901221384460426,497,1,169209
E1,E3,N0,co,6,ridge,r2,0.3708561902717483,0.4522647942262175,0.5792717139025498,0.2084155236308015,497,1,169209
E1,E2,N0,co,6,svr,mae,0.1384650872515708,0.3960827755537739,3.2526625251816057,3.114197437930035,302,0,102982
E1,E2,N0,co,6,svr,rmse,0.290039662593082,1.0706957467138447,8.475582362014594,8.18554269942151,302,0,102982
E1,E2,N0,co,6,svr,smape,6.0246075987596255,12.83744709974638,34.600476181146185,28.57586858238656,302,0,102982
E1,E2,N0,co,6,svr,mase,0.8111211680572363,1.2202481578685087,2.662535425632334,1.8514142575750976,302,0,102982
E1,E2,N0,co,6,svr,r2,-0.1446988914821611,-0.0303742701862315,0.1669331807769291,0.3116320722590903,302,0,102982
E1,E3,N0,co,6,svr,mae,5.3894888896253805,5.770477708235156,6.20333810286951,0.8138492132441293,497,1,169209
E1,E3,N0,co,6,svr,rmse,7.140176744539475,7.671376332446037,8.816706179731295,1.67652943519182,497,1,169209
E1,E3,N0,co,6,svr,smape,12.32127184739008,14.188597323119422,16.492720505291963,4.171448657901884,497,1,169209
E1,E3,N0,co,6,svr,mase,1.2310184122336898,1.325338699917766,1.4260358158833248,0.195017403649635,497,1,169209
E1,E3,N0,co,6,svr,r2,0.3690814905903041,0.4529926516365583,0.6173578494706198,0.2482763588803156,497,1,169209
E1,E2,N0,co,6,xgb,mae,0.1886466598609792,0.6137498219741354,3.5341368350011586,3.3454901751401795,302,0,102982
E1,E2,N0,co,6,xgb,rmse,0.3314748436445168,1.2855248841344435,8.745242107765336,8.41376726412082,302,0,102982
E1,E2,N0,co,6,xgb,smape,8.139031847053952,16.225842828230455,47.05261454277178,38.91358269571783,302,0,102982
E1,E2,N0,co,6,xgb,mase,1.0717259859978694,1.6545883171999105,3.473008916593381,2.4012829305955115,302,0,102982
E1,E2,N0,co,6,xgb,r2,-0.420936418188116,-0.1561280888760263,0.1128086607227673,0.5337450789108833,302,0,102982
E1,E3,N0,co,6,xgb,mae,5.4723961516634985,5.875232196141099,6.5970828437391,1.1246866920756018,497,1,169209
E1,E3,N0,co,6,xgb,rmse,7.435529650547143,7.8836509557258525,9.360289276552592,1.9247596260054487,497,1,169209
E1,E3,N0,co,6,xgb,smape,12.928794340599858,14.56519813922172,16.83455093079178,3.905756590191924,497,1,169209
E1,E3,N0,co,6,xgb,mase,1.2469367520024102,1.3632367710884914,1.550330464772489,0.3033937127700787,497,1,169209
E1,E3,N0,co,6,xgb,r2,0.3373119991615839,0.4139600862232788,0.5638173332014501,0.2265053340398661,497,1,169209
E1,E2,N0,co,6,ma6,mae,0.1502286691802824,0.4466136014523111,3.516106921752083,3.3658782525718003,302,0,102982
E1,E2,N0,co,6,ma6,rmse,0.2960420181378536,1.1030950260519925,9.174840444790604,8.87879842665275,302,0,102982
E1,E2,N0,co,6,ma6,smape,5.942399536947526,14.136673558714117,32.393437994689435,26.45103845774191,302,0,102982
E1,E2,N0,co,6,ma6,mase,0.7835085387753631,1.2940617002637738,2.840736542625937,2.057228003850573,302,0,102982
E1,E2,N0,co,6,ma6,r2,-0.2241353708845661,-0.0815948382898481,0.0950688743062816,0.3192042451908476,302,0,102982
E1,E2,N0,co,6,naive,mae,0.1703550481776288,0.4807987711213518,3.186587068845133,3.0162320206675046,302,0,102982
E1,E2,N0,co,6,naive,rmse,0.3675436949653333,1.3919800593738558,9.145744634868167,8.778200939902835,302,0,102982
E1,E2,N0,co,6,naive,smape,6.234226986774637,14.040678358325197,28.015010377143867,21.78078339036923,302,0,102982
E1,E2,N0,co,6,naive,mase,0.9502681275515148,1.3738582862275623,2.7237365917698964,1.7734684642183816,302,0,102982
E1,E2,N0,co,6,naive,r2,-1.0212537378616848,-0.7373032450367851,-0.0334340520905988,0.987819685771086,302,0,102982
E1,E2,N0,co,6,seasonal,mae,0.2320817623236978,0.7206605222734255,4.266275659824046,4.034193897500349,302,0,102982
E1,E2,N0,co,6,seasonal,rmse,0.4410830413901536,1.525229579180075,10.2744859620524,9.833402920662245,302,0,102982
E1,E2,N0,co,6,seasonal,smape,9.544368978193638,20.04752737341606,46.86031143323049,37.31594245503685,302,0,102982
E1,E2,N0,co,6,seasonal,mase,1.075772205841881,2.044025063269125,4.340616370864421,3.26484416502254,302,0,102982
E1,E2,N0,co,6,seasonal,r2,-1.6419523214204783,-1.0069625022384356,-0.4791392648780159,1.1628130565424626,302,0,102982
E1,E3,N0,co,6,ma6,mae,5.4812972212261855,5.908679851405509,6.384683759036873,0.9033865378106878,497,1,169209
E1,E3,N0,co,6,ma6,rmse,7.26243755726358,7.851596735704417,9.204468858349063,1.9420313010854828,497,1,169209
E1,E3,N0,co,6,ma6,smape,12.49783881924162,14.517608269728196,16.83996098122448,4.342122161982859,497,1,169209
E1,E3,N0,co,6,ma6,mase,1.2526205994525772,1.3534966856096435,1.4627846208211637,0.2101640213685864,497,1,169209
E1,E3,N0,co,6,ma6,r2,0.347081900291284,0.4289665463293419,0.568991822050126,0.2219099217588419,497,1,169209
E1,E3,N0,co,6,naive,mae,6.09421915480338,6.508720663903487,6.882027785455243,0.7878086306518632,497,1,169209
E1,E3,N0,co,6,naive,rmse,8.160487858478517,8.769037575571055,9.573329038042552,1.412841179564035,497,1,169209
E1,E3,N0,co,6,naive,smape,13.934352049443111,15.942816991101257,18.34479586590525,4.410443816462138,497,1,169209
E1,E3,N0,co,6,naive,mase,1.3815355835305874,1.4844202205694677,1.5774947438434206,0.1959591603128332,497,1,169209
E1,E3,N0,co,6,naive,r2,0.1895962572334864,0.2855839298578277,0.5936796121223067,0.4040833548888203,497,1,169209
E1,E3,N0,co,6,seasonal,mae,7.024329594225878,7.764345332953728,11.671995187269554,4.647665593043675,497,1,169209
E1,E3,N0,co,6,seasonal,rmse,8.865107120010862,9.862350790804824,17.902632271175264,9.037525151164402,497,1,169209
E1,E3,N0,co,6,seasonal,smape,16.902860686812616,21.089289288175564,27.11602446748972,10.213163780677103,497,1,169209
E1,E3,N0,co,6,seasonal,mase,1.6260141826412449,1.747159670533888,2.778717298373658,1.1527031157324132,497,1,169209
E1,E3,N0,co,6,seasonal,r2,-0.4029470328288373,-0.0176332393607621,0.1615029953915355,0.5644500282203729,497,1,169209
E1,E2,N0,co,12,lr,mae,0.5724272570503959,0.9477934036916034,4.6522180966481015,4.079790839597706,302,0,101170
E1,E2,N0,co,12,lr,rmse,0.6691594803738259,1.4656669569165404,9.552725405987667,8.883565925613842,302,0,101170
E1,E2,N0,co,12,lr,smape,24.357168851331167,35.53428918175789,63.0219118339906,38.66474298265943,302,0,101170
E1,E2,N0,co,12,lr,mase,2.264301984838465,4.212558921606584,6.288551388607886,4.024249403769421,302,0,101170
E1,E2,N0,co,12,lr,r2,-4.596504651179027,-0.8701592481013612,-0.344747999665198,4.251756651513829,302,0,101170
E1,E3,N0,co,12,lr,mae,6.055445802502862,6.520227246861018,7.964588281137444,1.9091424786345816,497,1,166203
E1,E3,N0,co,12,lr,rmse,8.194881327372451,8.735624624235664,11.213511005205357,3.018629677832905,497,1,166203
E1,E3,N0,co,12,lr,smape,14.389104244273998,16.612897667987784,19.452095927494653,5.062991683220655,497,1,166203
E1,E3,N0,co,12,lr,mase,1.3883079896199466,1.5054956279728229,1.898110275303713,0.5098022856837667,497,1,166203
E1,E3,N0,co,12,lr,r2,0.1928105170650782,0.2822316996399177,0.3748214682040969,0.1820109511390186,497,1,166203
E1,E2,N0,co,12,rf,mae,0.2250796374819792,0.679749856666776,4.459485767550736,4.2344061300687565,302,0,101170
E1,E2,N0,co,12,rf,rmse,0.3561151413447466,1.4614210717045388,10.734662446483668,10.37854730513892,302,0,101170
E1,E2,N0,co,12,rf,smape,9.318386864695736,18.493865523702333,53.66647746448555,44.34809059978981,302,0,101170
E1,E2,N0,co,12,rf,mase,1.1182379112136431,1.7681229275695085,3.94679287147718,2.8285549602635367,302,0,101170
E1,E2,N0,co,12,rf,r2,-0.4918467846914863,-0.221018167832706,-0.0192398195406145,0.4726069651508717,302,0,101170
E1,E3,N0,co,12,rf,mae,6.200321589046729,6.653869201979249,8.154300578088062,1.9539789890413328,497,1,166203
E1,E3,N0,co,12,rf,rmse,8.245436082269963,8.775368704991411,11.565237353679615,3.319801271409652,497,1,166203
E1,E3,N0,co,12,rf,smape,14.639656327888162,16.828122599410502,19.751594118715367,5.111937790827206,497,1,166203
E1,E3,N0,co,12,rf,mase,1.400864202902696,1.545608705141898,1.9774579114010016,0.5765937084983057,497,1,166203
E1,E3,N0,co,12,rf,r2,0.1728329110831573,0.2685637367285066,0.3408685076220645,0.1680355965389072,497,1,166203
E1,E2,N0,co,12,ridge,mae,0.5724272959719378,0.9477933793608636,4.652217812209538,4.0797905162376,302,0,101170
E1,E2,N0,co,12,ridge,rmse,0.6691595050124104,1.465666956983103,9.552725167015298,8.883565662002887,302,0,101170
E1,E2,N0,co,12,ridge,smape,24.35716965922188,35.534290605489645,63.02191308011561,38.66474342089373,302,0,101170
E1,E2,N0,co,12,ridge,mase,2.2643020152640223,4.212559015685217,6.288551423857257,4.024249408593235,302,0,101170
E1,E2,N0,co,12,ridge,r2,-4.596504861914656,-0.870159016033073,-0.3447479697244948,4.251756892190161,302,0,101170
E1,E3,N0,co,12,ridge,mae,6.055445709282745,6.520227207269221,7.964588185348079,1.909142476065334,497,1,166203
E1,E3,N0,co,12,ridge,rmse,8.194880920201475,8.735624413308852,11.213510620848847,3.0186297006473737,497,1,166203
E1,E3,N0,co,12,ridge,smape,14.389103972494745,16.6128966681256,19.45209567013029,5.062991697635555,497,1,166203
E1,E3,N0,co,12,ridge,mase,1.3883079549633566,1.5054956270013231,1.8981102779349903,0.5098023229716337,497,1,166203
E1,E3,N0,co,12,ridge,r2,0.1928105470351721,0.2822317019741458,0.3748215056301335,0.1820109585949614,497,1,166203
E1,E2,N0,co,12,svr,mae,0.1416870818270502,0.4023034861863392,3.755991631615757,3.6143045497887054,302,0,101170
E1,E2,N0,co,12,svr,rmse,0.2952816193833321,1.1126933956825087,9.376765399344652,9.08148377996132,302,0,101170
E1,E2,N0,co,12,svr,smape,6.290343862648186,13.51102538987616,43.29794454132111,37.00760067867292,302,0,101170
E1,E2,N0,co,12,svr,mase,0.8181092949518979,1.3029161933707591,3.35473320919499,2.5366239142430924,302,0,101170
E1,E2,N0,co,12,svr,r2,-0.2435858368888556,-0.0703904385251533,0.081022585214221,0.3246084221030767,302,0,101170
E1,E3,N0,co,12,svr,mae,5.962888554325892,6.393311355260217,7.255025552942065,1.292136998616173,497,1,166203
E1,E3,N0,co,12,svr,rmse,7.920817440770413,8.488658252326626,10.562192610592662,2.6413751698222496,497,1,166203
E1,E3,N0,co,12,svr,smape,13.92820656505526,15.898481210466125,18.962438140211177,5.034231575155918,497,1,166203
E1,E3,N0,co,12,svr,mase,1.3661114855399183,1.4765980154556997,1.6722056469738542,0.3060941614339358,497,1,166203
E1,E3,N0,co,12,svr,r2,0.239804814078373,0.3256371081872622,0.4338908490048715,0.1940860349264984,497,1,166203
E1,E2,N0,co,12,xgb,mae,0.2312985591042863,0.6762410056328385,4.409927864218629,4.178629305114343,302,0,101170
E1,E2,N0,co,12,xgb,rmse,0.3876593151426056,1.4024188173173202,10.210164467222365,9.822505152079758,302,0,101170
E1,E2,N0,co,12,xgb,smape,9.968467995114862,18.687480675903146,53.69854842179557,43.7300804266807,302,0,101170
E1,E2,N0,co,12,xgb,mase,1.242721750588056,1.934729447116656,3.998329639314858,2.755607888726802,302,0,101170
E1,E2,N0,co,12,xgb,r2,-0.6758961995023174,-0.2894841766223062,-0.0628539227437831,0.6130422767585343,302,0,101170
E1,E3,N0,co,12,xgb,mae,6.292363055257551,6.735214927283975,8.06162010669076,1.7692570514332102,497,1,166203
E1,E3,N0,co,12,xgb,rmse,8.351772530041828,8.835128555800589,11.347201541147928,2.9954290111061006,497,1,166203
E1,E3,N0,co,12,xgb,smape,15.021275808523471,16.948924600070153,19.678529005987905,4.657253197464433,497,1,166203
E1,E3,N0,co,12,xgb,mase,1.4234689078412337,1.5715213787628337,1.9530519688412853,0.5295830610000516,497,1,166203
E1,E3,N0,co,12,xgb,r2,0.1440583999390802,0.2599802956179053,0.3478882181127868,0.2038298181737066,497,1,166203
E1,E2,N0,co,12,ma6,mae,0.1651365197820421,0.4632921245421245,3.798718313195925,3.633581793413883,302,0,101170
E1,E2,N0,co,12,ma6,rmse,0.2969308585650491,1.1148629896239068,10.037563421214678,9.740632562649628,302,0,101170
E1,E2,N0,co,12,ma6,smape,6.497973271285784,15.344176068900492,38.22842538369924,31.730452112413456,302,0,101170
E1,E2,N0,co,12,ma6,mase,0.841735849432535,1.368815529483027,3.197542629579294,2.355806780146759,302,0,101170
E1,E2,N0,co,12,ma6,r2,-0.3587782642985221,-0.1876846201847666,-0.0491645369034824,0.3096137273950397,302,0,101170
E1,E2,N0,co,12,naive,mae,0.1514153135421792,0.4649182658137881,3.6815778251599145,3.530162511617735,302,0,101170
E1,E2,N0,co,12,naive,rmse,0.3570362657796322,1.3867216185280946,10.209596025791653,9.85255976001202,302,0,101170
E1,E2,N0,co,12,naive,smape,5.216072626749324,12.704738274578316,31.943407258534613,26.72733463178529,302,0,101170
E1,E2,N0,co,12,naive,mase,0.7595636446503289,1.4399804305765174,3.1728939575492205,2.413330312898892,302,0,101170
E1,E2,N0,co,12,naive,r2,-0.951576306542724,-0.6168209223160894,-0.0684045728768881,0.8831717336658358,302,0,101170
E1,E2,N0,co,12,seasonal,mae,0.2217700660657749,0.6644314143567873,4.32600302061123,4.104232954545455,302,0,101170
E1,E2,N0,co,12,seasonal,rmse,0.4377587097856494,1.5367172080573206,10.061076827298129,9.62331811751248,302,0,101170
E1,E2,N0,co,12,seasonal,smape,8.760920030443096,19.570210254956773,47.3985457716018,38.6376257411587,302,0,101170
E1,E2,N0,co,12,seasonal,mase,0.9817993200377956,1.940666902752136,4.524870848324969,3.543071528287174,302,0,101170
E1,E2,N0,co,12,seasonal,r2,-1.483669523618236,-0.94219188446899,-0.2670308259445879,1.216638697673648,302,0,101170
E1,E3,N0,co,12,ma6,mae,6.314665400220645,6.821390907131799,7.635122457111312,1.3204570568906675,497,1,166203
E1,E3,N0,co,12,ma6,rmse,8.203507676399992,8.87129606671091,11.03946087646361,2.835953200063617,497,1,166203
E1,E3,N0,co,12,ma6,smape,14.523016442185408,16.714469928423885,19.803672480511192,5.280656038325786,497,1,166203
E1,E3,N0,co,12,ma6,mase,1.4465546633389994,1.582640904237436,1.7707403359745515,0.3241856726355521,497,1,166203
E1,E3,N0,co,12,ma6,r2,0.1730614207075862,0.2720472191994195,0.3889665263801701,0.2159051056725839,497,1,166203
E1,E3,N0,co,12,naive,mae,6.511001105701592,7.027038242901766,7.636535104151676,1.1255339984500845,497,1,166203
E1,E3,N0,co,12,naive,rmse,8.748969290108352,9.403386450492176,10.932976659384805,2.1840073692764506,497,1,166203
E1,E3,N0,co,12,naive,smape,15.029792644330964,17.055551682784838,20.01504575704251,4.985253112711547,497,1,166203
E1,E3,N0,co,12,naive,mase,1.497877857176389,1.6167033967689304,1.764409564970831,0.2665317077944416,497,1,166203
E1,E3,N0,co,12,naive,r2,0.064003949057069,0.1776023727654847,0.3921428034341919,0.3281388543771228,497,1,166203
E1,E3,N0,co,12,seasonal,mae,7.172804194680674,7.87776164648527,11.632942051562742,4.460137856882067,497,1,166203
E1,E3,N0,co,12,seasonal,rmse,9.15607732005079,10.064433391868604,17.338436686600943,8.182359366550154,497,1,166203
E1,E3,N0,co,12,seasonal,smape,17.192879837396887,21.036878180376657,26.80936783706668,9.616487999669786,497,1,166203
E1,E3,N0,co,12,seasonal,mase,1.65220474992197,1.79600697260624,2.770897442805587,1.118692692883617,497,1,166203
E1,E3,N0,co,12,seasonal,r2,-0.3934407423857853,-0.0896472004197239,0.0903453415842105,0.4837860839699959,497,1,166203
E1,E2,N1,co,1,lr,mae,0.1507103495509181,0.4059527688150857,2.5094088082090384,2.3586984586581203,302,0,104492
E1,E2,N1,co,1,lr,rmse,0.2989179963322278,1.0152904400384346,4.899809855767795,4.600891859435567,302,0,104492
E1,E2,N1,co,1,lr,smape,5.717455187743444,13.98949433735015,38.95112552958975,33.2336703418463,302,0,104492
E1,E2,N1,co,1,lr,mase,0.7730036784596889,1.0364510013460009,2.0614282960133283,1.2884246175536394,302,0,104492
E1,E2,N1,co,1,lr,r2,-0.1257537306182991,0.1823445822005031,0.615533119828213,0.7412868504465121,302,0,104492
E1,E3,N1,co,1,lr,mae,3.922636397496961,4.137102546833611,4.370758237742243,0.4481218402452822,497,1,171716
E1,E3,N1,co,1,lr,rmse,5.17215722490381,5.477419679454325,5.954913978080647,0.7827567531768373,497,1,171716
E1,E3,N1,co,1,lr,smape,8.839714633239407,10.24146959040074,12.01643713353228,3.1767225002928736,497,1,171716
E1,E3,N1,co,1,lr,mase,0.8909398180143187,0.9395296838610052,0.9905248516668428,0.0995850336525241,497,1,171716
E1,E3,N1,co,1,lr,r2,0.6741725290443299,0.7121564635495425,0.8505777960115366,0.1764052669672067,497,1,171716
E1,E2,N1,co,1,rf,mae,0.1376207861444497,0.3585850218892424,2.0509399607151315,1.913319174570682,302,0,104492
E1,E2,N1,co,1,rf,rmse,0.2716261306952743,0.9389467847157617,4.917645493368922,4.646019362673648,302,0,104492
E1,E2,N1,co,1,rf,smape,5.140068446218118,12.867442922731009,32.35492255506577,27.214854108847653,302,0,104492
E1,E2,N1,co,1,rf,mase,0.7504873121304179,0.9637305363991636,1.7257116917307205,0.9752243796003026,302,0,104492
E1,E2,N1,co,1,rf,r2,-0.0582246772103221,0.2265338344933258,0.670412452882687,0.7286371300930092,302,0,104492
E1,E3,N1,co,1,rf,mae,4.078680470655539,4.314056172841696,4.5173092221909705,0.4386287515354317,497,1,171716
E1,E3,N1,co,1,rf,rmse,5.3463244776328125,5.688714737539523,6.111170955189875,0.7648464775570627,497,1,171716
E1,E3,N1,co,1,rf,smape,9.334689198081504,10.632601540218092,12.56517756264881,3.230488364567305,497,1,171716
E1,E3,N1,co,1,rf,mase,0.9271207670364028,0.974615937807274,1.0223353293298107,0.095214562293408,497,1,171716
E1,E3,N1,co,1,rf,r2,0.646959444374472,0.6859767243795127,0.8431337408274353,0.1961742964529633,497,1,171716
E1,E2,N1,co,1,ridge,mae,0.150717532720905,0.405971857894789,2.509173044055577,2.358455511334673,302,0,104492
E1,E2,N1,co,1,ridge,rmse,0.298909840911445,1.0152718466199349,4.899631637100293,4.600721796188848,302,0,104492
E1,E2,N1,co,1,ridge,smape,5.717506923824548,13.989032413360896,38.95425292581986,33.236746001995314,302,0,104492
E1,E2,N1,co,1,ridge,mase,0.7730813338513784,1.0364980185946342,2.061401323528148,1.2883199896767694,302,0,104492
E1,E2,N1,co,1,ridge,r2,-0.1257220435826291,0.1821693767311904,0.6155185090380075,0.7412405526206367,302,0,104492
E1,E3,N1,co,1,ridge,mae,3.92247776042983,4.1371837157994245,4.370617215034497,0.4481394546046671,497,1,171716
E1,E3,N1,co,1,ridge,rmse,5.172339165682844,5.47753671458556,5.954967150181357,0.7826279844985136,497,1,171716
E1,E3,N1,co,1,ridge,smape,8.8398702766119,10.241519946344578,12.016861267756246,3.176990991144345,497,1,171716
E1,E3,N1,co,1,ridge,mase,0.8909623204568126,0.9395413197190384,0.9905192000467122,0.0995568795898996,497,1,171716
E1,E3,N1,co,1,ridge,r2,0.6741709122016146,0.7121314993117571,0.8505605589337286,0.176389646732114,497,1,171716
E1,E2,N1,co,1,svr,mae,0.1433689099588918,0.3756361449869878,2.7228167135926213,2.5794478036337294,302,0,104492
E1,E2,N1,co,1,svr,rmse,0.2810211253757225,0.982630789375478,5.9333613292161385,5.652340203840416,302,0,104492
E1,E2,N1,co,1,svr,smape,5.498256248990117,13.239258568344926,37.61546377364106,32.117207524650944,302,0,104492
E1,E2,N1,co,1,svr,mase,0.7544833103205201,1.0402926719136816,2.047022314487775,1.292539004167255,302,0,104492
E1,E2,N1,co,1,svr,r2,-0.0781821568520447,0.130563882376886,0.4393827634179161,0.5175649202699608,302,0,104492
E1,E3,N1,co,1,svr,mae,4.203069720993853,4.496090297297692,4.934681852137668,0.7316121311438151,497,1,171716
E1,E3,N1,co,1,svr,rmse,5.645146688288938,6.031433024776587,6.778886976841563,1.1337402885526249,497,1,171716
E1,E3,N1,co,1,svr,smape,9.715765164581706,11.192325520651568,13.221883556009736,3.5061183914280303,497,1,171716
E1,E3,N1,co,1,svr,mase,0.9549424478559762,1.0193544915144668,1.134530356764967,0.1795879089089908,497,1,171716
E1,E3,N1,co,1,svr,r2,0.616493185473524,0.6606624031863224,0.7446987348158616,0.1282055493423375,497,1,171716
E1,E2,N1,co,1,xgb,mae,0.1446321554324743,0.4038013511092176,2.261079557697075,2.1164474022646003,302,0,104492
E1,E2,N1,co,1,xgb,rmse,0.295610749543499,0.9518851337835232,5.0262354221848735,4.730624672641374,302,0,104492
E1,E2,N1,co,1,xgb,smape,5.292410606549001,13.66410813914302,33.07941858820789,27.78700798165889,302,0,104492
E1,E2,N1,co,1,xgb,mase,0.773141875850977,1.0065612983147187,1.7690322530992324,0.9958903772482554,302,0,104492
E1,E2,N1,co,1,xgb,r2,-0.0660649277015706,0.2060175119351846,0.6432214332903073,0.709286360991878,302,0,104492
E1,E3,N1,co,1,xgb,mae,4.071319194306344,4.295420270701856,4.5322087575862735,0.4608895632799292,497,1,171716
E1,E3,N1,co,1,xgb,rmse,5.354382278010634,5.690689184097505,6.15127915548587,0.7968968774752359,497,1,171716
E1,E3,N1,co,1,xgb,smape,9.221349108771165,10.51596203978096,12.448217949657533,3.22686884088637,497,1,171716
E1,E3,N1,co,1,xgb,mase,0.9230822941647888,0.968636517692448,1.0212946903151991,0.0982123961504103,497,1,171716
E1,E3,N1,co,1,xgb,r2,0.6463319490160833,0.6890042211504182,0.8427542014547511,0.1964222524386678,497,1,171716
E1,E2,N1,co,1,ma6,mae,0.1538527043765483,0.4099831406551059,2.672728862739701,2.518876158363153,302,0,104492
E1,E2,N1,co,1,ma6,rmse,0.2909994948619503,1.0725498450752826,6.942744540006254,6.651745045144304,302,0,104492
E1,E2,N1,co,1,ma6,smape,5.641191225657653,12.64980019928802,27.62023059027881,21.979039364621155,302,0,104492
E1,E2,N1,co,1,ma6,mase,0.7833682804904883,1.131888108743642,2.344000779279049,1.5606324987885607,302,0,104492
E1,E2,N1,co,1,ma6,r2,-0.2019030212423998,-0.0653761582364315,0.351984499613185,0.5538875208555849,302,0,104492
E1,E2,N1,co,1,naive,mae,0.1493514313239746,0.4140311037709882,1.5524841728598957,1.403132741535921,302,0,104492
E1,E2,N1,co,1,naive,rmse,0.3539186649903049,1.1163320988389458,4.616851088334903,4.262932423344598,302,0,104492
E1,E2,N1,co,1,naive,smape,5.133720752279617,10.84516067824362,19.90302285768643,14.769302105406814,302,0,104492
E1,E2,N1,co,1,naive,mase,0.8403180781954053,1.0366111468479566,1.5005089953693287,0.6601909171739234,302,0,104492
E1,E2,N1,co,1,naive,r2,-0.7968314539756255,-0.0710302374440685,0.628646891282471,1.4254783452580964,302,0,104492
E1,E2,N1,co,1,seasonal,mae,0.2314349366914395,0.5996881881365262,3.6570247691454334,3.4255898324539946,302,0,104492
E1,E2,N1,co,1,seasonal,rmse,0.4327348549244975,1.310730097897849,8.944734444010859,8.511999589086361,302,0,104492
E1,E2,N1,co,1,seasonal,smape,9.607966616482017,18.94994804382252,46.64013501517019,37.03216839868817,302,0,104492
E1,E2,N1,co,1,seasonal,mase,1.0312831008141004,1.736112451523507,3.617974395622676,2.586691294808576,302,0,104492
E1,E2,N1,co,1,seasonal,r2,-1.4779786944172528,-0.8953840406387032,-0.2338242989170905,1.2441543955001624,302,0,104492
E1,E3,N1,co,1,ma6,mae,4.749803650062228,5.06576629737134,5.343694565525287,0.5938909154630592,497,1,171716
E1,E3,N1,co,1,ma6,rmse,6.347088849648669,6.772582280674524,7.410380823881188,1.063291974232519,497,1,171716
E1,E3,N1,co,1,ma6,smape,10.945167820801773,12.56061533204126,14.442267785000892,3.497099964199121,497,1,171716
E1,E3,N1,co,1,ma6,mase,1.0843291373453352,1.1560797778025578,1.2165569325330636,0.1322277951877284,497,1,171716
E1,E3,N1,co,1,ma6,r2,0.5068256340909038,0.5646748217687418,0.7573496260358685,0.2505239919449648,497,1,171716
E1,E3,N1,co,1,naive,mae,3.970035799527029,4.295534398772086,4.526510880294463,0.5564750807674339,497,1,171716
E1,E3,N1,co,1,naive,rmse,5.417410410733828,5.763078529762594,6.113433583437809,0.6960231727039812,497,1,171716
E1,E3,N1,co,1,naive,smape,9.139480528881624,10.731463976725072,12.387164482071196,3.247683953189572,497,1,171716
E1,E3,N1,co,1,naive,mase,0.9126073134974731,0.9642806844147828,1.021691351324008,0.1090840378265348,497,1,171716
E1,E3,N1,co,1,naive,r2,0.6282119314434735,0.6750786883674674,0.8600235834197678,0.2318116519762942,497,1,171716
E1,E3,N1,co,1,seasonal,mae,6.691305085813738,7.352796566082352,11.315531460221834,4.624226374408096,497,1,171716
E1,E3,N1,co,1,seasonal,rmse,8.557767920721663,9.506436876001723,17.868304950676293,9.31053702995463,497,1,171716
E1,E3,N1,co,1,seasonal,smape,16.266229986073665,19.97106637064108,25.9689168640858,9.702686878012134,497,1,171716
E1,E3,N1,co,1,seasonal,mase,1.5371925879826964,1.6722166388410462,2.6123318186736446,1.0751392306909482,497,1,171716
E1,E3,N1,co,1,seasonal,r2,-0.3861096255917426,0.0318498289358574,0.2113555269759308,0.5974651525676735,497,1,171716
E1,E2,N1,co,6,lr,mae,0.1590048350383681,0.4867739160185708,4.286785148550794,4.127780313512426,302,0,102982
E1,E2,N1,co,6,lr,rmse,0.3048935318449542,1.0886264744044516,8.748993792574426,8.444100260729472,302,0,102982
E1,E2,N1,co,6,lr,smape,6.681365864525184,16.429561790984152,57.7136751323448,51.03230926781962,302,0,102982
E1,E2,N1,co,6,lr,mase,0.8656962769856171,1.325001760965972,3.2056403942121747,2.3399441172265574,302,0,102982
E1,E2,N1,co,6,lr,r2,-0.1280658524571807,-0.0411141960469989,0.2065999124552911,0.3346657649124719,302,0,102982
E1,E3,N1,co,6,lr,mae,5.188079841185477,5.585484492694989,6.466021556493365,1.2779417153078878,497,1,169209
E1,E3,N1,co,6,lr,rmse,6.96056677201149,7.47811868913918,9.131064790076016,2.170498018064525,497,1,169209
E1,E3,N1,co,6,lr,smape,12.128389974091444,14.062530152251936,16.332208734095598,4.203818760004154,497,1,169209
E1,E3,N1,co,6,lr,mase,1.1799898343808484,1.2821547376678448,1.4777980889655609,0.2978082545847125,497,1,169209
E1,E3,N1,co,6,lr,r2,0.4103349403392279,0.4806698986020695,0.6015107638314547,0.1911758234922268,497,1,169209
E1,E2,N1,co,6,rf,mae,0.1414224315060083,0.4160421504915374,3.378949080414284,3.237526648908276,302,0,102982
E1,E2,N1,co,6,rf,rmse,0.2916828091648389,1.0249443104584,8.404641718050241,8.112958908885401,302,0,102982
E1,E2,N1,co,6,rf,smape,5.924352593623714,15.030873878570889,47.01299213907078,41.088639545447066,302,0,102982
E1,E2,N1,co,6,rf,mase,0.7817040359862576,1.1987437639284535,2.678027335040009,1.8963232990537515,302,0,102982
E1,E2,N1,co,6,rf,r2,-0.0512553027994218,0.0376267728573967,0.2910318457042963,0.3422871485037181,302,0,102982
E1,E3,N1,co,6,rf,mae,5.340674320868529,5.771177155966754,7.001346676617482,1.6606723557489529,497,1,169209
E1,E3,N1,co,6,rf,rmse,7.1675808012550535,7.682256574335002,9.98537441018862,2.817793608933566,497,1,169209
E1,E3,N1,co,6,rf,smape,12.593438071552644,14.76311183265997,17.38248205461585,4.789043983063205,497,1,169209
E1,E3,N1,co,6,rf,mase,1.2171994989636363,1.3192757952499068,1.6444083035236323,0.427208804559996,497,1,169209
E1,E3,N1,co,6,rf,r2,0.3839448949304691,0.4490488808964888,0.5347500155605898,0.1508051206301206,497,1,169209
E1,E2,N1,co,6,ridge,mae,0.1590048390629848,0.4867738963072904,4.286785159331638,4.127780320268653,302,0,102982
E1,E2,N1,co,6,ridge,rmse,0.3048935333808362,1.0886264583765035,8.748993318609305,8.444099785228468,302,0,102982
E1,E2,N1,co,6,ridge,smape,6.6813658441034125,16.4295618835838,57.713675939095296,51.032310094991885,302,0,102982
E1,E2,N1,co,6,ridge,mase,0.8656962374505783,1.325001739143009,3.205640222993676,2.3399439855430977,302,0,102982
E1,E2,N1,co,6,ridge,r2,-0.1280657174282096,-0.0411141176613607,0.2065999838857493,0.3346657013139589,302,0,102982
E1,E3,N1,co,6,ridge,mae,5.18807985463277,5.585484595824816,6.4660213538859885,1.2779414992532183,497,1,169209
E1,E3,N1,co,6,ridge,rmse,6.960566584901385,7.47811852580441,9.131064531860725,2.1704979469593377,497,1,169209
E1,E3,N1,co,6,ridge,smape,12.128389500107522,14.06252948149297,16.332208362468414,4.203818862360892,497,1,169209
E1,E3,N1,co,6,ridge,mase,1.1799897928814571,1.2821546909244572,1.477798064986651,0.2978082721051935,497,1,169209
E1,E3,N1,co,6,ridge,r2,0.4103349530519444,0.4806699092074606,0.6015107860988289,0.1911758330468844,497,1,169209
E1,E2,N1,co,6,svr,mae,0.1356333416458373,0.411734988651783,3.571421230683318,3.4357878890374813,302,0,102982
E1,E2,N1,co,6,svr,rmse,0.3020307588428263,1.0751888650863974,8.867099474080492,8.565068715237665,302,0,102982
E1,E2,N1,co,6,svr,smape,5.84303070011624,14.167566920132582,47.83897114766879,41.99594044755255,302,0,102982
E1,E2,N1,co,6,svr,mase,0.780151032824142,1.1870733045457786,2.5701275081787887,1.7899764753546463,302,0,102982
E1,E2,N1,co,6,svr,r2,-0.159746251694577,-0.0158329941914145,0.1967944058033255,0.3565406574979026,302,0,102982
E1,E3,N1,co,6,svr,mae,5.447504392013212,5.926358881743238,6.765069460222606,1.317565068209395,497,1,169209
E1,E3,N1,co,6,svr,rmse,7.397692656505413,7.931908295667097,9.759148121623278,2.3614554651178654,497,1,169209
E1,E3,N1,co,6,svr,smape,12.821826406689157,14.899391024040517,17.850091870225185,5.028265463536028,497,1,169209
E1,E3,N1,co,6,svr,mase,1.253440379002596,1.363623208294619,1.5744179188260723,0.3209775398234764,497,1,169209
E1,E3,N1,co,6,svr,r2,0.332203182080558,0.4112835358438783,0.5100618594826962,0.1778586774021382,497,1,169209
E1,E2,N1,co,6,xgb,mae,0.1480349473073482,0.4493282143664355,3.427666517270586,3.2796315699632377,302,0,102982
E1,E2,N1,co,6,xgb,rmse,0.3029801876773391,1.056255201342843,8.58118931653593,8.278209128858592,302,0,102982
E1,E2,N1,co,6,xgb,smape,6.018821574542926,15.649669366985377,46.33594488885231,40.31712331430938,302,0,102982
E1,E2,N1,co,6,xgb,mase,0.7915367684240718,1.2218532127679989,2.6943009374140545,1.9027641689899828,302,0,102982
E1,E2,N1,co,6,xgb,r2,-0.069845894609998,0.0211007725771965,0.3119537636846088,0.3817996582946068,302,0,102982
E1,E3,N1,co,6,xgb,mae,5.384022119689811,5.7927024527381,7.121809855053447,1.7377877353636355,497,1,169209
E1,E3,N1,co,6,xgb,rmse,7.179106046472425,7.710936200946799,10.115530879158989,2.936424832686562,497,1,169209
E1,E3,N1,co,6,xgb,smape,12.532673745965878,14.951849040401472,18.444574044022986,5.911900298057107,497,1,169209
E1,E3,N1,co,6,xgb,mase,1.2243208157231191,1.3341325433161375,1.701175932602657,0.4768551168795376,497,1,169209
E1,E3,N1,co,6,xgb,r2,0.3536568292638237,0.4189957372163512,0.479789530222836,0.1261327009590123,497,1,169209
E1,E2,N1,co,6,ma6,mae,0.1502286691802824,0.4466136014523111,3.516106921752083,3.3658782525718003,302,0,102982
E1,E2,N1,co,6,ma6,rmse,0.2960420181378536,1.1030950260519925,9.174840444790604,8.87879842665275,302,0,102982
E1,E2,N1,co,6,ma6,smape,5.942399536947526,14.136673558714117,32.393437994689435,26.45103845774191,302,0,102982
E1,E2,N1,co,6,ma6,mase,0.7835085387753631,1.2940617002637738,2.840736542625937,2.057228003850573,302,0,102982
E1,E2,N1,co,6,ma6,r2,-0.2241353708845661,-0.0815948382898481,0.0950688743062816,0.3192042451908476,302,0,102982
E1,E2,N1,co,6,naive,mae,0.1703550481776288,0.4807987711213518,3.186587068845133,3.0162320206675046,302,0,102982
E1,E2,N1,co,6,naive,rmse,0.3675436949653333,1.3919800593738558,9.145744634868167,8.778200939902835,302,0,102982
E1,E2,N1,co,6,naive,smape,6.234226986774637,14.040678358325197,28.015010377143867,21.78078339036923,302,0,102982
E1,E2,N1,co,6,naive,mase,0.9502681275515148,1.3738582862275623,2.7237365917698964,1.7734684642183816,302,0,102982
E1,E2,N1,co,6,naive,r2,-1.0212537378616848,-0.7373032450367851,-0.0334340520905988,0.987819685771086,302,0,102982
E1,E2,N1,co,6,seasonal,mae,0.2320817623236978,0.7206605222734255,4.266275659824046,4.034193897500349,302,0,102982
E1,E2,N1,co,6,seasonal,rmse,0.4410830413901536,1.525229579180075,10.2744859620524,9.833402920662245,302,0,102982
E1,E2,N1,co,6,seasonal,smape,9.544368978193638,20.04752737341606,46.86031143323049,37.31594245503685,302,0,102982
E1,E2,N1,co,6,seasonal,mase,1.075772205841881,2.044025063269125,4.340616370864421,3.26484416502254,302,0,102982
E1,E2,N1,co,6,seasonal,r2,-1.6419523214204783,-1.0069625022384356,-0.4791392648780159,1.1628130565424626,302,0,102982
E1,E3,N1,co,6,ma6,mae,5.4812972212261855,5.908679851405509,6.384683759036873,0.9033865378106878,497,1,169209
E1,E3,N1,co,6,ma6,rmse,7.26243755726358,7.851596735704417,9.204468858349063,1.9420313010854828,497,1,169209
E1,E3,N1,co,6,ma6,smape,12.49783881924162,14.517608269728196,16.83996098122448,4.342122161982859,497,1,169209
E1,E3,N1,co,6,ma6,mase,1.2526205994525772,1.3534966856096435,1.4627846208211637,0.2101640213685864,497,1,169209
E1,E3,N1,co,6,ma6,r2,0.347081900291284,0.4289665463293419,0.568991822050126,0.2219099217588419,497,1,169209
E1,E3,N1,co,6,naive,mae,6.09421915480338,6.508720663903487,6.882027785455243,0.7878086306518632,497,1,169209
E1,E3,N1,co,6,naive,rmse,8.160487858478517,8.769037575571055,9.573329038042552,1.412841179564035,497,1,169209
E1,E3,N1,co,6,naive,smape,13.934352049443111,15.942816991101257,18.34479586590525,4.410443816462138,497,1,169209
E1,E3,N1,co,6,naive,mase,1.3815355835305874,1.4844202205694677,1.5774947438434206,0.1959591603128332,497,1,169209
E1,E3,N1,co,6,naive,r2,0.1895962572334864,0.2855839298578277,0.5936796121223067,0.4040833548888203,497,1,169209
E1,E3,N1,co,6,seasonal,mae,7.024329594225878,7.764345332953728,11.671995187269554,4.647665593043675,497,1,169209
E1,E3,N1,co,6,seasonal,rmse,8.865107120010862,9.862350790804824,17.902632271175264,9.037525151164402,497,1,169209
E1,E3,N1,co,6,seasonal,smape,16.902860686812616,21.089289288175564,27.11602446748972,10.213163780677103,497,1,169209
E1,E3,N1,co,6,seasonal,mase,1.6260141826412449,1.747159670533888,2.778717298373658,1.1527031157324132,497,1,169209
E1,E3,N1,co,6,seasonal,r2,-0.4029470328288373,-0.0176332393607621,0.1615029953915355,0.5644500282203729,497,1,169209
E1,E2,N1,co,12,lr,mae,0.1641822865264714,0.4922685765465425,4.8724940411769735,4.708311754650502,302,0,101170
E1,E2,N1,co,12,lr,rmse,0.3022334047008403,1.1107064358701917,9.41531496600576,9.11308156130492,302,0,101170
E1,E2,N1,co,12,lr,smape,7.33656042621934,15.594001462027672,60.91662950368475,53.58006907746541,302,0,101170
E1,E2,N1,co,12,lr,mase,0.8319268713072282,1.4022138621678553,3.437897308852356,2.605970437545128,302,0,101170
E1,E2,N1,co,12,lr,r2,-0.189270351342884,-0.0647066569826341,0.1394580743150531,0.3287284256579371,302,0,101170
E1,E3,N1,co,12,lr,mae,5.790844230302426,6.261164423265015,7.779562725119384,1.9887184948169585,497,1,166203
E1,E3,N1,co,12,lr,rmse,7.703310980562517,8.292418589538931,10.89473373709156,3.1914227565290423,497,1,166203
E1,E3,N1,co,12,lr,smape,13.61760973518234,15.991728033774883,19.10142162238724,5.483811887204903,497,1,166203
E1,E3,N1,co,12,lr,mase,1.3215207901021238,1.4391511831761423,1.842780925150929,0.5212601350488053,497,1,166203
E1,E3,N1,co,12,lr,r2,0.2860093745386639,0.3592523779808498,0.4173502602874374,0.1313408857487734,497,1,166203
E1,E2,N1,co,12,rf,mae,0.1484977834739609,0.4437784070194522,3.869197735346217,3.720699951872256,302,0,101170
E1,E2,N1,co,12,rf,rmse,0.2914676350697154,1.1019186998105064,8.909085545362304,8.617617910292589,302,0,101170
E1,E2,N1,co,12,rf,smape,6.654878373048232,15.422087924897756,53.49562251550559,46.84074414245735,302,0,101170
E1,E2,N1,co,12,rf,mase,0.800029046996292,1.2444430348317792,3.0358549165705746,2.2358258695742825,302,0,101170
E1,E2,N1,co,12,rf,r2,-0.1130268604175225,-0.0027645115323227,0.2221011838737607,0.3351280442912833,302,0,101170
E1,E3,N1,co,12,rf,mae,5.969847644142565,6.412180528699334,8.015720254084725,2.04587260994216,497,1,166203
E1,E3,N1,co,12,rf,rmse,7.882076342408739,8.437744098808404,11.17270212791762,3.2906257855088814,497,1,166203
E1,E3,N1,co,12,rf,smape,13.933268468112816,16.685552408145433,20.52186618426557,6.58859771615275,497,1,166203
E1,E3,N1,co,12,rf,mase,1.3648390616415584,1.4715633820046616,1.9789035639976265,0.6140645023560678,497,1,166203
E1,E3,N1,co,12,rf,r2,0.2353054632907993,0.3046436468836944,0.3558343566725244,0.120528893381725,497,1,166203
E1,E2,N1,co,12,ridge,mae,0.1641822853002186,0.4922685778185016,4.872494024704308,4.708311739404089,302,0,101170
E1,E2,N1,co,12,ridge,rmse,0.3022334040758129,1.1107064301560337,9.415314785704286,9.113081381628474,302,0,101170
E1,E2,N1,co,12,ridge,smape,7.336560655902018,15.594001717465453,60.91662893564583,53.580068279743806,302,0,101170
E1,E2,N1,co,12,ridge,mase,0.8319268772224797,1.4022138560249895,3.4378972193156865,2.6059703420932068,302,0,101170
E1,E2,N1,co,12,ridge,r2,-0.189270348358516,-0.0647066562738459,0.1394580707217205,0.3287284190802366,302,0,101170
E1,E3,N1,co,12,ridge,mae,5.790844246433272,6.261164407934318,7.779562702625882,1.9887184561926103,497,1,166203
E1,E3,N1,co,12,ridge,rmse,7.703311021830783,8.292418572229245,10.894733737743993,3.19142271591321,497,1,166203
E1,E3,N1,co,12,ridge,smape,13.6176096816594,15.991728038698453,19.10142149960392,5.48381181794452,497,1,166203
E1,E3,N1,co,12,ridge,mase,1.321520777310566,1.4391511841435307,1.8427809310389984,0.5212601537284323,497,1,166203
E1,E3,N1,co,12,ridge,r2,0.2860093692368041,0.3592523854248294,0.4173502559327149,0.1313408866959108,497,1,166203
E1,E2,N1,co,12,svr,mae,0.1500663968027454,0.3925261993682213,3.8241018477665705,3.674035450963825,302,0,101170
E1,E2,N1,co,12,svr,rmse,0.2956752396542699,1.1248469273250428,8.999464676053506,8.703789436399237,302,0,101170
E1,E2,N1,co,12,svr,smape,6.069804912214361,14.8359382751895,52.35521232116213,46.28540740894777,302,0,101170
E1,E2,N1,co,12,svr,mase,0.7545324851234456,1.2412709591135669,3.0089158999461265,2.254383414822681,302,0,101170
E1,E2,N1,co,12,svr,r2,-0.1689330317031824,-0.0349687442307287,0.1289382384636432,0.2978712701668257,302,0,101170
E1,E3,N1,co,12,svr,mae,6.089986978101706,6.604377288486828,8.39388890326731,2.3039019251656043,497,1,166203
E1,E3,N1,co,12,svr,rmse,8.244323245451008,8.886507887489149,11.4342721702687,3.18994892481769,497,1,166203
E1,E3,N1,co,12,svr,smape,14.304011748145514,17.225239022773582,21.30413890830358,7.000127160158067,497,1,166203
E1,E3,N1,co,12,svr,mase,1.4050932093130912,1.5120709784146469,2.0275345612342512,0.62244135192116,497,1,166203
E1,E3,N1,co,12,svr,r2,0.1626576001749514,0.2349453549497209,0.2891977979356797,0.1265401977607282,497,1,166203
E1,E2,N1,co,12,xgb,mae,0.1486303634671557,0.4727563717114794,3.9260706633848814,3.777440299917727,302,0,101170
E1,E2,N1,co,12,xgb,rmse,0.3067294207553178,1.1059030424695973,9.105428837830775,8.798699417075458,302,0,101170
E1,E2,N1,co,12,xgb,smape,6.8278025746813,15.972343318893842,51.89168893576705,45.06388636108575,302,0,101170
E1,E2,N1,co,12,xgb,mase,0.8106055552019205,1.272007394839851,3.100482349121468,2.2898767939195466,302,0,101170
E1,E2,N1,co,12,xgb,r2,-0.15189981435938,-0.012399261270799,0.2209323791899755,0.3728321935493555,302,0,101170
E1,E3,N1,co,12,xgb,mae,6.096517485531084,6.581828945704552,8.404362971618639,2.3078454860875546,497,1,166203
E1,E3,N1,co,12,xgb,rmse,8.033433785168523,8.605816095864451,11.849643564586025,3.8162097794175,497,1,166203
E1,E3,N1,co,12,xgb,smape,14.257723480432489,17.107962904758068,21.350599948987348,7.092876468554859,497,1,166203
E1,E3,N1,co,12,xgb,mase,1.3919285222244382,1.509163865325408,2.060475622033356,0.6685470998089171,497,1,166203
E1,E3,N1,co,12,xgb,r2,0.1861648662792759,0.2661687787492589,0.3239289209004737,0.1377640546211977,497,1,166203
E1,E2,N1,co,12,ma6,mae,0.1651365197820421,0.4632921245421245,3.798718313195925,3.633581793413883,302,0,101170
E1,E2,N1,co,12,ma6,rmse,0.2969308585650491,1.1148629896239068,10.037563421214678,9.740632562649628,302,0,101170
E1,E2,N1,co,12,ma6,smape,6.497973271285784,15.344176068900492,38.22842538369924,31.730452112413456,302,0,101170
E1,E2,N1,co,12,ma6,mase,0.841735849432535,1.368815529483027,3.197542629579294,2.355806780146759,302,0,101170
E1,E2,N1,co,12,ma6,r2,-0.3587782642985221,-0.1876846201847666,-0.0491645369034824,0.3096137273950397,302,0,101170
E1,E2,N1,co,12,naive,mae,0.1514153135421792,0.4649182658137881,3.6815778251599145,3.530162511617735,302,0,101170
E1,E2,N1,co,12,naive,rmse,0.3570362657796322,1.3867216185280946,10.209596025791653,9.85255976001202,302,0,101170
E1,E2,N1,co,12,naive,smape,5.216072626749324,12.704738274578316,31.943407258534613,26.72733463178529,302,0,101170
E1,E2,N1,co,12,naive,mase,0.7595636446503289,1.4399804305765174,3.1728939575492205,2.413330312898892,302,0,101170
E1,E2,N1,co,12,naive,r2,-0.951576306542724,-0.6168209223160894,-0.0684045728768881,0.8831717336658358,302,0,101170
E1,E2,N1,co,12,seasonal,mae,0.2217700660657749,0.6644314143567873,4.32600302061123,4.104232954545455,302,0,101170
E1,E2,N1,co,12,seasonal,rmse,0.4377587097856494,1.5367172080573206,10.061076827298129,9.62331811751248,302,0,101170
E1,E2,N1,co,12,seasonal,smape,8.760920030443096,19.570210254956773,47.3985457716018,38.6376257411587,302,0,101170
E1,E2,N1,co,12,seasonal,mase,0.9817993200377956,1.940666902752136,4.524870848324969,3.543071528287174,302,0,101170
E1,E2,N1,co,12,seasonal,r2,-1.483669523618236,-0.94219188446899,-0.2670308259445879,1.216638697673648,302,0,101170
E1,E3,N1,co,12,ma6,mae,6.314665400220645,6.821390907131799,7.635122457111312,1.3204570568906675,497,1,166203
E1,E3,N1,co,12,ma6,rmse,8.203507676399992,8.87129606671091,11.03946087646361,2.835953200063617,497,1,166203
E1,E3,N1,co,12,ma6,smape,14.523016442185408,16.714469928423885,19.803672480511192,5.280656038325786,497,1,166203
E1,E3,N1,co,12,ma6,mase,1.4465546633389994,1.582640904237436,1.7707403359745515,0.3241856726355521,497,1,166203
E1,E3,N1,co,12,ma6,r2,0.1730614207075862,0.2720472191994195,0.3889665263801701,0.2159051056725839,497,1,166203
E1,E3,N1,co,12,naive,mae,6.511001105701592,7.027038242901766,7.636535104151676,1.1255339984500845,497,1,166203
E1,E3,N1,co,12,naive,rmse,8.748969290108352,9.403386450492176,10.932976659384805,2.1840073692764506,497,1,166203
E1,E3,N1,co,12,naive,smape,15.029792644330964,17.055551682784838,20.01504575704251,4.985253112711547,497,1,166203
E1,E3,N1,co,12,naive,mase,1.497877857176389,1.6167033967689304,1.764409564970831,0.2665317077944416,497,1,166203
E1,E3,N1,co,12,naive,r2,0.064003949057069,0.1776023727654847,0.3921428034341919,0.3281388543771228,497,1,166203
E1,E3,N1,co,12,seasonal,mae,7.172804194680674,7.87776164648527,11.632942051562742,4.460137856882067,497,1,166203
E1,E3,N1,co,12,seasonal,rmse,9.15607732005079,10.064433391868604,17.338436686600943,8.182359366550154,497,1,166203
E1,E3,N1,co,12,seasonal,smape,17.192879837396887,21.036878180376657,26.80936783706668,9.616487999669786,497,1,166203
E1,E3,N1,co,12,seasonal,mase,1.65220474992197,1.79600697260624,2.770897442805587,1.118692692883617,497,1,166203
E1,E3,N1,co,12,seasonal,r2,-0.3934407423857853,-0.0896472004197239,0.0903453415842105,0.4837860839699959,497,1,166203
E1,E2,N2,co,1,lr,mae,0.1933408740152995,0.492387045164406,1.9514203280660711,1.7580794540507716,302,0,104492
E1,E2,N2,co,1,lr,rmse,0.3707036335827709,1.1253858037688689,5.035149502543304,4.664445868960533,302,0,104492
E1,E2,N2,co,1,lr,smape,7.900359442712274,16.07330998655631,33.310075920188105,25.40971647747584,302,0,104492
E1,E2,N2,co,1,lr,mase,1.0819206194921458,1.2834570338221485,1.9600004070206547,0.8780797875285089,302,0,104492
E1,E2,N2,co,1,lr,r2,-0.961009447850256,-0.1669308916470385,0.636468291338067,1.597477739188323,302,0,104492
E1,E3,N2,co,1,lr,mae,4.0455866842148405,4.365363305106622,4.615622840669283,0.5700361564544423,497,1,171711
E1,E3,N2,co,1,lr,rmse,5.409732553435116,5.766800144702468,6.143966721939169,0.7342341685040523,497,1,171711
E1,E3,N2,co,1,lr,smape,9.26073291205481,10.86258278573506,12.71250972481194,3.451776812757132,497,1,171711
E1,E3,N2,co,1,lr,mase,0.934943808040374,0.985440962244884,1.0468543094660232,0.1119105014256491,497,1,171711
E1,E3,N2,co,1,lr,r2,0.63139049757864,0.6758923280260671,0.8497519628102974,0.2183614652316574,497,1,171711
E1,E2,N2,co,1,rf,mae,0.1634575704981171,0.4476176787625071,1.711115404079054,1.5476578335809368,302,0,104492
E1,E2,N2,co,1,rf,rmse,0.3570361010111391,1.1063526610387746,4.694344236967508,4.337308135956369,302,0,104492
E1,E2,N2,co,1,rf,smape,6.644454894183703,13.18206495182852,26.023929904824435,19.37947501064073,302,0,104492
E1,E2,N2,co,1,rf,mase,0.9710337084196444,1.152933980574237,1.7347005084032223,0.763666799983578,302,0,104492
E1,E2,N2,co,1,rf,r2,-0.840828296823793,-0.0460008377342017,0.6497514742321073,1.4905797710559003,302,0,104492
E1,E3,N2,co,1,rf,mae,3.971008079977746,4.256156772247362,4.484100097344385,0.5130920173666387,497,1,171711
E1,E3,N2,co,1,rf,rmse,5.357513890857137,5.68816681122296,6.049045486529681,0.6915315956725436,497,1,171711
E1,E3,N2,co,1,rf,smape,9.132273762858157,10.633489903013324,12.257607356200102,3.1253335933419475,497,1,171711
E1,E3,N2,co,1,rf,mase,0.9110276043446596,0.9584013273650812,1.0166150166636485,0.1055874123189887,497,1,171711
E1,E3,N2,co,1,rf,r2,0.6396161851229043,0.6859035775227624,0.8573296496121748,0.2177134644892705,497,1,171711
E1,E2,N2,co,1,ridge,mae,0.1933239312983841,0.4923890742292101,1.951182462783413,1.7578585314850286,302,0,104492
E1,E2,N2,co,1,ridge,rmse,0.370684270102377,1.125100260313035,5.03512234025163,4.664438070149253,302,0,104492
E1,E2,N2,co,1,ridge,smape,7.894784821299439,16.071553974172186,33.304079990864054,25.40929516956461,302,0,104492
E1,E2,N2,co,1,ridge,mase,1.0815975240085762,1.2833580569414962,1.959867912615713,0.8782703886071368,302,0,104492
E1,E2,N2,co,1,ridge,r2,-0.960942785037848,-0.1667371698041053,0.6365573376495075,1.5975001226873555,302,0,104492
E1,E3,N2,co,1,ridge,mae,4.045474803402321,4.365379995441363,4.6156050922626735,0.5701302888603523,497,1,171711
E1,E3,N2,co,1,ridge,rmse,5.4096269939309805,5.766680105140099,6.1439102417804765,0.7342832478494961,497,1,171711
E1,E3,N2,co,1,ridge,smape,9.26068331984782,10.862529371143044,12.712218779252686,3.451535459404864,497,1,171711
E1,E3,N2,co,1,ridge,mase,0.93492603826901,0.9854258758708908,1.0468303284372955,0.1119042901682856,497,1,171711
E1,E3,N2,co,1,ridge,r2,0.6313949565413601,0.675912585396469,0.8497563873760778,0.2183614308347177,497,1,171711
E1,E2,N2,co,1,svr,mae,0.1398359392687367,0.3730513441407712,1.4953859748215304,1.3555500355527936,302,0,104492
E1,E2,N2,co,1,svr,rmse,0.2996943975618386,0.9605645402864776,4.517357679652815,4.217663282090976,302,0,104492
E1,E2,N2,co,1,svr,smape,5.431185079519868,11.88028608127762,24.110028825657626,18.678843746137755,302,0,104492
E1,E2,N2,co,1,svr,mase,0.805106790302446,0.956637629738492,1.5567226522610165,0.7516158619585704,302,0,104492
E1,E2,N2,co,1,svr,r2,-0.2775676914361245,0.1564753851439004,0.6553012065336232,0.9328688979697476,302,0,104492
E1,E3,N2,co,1,svr,mae,3.7942909921812222,4.065499355756902,4.274730188576483,0.480439196395261,497,1,171711
E1,E3,N2,co,1,svr,rmse,5.1910989036973145,5.495816141717292,5.841933441987239,0.6508345382899243,497,1,171711
E1,E3,N2,co,1,svr,smape,8.73646276130484,10.260517351701088,11.767771390603034,3.031308629298195,497,1,171711
E1,E3,N2,co,1,svr,mase,0.8694459439114692,0.9163147584951362,0.9679695859107073,0.0985236419992379,497,1,171711
E1,E3,N2,co,1,svr,r2,0.6635854961501894,0.7030793774406663,0.8674325487772708,0.2038470526270814,497,1,171711
E1,E2,N2,co,1,xgb,mae,0.1672083342119827,0.4318194010857622,1.8954670957855115,1.7282587615735283,302,0,104492
E1,E2,N2,co,1,xgb,rmse,0.3146319583267035,1.2425440408695922,4.705778416721763,4.39114645839506,302,0,104492
E1,E2,N2,co,1,xgb,smape,6.36542394450256,13.199667665839623,30.031311759626995,23.665887815124435,302,0,104492
E1,E2,N2,co,1,xgb,mase,0.910893402450577,1.1021499879565155,1.8627373316530296,0.9518439292024524,302,0,104492
E1,E2,N2,co,1,xgb,r2,-0.4776184408487672,0.0826564700248697,0.6804301246062949,1.1580485654550623,302,0,104492
E1,E3,N2,co,1,xgb,mae,3.906981865786253,4.1364480524930425,4.364683018832227,0.4577011530459742,497,1,171711
E1,E3,N2,co,1,xgb,rmse,5.238447830814226,5.563961852294928,5.932765820384831,0.6943179895706049,497,1,171711
E1,E3,N2,co,1,xgb,smape,8.852504620967274,10.372346764803869,12.093775925317608,3.2412713043503345,497,1,171711
E1,E3,N2,co,1,xgb,mase,0.8914128443528817,0.938434777087926,0.9892506620214276,0.0978378176685459,497,1,171711
E1,E3,N2,co,1,xgb,r2,0.6582438041968435,0.7023222204308563,0.8595954382659565,0.201351634069113,497,1,171711
E1,E2,N2,co,1,ma6,mae,0.1538527043765483,0.4099831406551059,2.672728862739701,2.518876158363153,302,0,104492
E1,E2,N2,co,1,ma6,rmse,0.2909994948619503,1.0725498450752826,6.942744540006254,6.651745045144304,302,0,104492
E1,E2,N2,co,1,ma6,smape,5.641191225657653,12.64980019928802,27.62023059027881,21.979039364621155,302,0,104492
E1,E2,N2,co,1,ma6,mase,0.7833682804904883,1.131888108743642,2.344000779279049,1.5606324987885607,302,0,104492
E1,E2,N2,co,1,ma6,r2,-0.2019030212423998,-0.0653761582364315,0.351984499613185,0.5538875208555849,302,0,104492
E1,E2,N2,co,1,naive,mae,0.1493514313239746,0.4140311037709882,1.5524841728598957,1.403132741535921,302,0,104492
E1,E2,N2,co,1,naive,rmse,0.3539186649903049,1.1163320988389458,4.616851088334903,4.262932423344598,302,0,104492
E1,E2,N2,co,1,naive,smape,5.133720752279617,10.84516067824362,19.90302285768643,14.769302105406814,302,0,104492
E1,E2,N2,co,1,naive,mase,0.8403180781954053,1.0366111468479566,1.5005089953693287,0.6601909171739234,302,0,104492
E1,E2,N2,co,1,naive,r2,-0.7968314539756255,-0.0710302374440685,0.628646891282471,1.4254783452580964,302,0,104492
E1,E2,N2,co,1,seasonal,mae,0.2314349366914395,0.5996881881365262,3.6570247691454334,3.4255898324539946,302,0,104492
E1,E2,N2,co,1,seasonal,rmse,0.4327348549244975,1.310730097897849,8.944734444010859,8.511999589086361,302,0,104492
E1,E2,N2,co,1,seasonal,smape,9.607966616482017,18.94994804382252,46.64013501517019,37.03216839868817,302,0,104492
E1,E2,N2,co,1,seasonal,mase,1.0312831008141004,1.736112451523507,3.617974395622676,2.586691294808576,302,0,104492
E1,E2,N2,co,1,seasonal,r2,-1.4779786944172528,-0.8953840406387032,-0.2338242989170905,1.2441543955001624,302,0,104492
E1,E3,N2,co,1,ma6,mae,4.749803650062228,5.06576629737134,5.343694565525287,0.5938909154630592,497,1,171716
E1,E3,N2,co,1,ma6,rmse,6.347088849648669,6.772582280674524,7.410380823881188,1.063291974232519,497,1,171716
E1,E3,N2,co,1,ma6,smape,10.945167820801773,12.56061533204126,14.442267785000892,3.497099964199121,497,1,171716
E1,E3,N2,co,1,ma6,mase,1.0843291373453352,1.1560797778025578,1.2165569325330636,0.1322277951877284,497,1,171716
E1,E3,N2,co,1,ma6,r2,0.5068256340909038,0.5646748217687418,0.7573496260358685,0.2505239919449648,497,1,171716
E1,E3,N2,co,1,naive,mae,3.970035799527029,4.295534398772086,4.526510880294463,0.5564750807674339,497,1,171716
E1,E3,N2,co,1,naive,rmse,5.417410410733828,5.763078529762594,6.113433583437809,0.6960231727039812,497,1,171716
E1,E3,N2,co,1,naive,smape,9.139480528881624,10.731463976725072,12.387164482071196,3.247683953189572,497,1,171716
E1,E3,N2,co,1,naive,mase,0.9126073134974731,0.9642806844147828,1.021691351324008,0.1090840378265348,497,1,171716
E1,E3,N2,co,1,naive,r2,0.6282119314434735,0.6750786883674674,0.8600235834197678,0.2318116519762942,497,1,171716
E1,E3,N2,co,1,seasonal,mae,6.691305085813738,7.352796566082352,11.315531460221834,4.624226374408096,497,1,171716
E1,E3,N2,co,1,seasonal,rmse,8.557767920721663,9.506436876001723,17.868304950676293,9.31053702995463,497,1,171716
E1,E3,N2,co,1,seasonal,smape,16.266229986073665,19.97106637064108,25.9689168640858,9.702686878012134,497,1,171716
E1,E3,N2,co,1,seasonal,mase,1.5371925879826964,1.6722166388410462,2.6123318186736446,1.0751392306909482,497,1,171716
E1,E3,N2,co,1,seasonal,r2,-0.3861096255917426,0.0318498289358574,0.2113555269759308,0.5974651525676735,497,1,171716
E1,E2,N2,co,6,lr,mae,0.1876940555283839,0.5145592718089294,3.370805019156004,3.18311096362762,302,0,102982
E1,E2,N2,co,6,lr,rmse,0.3802075388741831,1.4369968394225283,9.340026342293283,8.959818803419102,302,0,102982
E1,E2,N2,co,6,lr,smape,6.804692781283052,16.140238940150756,37.105878329682085,30.30118554839904,302,0,102982
E1,E2,N2,co,6,lr,mase,1.016897000321716,1.4383325434730163,2.931281631251715,1.914384630929999,302,0,102982
E1,E2,N2,co,6,lr,r2,-1.146455183897626,-0.8489669968807861,-0.0913125058754401,1.055142678022186,302,0,102982
E1,E3,N2,co,6,lr,mae,6.2358281264414686,6.663988357613296,7.060149084528128,0.8243209580866591,497,1,169203
E1,E3,N2,co,6,lr,rmse,8.360130158342628,8.939316980501061,9.786367121453658,1.4262369631110303,497,1,169203
E1,E3,N2,co,6,lr,smape,14.287872118578932,16.329089529535075,18.809176769783672,4.521304651204739,497,1,169203
E1,E3,N2,co,6,lr,mase,1.4173057607221629,1.5202855631174863,1.6130590180623976,0.1957532573402347,497,1,169203
E1,E3,N2,co,6,lr,r2,0.1496097066457071,0.2477812576245514,0.5820182111188898,0.4324085044731827,497,1,169203
E1,E2,N2,co,6,rf,mae,0.1783930207401705,0.4966727324945257,3.368273642817451,3.1898806220772804,302,0,102982
E1,E2,N2,co,6,rf,rmse,0.3678108428754743,1.3876674712610466,9.40384377275255,9.036032929877075,302,0,102982
E1,E2,N2,co,6,rf,smape,6.447966650459627,14.752847940902887,32.82879795744353,26.3808313069839,302,0,102982
E1,E2,N2,co,6,rf,mase,0.970411622079762,1.3956632980787953,2.822014436813752,1.8516028147339896,302,0,102982
E1,E2,N2,co,6,rf,r2,-1.0275669648790997,-0.7264531968941156,-0.0432834678010491,0.9842834970780504,302,0,102982
E1,E3,N2,co,6,rf,mae,6.131768936210471,6.549376379841115,6.952348751073347,0.8205798148628762,497,1,169203
E1,E3,N2,co,6,rf,rmse,8.236802761936104,8.799522416100839,9.641687385531512,1.404884623595409,497,1,169203
E1,E3,N2,co,6,rf,smape,14.04473170736298,16.037412462630822,18.471248162820284,4.426516455457303,497,1,169203
E1,E3,N2,co,6,rf,mase,1.3934700601328764,1.4938826025888632,1.5859401934756738,0.1924701333427974,497,1,169203
E1,E3,N2,co,6,rf,r2,0.1787233128013424,0.2755331358852017,0.5905400511867044,0.4118167383853619,497,1,169203
E1,E2,N2,co,6,ridge,mae,0.1876940540848134,0.5145592692998338,3.3708050182262728,3.183110964141459,302,0,102982
E1,E2,N2,co,6,ridge,rmse,0.3802075380704672,1.4369968372046604,9.340026339397568,8.959818801327101,302,0,102982
E1,E2,N2,co,6,ridge,smape,6.804692672592999,16.140238551460136,37.10587788916127,30.30118521656827,302,0,102982
E1,E2,N2,co,6,ridge,mase,1.016896988932417,1.438332543310708,2.931281616137557,1.91438462720514,302,0,102982
E1,E2,N2,co,6,ridge,r2,-1.1464551821167723,-0.8489670001498868,-0.0913125029238119,1.0551426791929603,302,0,102982
E1,E3,N2,co,6,ridge,mae,6.235828131120462,6.663988362815345,7.060149081115141,0.8243209499946795,497,1,169203
E1,E3,N2,co,6,ridge,rmse,8.36013016435792,8.939316979852572,9.786367124210754,1.4262369598528348,497,1,169203
E1,E3,N2,co,6,ridge,smape,14.28787212005507,16.32908955487245,18.80917683219893,4.521304712143856,497,1,169203
E1,E3,N2,co,6,ridge,mase,1.4173057597518468,1.520285562702411,1.613059016553697,0.1957532568018505,497,1,169203
E1,E3,N2,co,6,ridge,r2,0.1496097048591815,0.2477812584122161,0.582018211521151,0.4324085066619694,497,1,169203
E1,E2,N2,co,6,svr,mae,0.1856901365871834,0.5128764440610012,3.473920539359661,3.288230402772478,302,0,102982
E1,E2,N2,co,6,svr,rmse,0.3767894805711393,1.391877739618953,9.310927624938234,8.934138144367095,302,0,102982
E1,E2,N2,co,6,svr,smape,6.906941398787292,16.271445652576237,35.43656476171144,28.529623362924145,302,0,102982
E1,E2,N2,co,6,svr,mase,0.998735637340502,1.446386102481904,2.9153043040218987,1.9165686666813968,302,0,102982
E1,E2,N2,co,6,svr,r2,-1.04949804885227,-0.7864530307348643,-0.0703225569213368,0.9791754919309332,302,0,102982
E1,E3,N2,co,6,svr,mae,6.2405123537891765,6.669820080813231,7.061811715495961,0.8212993617067843,497,1,169203
E1,E3,N2,co,6,svr,rmse,8.423799869405956,8.994635187988472,9.8381571376347,1.4143572682287449,497,1,169203
E1,E3,N2,co,6,svr,smape,14.276813347647582,16.426225232452406,18.93567750727583,4.658864159628248,497,1,169203
E1,E3,N2,co,6,svr,mase,1.417227523323299,1.5245006034029642,1.6150930796756742,0.1978655563523752,497,1,169203
E1,E3,N2,co,6,svr,r2,0.1426868067034594,0.2468637948536154,0.5793628541910951,0.4366760474876356,497,1,169203
E1,E2,N2,co,6,xgb,mae,0.2017948940508396,0.5338720093558609,3.55684761703284,3.3550527229820006,302,0,102982
E1,E2,N2,co,6,xgb,rmse,0.3748862256354052,1.3852281757166411,9.296438640157344,8.921552414521939,302,0,102982
E1,E2,N2,co,6,xgb,smape,7.717227232519699,16.72016849257334,45.67437155153494,37.95714431901524,302,0,102982
E1,E2,N2,co,6,xgb,mase,1.0401759430378656,1.5255884669414084,3.0901019894634194,2.0499260464255538,302,0,102982
E1,E2,N2,co,6,xgb,r2,-1.0805996255474253,-0.8193343511890344,-0.1088716435929921,0.9717279819544332,302,0,102982
E1,E3,N2,co,6,xgb,mae,6.214937664434649,6.620004634438179,7.03953137110734,0.8245937066726912,497,1,169203
E1,E3,N2,co,6,xgb,rmse,8.34344038159986,8.909053755747957,9.730257613462504,1.3868172318626435,497,1,169203
E1,E3,N2,co,6,xgb,smape,14.201102404362477,16.248469839079625,18.732615275312227,4.531512870949751,497,1,169203
E1,E3,N2,co,6,xgb,mase,1.414822721967913,1.5140289664333166,1.6044170056776357,0.1895942837097226,497,1,169203
E1,E3,N2,co,6,xgb,r2,0.1588756869329347,0.2604438332744658,0.5838412507367645,0.4249655638038297,497,1,169203
E1,E2,N2,co,6,ma6,mae,0.1502286691802824,0.4466136014523111,3.516106921752083,3.3658782525718003,302,0,102982
E1,E2,N2,co,6,ma6,rmse,0.2960420181378536,1.1030950260519925,9.174840444790604,8.87879842665275,302,0,102982
E1,E2,N2,co,6,ma6,smape,5.942399536947526,14.136673558714117,32.393437994689435,26.45103845774191,302,0,102982
E1,E2,N2,co,6,ma6,mase,0.7835085387753631,1.2940617002637738,2.840736542625937,2.057228003850573,302,0,102982
E1,E2,N2,co,6,ma6,r2,-0.2241353708845661,-0.0815948382898481,0.0950688743062816,0.3192042451908476,302,0,102982
E1,E2,N2,co,6,naive,mae,0.1703550481776288,0.4807987711213518,3.186587068845133,3.0162320206675046,302,0,102982
E1,E2,N2,co,6,naive,rmse,0.3675436949653333,1.3919800593738558,9.145744634868167,8.778200939902835,302,0,102982
E1,E2,N2,co,6,naive,smape,6.234226986774637,14.040678358325197,28.015010377143867,21.78078339036923,302,0,102982
E1,E2,N2,co,6,naive,mase,0.9502681275515148,1.3738582862275623,2.7237365917698964,1.7734684642183816,302,0,102982
E1,E2,N2,co,6,naive,r2,-1.0212537378616848,-0.7373032450367851,-0.0334340520905988,0.987819685771086,302,0,102982
E1,E2,N2,co,6,seasonal,mae,0.2320817623236978,0.7206605222734255,4.266275659824046,4.034193897500349,302,0,102982
E1,E2,N2,co,6,seasonal,rmse,0.4410830413901536,1.525229579180075,10.2744859620524,9.833402920662245,302,0,102982
E1,E2,N2,co,6,seasonal,smape,9.544368978193638,20.04752737341606,46.86031143323049,37.31594245503685,302,0,102982
E1,E2,N2,co,6,seasonal,mase,1.075772205841881,2.044025063269125,4.340616370864421,3.26484416502254,302,0,102982
E1,E2,N2,co,6,seasonal,r2,-1.6419523214204783,-1.0069625022384356,-0.4791392648780159,1.1628130565424626,302,0,102982
E1,E3,N2,co,6,ma6,mae,5.4812972212261855,5.908679851405509,6.384683759036873,0.9033865378106878,497,1,169209
E1,E3,N2,co,6,ma6,rmse,7.26243755726358,7.851596735704417,9.204468858349063,1.9420313010854828,497,1,169209
E1,E3,N2,co,6,ma6,smape,12.49783881924162,14.517608269728196,16.83996098122448,4.342122161982859,497,1,169209
E1,E3,N2,co,6,ma6,mase,1.2526205994525772,1.3534966856096435,1.4627846208211637,0.2101640213685864,497,1,169209
E1,E3,N2,co,6,ma6,r2,0.347081900291284,0.4289665463293419,0.568991822050126,0.2219099217588419,497,1,169209
E1,E3,N2,co,6,naive,mae,6.09421915480338,6.508720663903487,6.882027785455243,0.7878086306518632,497,1,169209
E1,E3,N2,co,6,naive,rmse,8.160487858478517,8.769037575571055,9.573329038042552,1.412841179564035,497,1,169209
E1,E3,N2,co,6,naive,smape,13.934352049443111,15.942816991101257,18.34479586590525,4.410443816462138,497,1,169209
E1,E3,N2,co,6,naive,mase,1.3815355835305874,1.4844202205694677,1.5774947438434206,0.1959591603128332,497,1,169209
E1,E3,N2,co,6,naive,r2,0.1895962572334864,0.2855839298578277,0.5936796121223067,0.4040833548888203,497,1,169209
E1,E3,N2,co,6,seasonal,mae,7.024329594225878,7.764345332953728,11.671995187269554,4.647665593043675,497,1,169209
E1,E3,N2,co,6,seasonal,rmse,8.865107120010862,9.862350790804824,17.902632271175264,9.037525151164402,497,1,169209
E1,E3,N2,co,6,seasonal,smape,16.902860686812616,21.089289288175564,27.11602446748972,10.213163780677103,497,1,169209
E1,E3,N2,co,6,seasonal,mase,1.6260141826412449,1.747159670533888,2.778717298373658,1.1527031157324132,497,1,169209
E1,E3,N2,co,6,seasonal,r2,-0.4029470328288373,-0.0176332393607621,0.1615029953915355,0.5644500282203729,497,1,169209
E1,E2,N2,co,12,lr,mae,0.1628637830739082,0.4873917433135634,3.728779207050949,3.565915423977041,302,0,101170
E1,E2,N2,co,12,lr,rmse,0.3614240426162733,1.4105226834826086,10.179944907667991,9.81852086505172,302,0,101170
E1,E2,N2,co,12,lr,smape,6.3045185250279525,14.586389480378816,36.41744108686441,30.112922561836456,302,0,101170
E1,E2,N2,co,12,lr,mase,0.8610148437895895,1.4750681926157616,3.22767476667802,2.36665992288843,302,0,101170
E1,E2,N2,co,12,lr,r2,-0.9763881229595476,-0.6710204787710571,-0.1159954787679295,0.8603926441916179,302,0,101170
E1,E3,N2,co,12,lr,mae,6.557056422786714,7.08207121492002,7.678958827194598,1.1219024044078836,497,1,166197
E1,E3,N2,co,12,lr,rmse,8.780293845159884,9.448061450098685,10.96494677327312,2.184652928113236,497,1,166197
E1,E3,N2,co,12,lr,smape,15.098691299014725,17.117907320459448,20.126853493146804,5.028162194132079,497,1,166197
E1,E3,N2,co,12,lr,mase,1.5058696436614496,1.6236488210116975,1.7717799526904257,0.265910309028976,497,1,166197
E1,E3,N2,co,12,lr,r2,0.0570737812260159,0.1691964316813102,0.3891020012679028,0.3320282200418869,497,1,166197
E1,E2,N2,co,12,rf,mae,0.1677584136929,0.4924707363576515,3.963288380114145,3.795529966421245,302,0,101170
E1,E2,N2,co,12,rf,rmse,0.3645761756880398,1.4714620905169085,10.466088638715435,10.101512463027396,302,0,101170
E1,E2,N2,co,12,rf,smape,6.621460164661535,15.013694934844125,35.31426765578772,28.69280749112618,302,0,101170
E1,E2,N2,co,12,rf,mase,0.8606123453932304,1.4926307917038806,3.2528414004232986,2.392229055030068,302,0,101170
E1,E2,N2,co,12,rf,r2,-0.990747165703638,-0.7620858900220547,-0.1364302398403459,0.854316925863292,302,0,101170
E1,E3,N2,co,12,rf,mae,6.63286565234488,7.150662063967734,7.724196417434587,1.0913307650897073,497,1,166197
E1,E3,N2,co,12,rf,rmse,8.883594379682968,9.516550492252382,11.035395092921444,2.151800713238476,497,1,166197
E1,E3,N2,co,12,rf,smape,15.252581970522142,17.33195672447601,20.394546305451605,5.141964334929464,497,1,166197
E1,E3,N2,co,12,rf,mase,1.5209701464255874,1.6431613200896047,1.7833784305763956,0.2624082841508082,497,1,166197
E1,E3,N2,co,12,rf,r2,0.0375117327769555,0.1509669350614642,0.3838836237294134,0.3463718909524579,497,1,166197
E1,E2,N2,co,12,ridge,mae,0.1628637814094802,0.4873917391149637,3.728779207477524,3.565915426068044,302,0,101170
E1,E2,N2,co,12,ridge,rmse,0.3614240423981735,1.410522682362919,10.179944901980214,9.81852085958204,302,0,101170
E1,E2,N2,co,12,ridge,smape,6.304518501806929,14.586389369611007,36.417441204374654,30.11292270256773,302,0,101170
E1,E2,N2,co,12,ridge,mase,0.8610148368382704,1.475068190234653,3.2276747483492034,2.366659911510933,302,0,101170
E1,E2,N2,co,12,ridge,r2,-0.9763881241484068,-0.6710204801664176,-0.1159954742211831,0.8603926499272236,302,0,101170
E1,E3,N2,co,12,ridge,mae,6.557056408664854,7.082071213380898,7.67895882554489,1.1219024168800358,497,1,166197
E1,E3,N2,co,12,ridge,rmse,8.780293844963493,9.448061441557956,10.964946776039996,2.184652931076503,497,1,166197
E1,E3,N2,co,12,ridge,smape,15.09869130408106,17.11790732677068,20.12685347592124,5.028162171840172,497,1,166197
E1,E3,N2,co,12,ridge,mase,1.5058696411497976,1.6236488216263012,1.771779949389134,0.2659103082393363,497,1,166197
E1,E3,N2,co,12,ridge,r2,0.0570737827182451,0.169196433842901,0.38910200149982,0.3320282187815748,497,1,166197
E1,E2,N2,co,12,svr,mae,0.173265577410832,0.5006963427340647,4.030637419136958,3.857371841726126,302,0,101170
E1,E2,N2,co,12,svr,rmse,0.3653507567047472,1.4400512496470332,10.178990791633762,9.813640034929014,302,0,101170
E1,E2,N2,co,12,svr,smape,6.6242740270817055,15.388548899738216,37.01171253286303,30.38743850578133,302,0,101170
E1,E2,N2,co,12,svr,mase,0.8790497673508816,1.4945607947963122,3.3699666537728525,2.490916886421971,302,0,101170
E1,E2,N2,co,12,svr,r2,-0.9979585390377368,-0.7384494825083061,-0.1474457909012834,0.8505127481364534,302,0,101170
E1,E3,N2,co,12,svr,mae,6.570916649835551,7.0998843513592265,7.667712416279777,1.0967957664442256,497,1,166197
E1,E3,N2,co,12,svr,rmse,8.845832138797292,9.499172944613846,10.988013596493644,2.142181457696351,497,1,166197
E1,E3,N2,co,12,svr,smape,15.164732505232449,17.375298757212423,20.387470091116107,5.22273758588366,497,1,166197
E1,E3,N2,co,12,svr,mase,1.504391314408131,1.6342255319803498,1.7725843006203093,0.2681929862121786,497,1,166197
E1,E3,N2,co,12,svr,r2,0.0481683580220132,0.1584868838655448,0.3864541501828192,0.338285792160806,497,1,166197
E1,E2,N2,co,12,xgb,mae,0.1961711913871048,0.5296250573773396,4.071421052102135,3.87524986071503,302,0,101170
E1,E2,N2,co,12,xgb,rmse,0.3852943412455876,1.4739156844116632,10.504928231665172,10.119633890419584,302,0,101170
E1,E2,N2,co,12,xgb,smape,7.59332417100013,16.912226281784548,47.40189042384314,39.808566252843015,302,0,101170
E1,E2,N2,co,12,xgb,mase,1.014434253966899,1.6119544941365336,3.469255296195315,2.454821042228416,302,0,101170
E1,E2,N2,co,12,xgb,r2,-1.1082611761173409,-0.848251531271632,-0.3645384504307941,0.7437227256865465,302,0,101170
E1,E3,N2,co,12,xgb,mae,6.697082063243059,7.215735365943681,7.845148616443682,1.1480665532006231,497,1,166197
E1,E3,N2,co,12,xgb,rmse,9.010172563723794,9.636386864338744,11.143687265778208,2.1335147020544145,497,1,166197
E1,E3,N2,co,12,xgb,smape,15.365692607489512,17.454900473083686,20.64867949822883,5.282986890739318,497,1,166197
E1,E3,N2,co,12,xgb,mase,1.5341634028109654,1.6583707132607448,1.806156084015308,0.2719926812043418,497,1,166197
E1,E3,N2,co,12,xgb,r2,0.0196079142843316,0.1295920808053917,0.3762771369136946,0.3566692226293629,497,1,166197
E1,E2,N2,co,12,ma6,mae,0.1651365197820421,0.4632921245421245,3.798718313195925,3.633581793413883,302,0,101170
E1,E2,N2,co,12,ma6,rmse,0.2969308585650491,1.1148629896239068,10.037563421214678,9.740632562649628,302,0,101170
E1,E2,N2,co,12,ma6,smape,6.497973271285784,15.344176068900492,38.22842538369924,31.730452112413456,302,0,101170
E1,E2,N2,co,12,ma6,mase,0.841735849432535,1.368815529483027,3.197542629579294,2.355806780146759,302,0,101170
E1,E2,N2,co,12,ma6,r2,-0.3587782642985221,-0.1876846201847666,-0.0491645369034824,0.3096137273950397,302,0,101170
E1,E2,N2,co,12,naive,mae,0.1514153135421792,0.4649182658137881,3.6815778251599145,3.530162511617735,302,0,101170
E1,E2,N2,co,12,naive,rmse,0.3570362657796322,1.3867216185280946,10.209596025791653,9.85255976001202,302,0,101170
E1,E2,N2,co,12,naive,smape,5.216072626749324,12.704738274578316,31.943407258534613,26.72733463178529,302,0,101170
E1,E2,N2,co,12,naive,mase,0.7595636446503289,1.4399804305765174,3.1728939575492205,2.413330312898892,302,0,101170
E1,E2,N2,co,12,naive,r2,-0.951576306542724,-0.6168209223160894,-0.0684045728768881,0.8831717336658358,302,0,101170
E1,E2,N2,co,12,seasonal,mae,0.2217700660657749,0.6644314143567873,4.32600302061123,4.104232954545455,302,0,101170
E1,E2,N2,co,12,seasonal,rmse,0.4377587097856494,1.5367172080573206,10.061076827298129,9.62331811751248,302,0,101170
E1,E2,N2,co,12,seasonal,smape,8.760920030443096,19.570210254956773,47.3985457716018,38.6376257411587,302,0,101170
E1,E2,N2,co,12,seasonal,mase,0.9817993200377956,1.940666902752136,4.524870848324969,3.543071528287174,302,0,101170
E1,E2,N2,co,12,seasonal,r2,-1.483669523618236,-0.94219188446899,-0.2670308259445879,1.216638697673648,302,0,101170
E1,E3,N2,co,12,ma6,mae,6.314665400220645,6.821390907131799,7.635122457111312,1.3204570568906675,497,1,166203
E1,E3,N2,co,12,ma6,rmse,8.203507676399992,8.87129606671091,11.03946087646361,2.835953200063617,497,1,166203
E1,E3,N2,co,12,ma6,smape,14.523016442185408,16.714469928423885,19.803672480511192,5.280656038325786,497,1,166203
E1,E3,N2,co,12,ma6,mase,1.4465546633389994,1.582640904237436,1.7707403359745515,0.3241856726355521,497,1,166203
E1,E3,N2,co,12,ma6,r2,0.1730614207075862,0.2720472191994195,0.3889665263801701,0.2159051056725839,497,1,166203
E1,E3,N2,co,12,naive,mae,6.511001105701592,7.027038242901766,7.636535104151676,1.1255339984500845,497,1,166203
E1,E3,N2,co,12,naive,rmse,8.748969290108352,9.403386450492176,10.932976659384805,2.1840073692764506,497,1,166203
E1,E3,N2,co,12,naive,smape,15.029792644330964,17.055551682784838,20.01504575704251,4.985253112711547,497,1,166203
E1,E3,N2,co,12,naive,mase,1.497877857176389,1.6167033967689304,1.764409564970831,0.2665317077944416,497,1,166203
E1,E3,N2,co,12,naive,r2,0.064003949057069,0.1776023727654847,0.3921428034341919,0.3281388543771228,497,1,166203
E1,E3,N2,co,12,seasonal,mae,7.172804194680674,7.87776164648527,11.632942051562742,4.460137856882067,497,1,166203
E1,E3,N2,co,12,seasonal,rmse,9.15607732005079,10.064433391868604,17.338436686600943,8.182359366550154,497,1,166203
E1,E3,N2,co,12,seasonal,smape,17.192879837396887,21.036878180376657,26.80936783706668,9.616487999669786,497,1,166203
E1,E3,N2,co,12,seasonal,mase,1.65220474992197,1.79600697260624,2.770897442805587,1.118692692883617,497,1,166203
E1,E3,N2,co,12,seasonal,r2,-0.3934407423857853,-0.0896472004197239,0.0903453415842105,0.4837860839699959,497,1,166203
E2,E1,N0,co,1,lr,mae,0.1868090751937817,0.5132750513329827,3.573433493198481,3.386624418004699,735,0,254310
E2,E1,N0,co,1,lr,rmse,0.3348473754168337,1.2386920337157146,7.278182727858437,6.943335352441603,735,0,254310
E2,E1,N0,co,1,lr,smape,9.270706901934007,16.14111014646115,27.72091490890211,18.4502080069681,735,0,254310
E2,E1,N0,co,1,lr,mase,1.0726820155782604,1.3989409771917278,1.955115613941715,0.8824335983634546,735,0,254310
E2,E1,N0,co,1,lr,r2,-1.0589636287985769,-0.1046345117315519,0.7390477050601344,1.7980113338587111,730,5,254310
E2,E3,N0,co,1,lr,mae,4.114774279413335,4.368926280303651,4.605890583215,0.4911163038016646,497,1,171716
E2,E3,N0,co,1,lr,rmse,5.430693294797175,5.777104725029871,6.15908787458764,0.7283945797904652,497,1,171716
E2,E3,N0,co,1,lr,smape,9.357458602877935,10.935544796993945,12.643464450051376,3.2860058471734384,497,1,171716
E2,E3,N0,co,1,lr,mase,0.9438010331651144,0.9862780138154568,1.0464531065219884,0.1026520733568739,497,1,171716
E2,E3,N0,co,1,lr,r2,0.6268650996760253,0.6751474257469798,0.8546073502481,0.2277422505720746,497,1,171716
E2,E1,N0,co,1,rf,mae,0.1268954159370163,0.4311882180106519,3.305877601444898,3.178982185507882,735,0,254310
E2,E1,N0,co,1,rf,rmse,0.2492212091214505,1.0461318991517496,7.263089169880191,7.01386796075874,735,0,254310
E2,E1,N0,co,1,rf,smape,5.983478827112991,12.68686563452001,26.048759150790225,20.06528032367724,735,0,254310
E2,E1,N0,co,1,rf,mase,0.8401628493958464,1.0468690638978602,1.4351417381005642,0.5949788887047178,735,0,254310
E2,E1,N0,co,1,rf,r2,-0.0603406513239187,0.2510954442756088,0.7381817841440306,0.7985224354679493,730,5,254310
E2,E3,N0,co,1,rf,mae,4.167518947213038,4.388037373587233,4.581705101652282,0.4141861544392435,497,1,171716
E2,E3,N0,co,1,rf,rmse,5.573535917219335,5.865353854709138,6.198287269260993,0.6247513520416579,497,1,171716
E2,E3,N0,co,1,rf,smape,9.567107733159247,10.94312121389274,12.38851688706975,2.8214091539105013,497,1,171716
E2,E3,N0,co,1,rf,mase,0.9425035706866126,0.9966681875642692,1.0556930698217788,0.1131894991351661,497,1,171716
E2,E3,N0,co,1,rf,r2,0.6233212566459367,0.6712922884746972,0.8256390050648944,0.2023177484189576,497,1,171716
E2,E1,N0,co,1,ridge,mae,0.1868090601974558,0.5132750656642855,3.573433690066075,3.38662462986862,735,0,254310
E2,E1,N0,co,1,ridge,rmse,0.3348473777357724,1.2386920508895676,7.278182787040866,6.943335409305094,735,0,254310
E2,E1,N0,co,1,ridge,smape,9.270705831252265,16.141110517574567,27.720914676532136,18.45020884527987,735,0,254310
E2,E1,N0,co,1,ridge,mase,1.072682033529102,1.398941134776269,1.955115401359903,0.882433367830801,735,0,254310
E2,E1,N0,co,1,ridge,r2,-1.0589637015827615,-0.1046344793213531,0.7390477108118952,1.798011412394657,730,5,254310
E2,E3,N0,co,1,ridge,mae,4.114774356987491,4.368926299529394,4.605890725920435,0.4911163689329445,497,1,171716
E2,E3,N0,co,1,ridge,rmse,5.430693255341564,5.777104672816575,6.159087821064071,0.7283945657225068,497,1,171716
E2,E3,N0,co,1,ridge,smape,9.357458677524454,10.93554503464998,12.643464829998331,3.28600615247388,497,1,171716
E2,E3,N0,co,1,ridge,mase,0.9438010554694012,0.9862780270345186,1.046453138087908,0.1026520826185068,497,1,171716
E2,E3,N0,co,1,ridge,r2,0.6268651007011066,0.6751474301406797,0.854607345205698,0.2277422445045914,497,1,171716
E2,E1,N0,co,1,svr,mae,0.108963645038615,0.3423759592620925,3.2736669475170848,3.1647033024784696,735,0,254310
E2,E1,N0,co,1,svr,rmse,0.2280460511398244,0.982098796508554,7.271965096363919,7.043919045224095,735,0,254310
E2,E1,N0,co,1,svr,smape,5.299348508059791,10.845396690166876,21.548359875055525,16.249011366995735,735,0,254310
E2,E1,N0,co,1,svr,mase,0.7805243133973365,0.9793779803384536,1.397703109398068,0.6171787960007316,735,0,254310
E2,E1,N0,co,1,svr,r2,0.0068672724183051,0.3053408181867173,0.6870156211409555,0.6801483487226503,730,5,254310
E2,E3,N0,co,1,svr,mae,4.2386059017555215,4.442341484677047,4.647669202000917,0.4090633002453954,497,1,171716
E2,E3,N0,co,1,svr,rmse,5.627411946599383,5.924992979506444,6.331166774848793,0.7037548282494095,497,1,171716
E2,E3,N0,co,1,svr,smape,9.662977532610764,10.986443817730647,12.437201191898064,2.7742236592872995,497,1,171716
E2,E3,N0,co,1,svr,mase,0.9612813851144186,1.01233512378582,1.0674640782244638,0.1061826931100451,497,1,171716
E2,E3,N0,co,1,svr,r2,0.6245629296422421,0.6686591989727291,0.8284203007659674,0.2038573711237252,497,1,171716
E2,E1,N0,co,1,xgb,mae,0.1310071554338747,0.4401227638670934,3.519791917258834,3.388784761824959,735,0,254310
E2,E1,N0,co,1,xgb,rmse,0.2585684715241385,1.050180701031408,7.771381018605881,7.512812547081743,735,0,254310
E2,E1,N0,co,1,xgb,smape,6.598358140964411,12.92829470889964,28.75211163932454,22.15375349836013,735,0,254310
E2,E1,N0,co,1,xgb,mase,0.8911446113979149,1.1319119132102973,1.5288388640417168,0.6376942526438019,735,0,254310
E2,E1,N0,co,1,xgb,r2,-0.0787164310423209,0.2081238358215755,0.7302263409155619,0.8089427719578828,730,5,254310
E2,E3,N0,co,1,xgb,mae,4.277688589212979,4.522794827671041,4.702850551130842,0.4251619619178628,497,1,171716
E2,E3,N0,co,1,xgb,rmse,5.678165490668335,5.983699220546134,6.368538196048218,0.6903727053798825,497,1,171716
E2,E3,N0,co,1,xgb,smape,9.795196826728905,11.138195611434286,12.566950571807531,2.7717537450786267,497,1,171716
E2,E3,N0,co,1,xgb,mase,0.9684561372885228,1.027473078670358,1.0952681902508152,0.1268120529622924,497,1,171716
E2,E3,N0,co,1,xgb,r2,0.6119670145861154,0.66171625486184,0.8143587847912594,0.2023917702051441,497,1,171716
E2,E1,N0,co,1,ma6,mae,0.110393743486229,0.4007443343426002,4.325294751812093,4.214901008325864,735,0,254310
E2,E1,N0,co,1,ma6,rmse,0.2342440532346199,1.0593756825070897,12.27716946080728,12.04292540757266,735,0,254310
E2,E1,N0,co,1,ma6,smape,5.080183487710904,12.792172647779996,23.44566252959824,18.365479041887337,735,0,254310
E2,E1,N0,co,1,ma6,mase,0.8161106061726553,1.1439163792515932,1.811272267237495,0.9951616610648396,735,0,254310
E2,E1,N0,co,1,ma6,r2,-0.11542840513736,0.0906816401615057,0.5065483125814079,0.6219767177187678,730,5,254310
E2,E1,N0,co,1,naive,mae,0.1159842646114322,0.4077071290944123,1.9981007431874485,1.8821164785760165,735,0,254310
E2,E1,N0,co,1,naive,rmse,0.2991196434411375,1.1867281489127852,6.98023933330008,6.681119689858942,735,0,254310
E2,E1,N0,co,1,naive,smape,4.737638720587974,9.480351502730132,15.941727763949164,11.20408904336119,735,0,254310
E2,E1,N0,co,1,naive,mase,0.7611273607741588,0.9683267560062772,1.2175217031077912,0.4563943423336324,735,0,254310
E2,E1,N0,co,1,naive,r2,-0.5643474806658484,0.0494237047228964,0.7287466454839717,1.29309412614982,730,5,254310
E2,E1,N0,co,1,seasonal,mae,0.2045592694075353,0.5833608587943848,13.027043765483072,12.822484496075536,735,0,254310
E2,E1,N0,co,1,seasonal,rmse,0.3681948028878185,1.336240382691116,22.378146034020247,22.00995123113243,735,0,254310
E2,E1,N0,co,1,seasonal,smape,9.221408388845724,19.76821450443936,97.69083328553938,88.46942489669365,735,0,254310
E2,E1,N0,co,1,seasonal,mase,1.2075337213946034,1.9019713255591704,4.8032765112539,3.5957427898592966,735,0,254310
E2,E1,N0,co,1,seasonal,r2,-1.6981770534156468,-0.9853203627500172,-0.4650497128361379,1.233127340579509,730,5,254310
E2,E3,N0,co,1,ma6,mae,4.749803650062228,5.06576629737134,5.343694565525287,0.5938909154630592,497,1,171716
E2,E3,N0,co,1,ma6,rmse,6.347088849648669,6.772582280674524,7.410380823881188,1.063291974232519,497,1,171716
E2,E3,N0,co,1,ma6,smape,10.945167820801773,12.56061533204126,14.442267785000892,3.497099964199121,497,1,171716
E2,E3,N0,co,1,ma6,mase,1.0843291373453352,1.1560797778025578,1.2165569325330636,0.1322277951877284,497,1,171716
E2,E3,N0,co,1,ma6,r2,0.5068256340909038,0.5646748217687418,0.7573496260358685,0.2505239919449648,497,1,171716
E2,E3,N0,co,1,naive,mae,3.970035799527029,4.295534398772086,4.526510880294463,0.5564750807674339,497,1,171716
E2,E3,N0,co,1,naive,rmse,5.417410410733828,5.763078529762594,6.113433583437809,0.6960231727039812,497,1,171716
E2,E3,N0,co,1,naive,smape,9.139480528881624,10.731463976725072,12.387164482071196,3.247683953189572,497,1,171716
E2,E3,N0,co,1,naive,mase,0.9126073134974731,0.9642806844147828,1.021691351324008,0.1090840378265348,497,1,171716
E2,E3,N0,co,1,naive,r2,0.6282119314434735,0.6750786883674674,0.8600235834197678,0.2318116519762942,497,1,171716
E2,E3,N0,co,1,seasonal,mae,6.691305085813738,7.352796566082352,11.315531460221834,4.624226374408096,497,1,171716
E2,E3,N0,co,1,seasonal,rmse,8.557767920721663,9.506436876001723,17.868304950676293,9.31053702995463,497,1,171716
E2,E3,N0,co,1,seasonal,smape,16.266229986073665,19.97106637064108,25.9689168640858,9.702686878012134,497,1,171716
E2,E3,N0,co,1,seasonal,mase,1.5371925879826964,1.6722166388410462,2.6123318186736446,1.0751392306909482,497,1,171716
E2,E3,N0,co,1,seasonal,r2,-0.3861096255917426,0.0318498289358574,0.2113555269759308,0.5974651525676735,497,1,171716
E2,E1,N0,co,6,lr,mae,0.6386365885221024,0.9336867706178128,6.0958392732835485,5.457202684761446,735,0,250635
E2,E1,N0,co,6,lr,rmse,0.6814160325510477,1.356606928418501,14.204354503807242,13.522938471256191,735,0,250635
E2,E1,N0,co,6,lr,smape,28.806320816284234,40.24920272274696,55.94127207204242,27.13495125575819,735,0,250635
E2,E1,N0,co,6,lr,mase,2.391477655298458,3.655225753728263,6.6402654475104645,4.248787792212006,735,0,250635
E2,E1,N0,co,6,lr,r2,-6.1088806187122415,-0.6767565819024214,0.1412115794020928,6.250092198114334,730,5,250635
E2,E3,N0,co,6,lr,mae,5.485941172055146,5.863602842620924,6.813282570335621,1.327341398280475,497,1,169209
E2,E3,N0,co,6,lr,rmse,7.455883858342499,7.9304035793564465,9.545006106705676,2.089122248363177,497,1,169209
E2,E3,N0,co,6,lr,smape,13.151329907728384,14.840422071066328,17.177172753777615,4.02584284604923,497,1,169209
E2,E3,N0,co,6,lr,mase,1.25724529681385,1.3624459548836862,1.617618512695135,0.3603732158812849,497,1,169209
E2,E3,N0,co,6,lr,r2,0.3289043068044673,0.4064423389145358,0.5417842311278124,0.212879924323345,497,1,169209
E2,E1,N0,co,6,rf,mae,0.1894604612142988,0.6541719939687717,5.486601207225931,5.297140746011632,735,0,250635
E2,E1,N0,co,6,rf,rmse,0.3005547770298716,1.290806323159892,14.441672755048842,14.14111797801897,735,0,250635
E2,E1,N0,co,6,rf,smape,8.990819273193317,18.588685340983258,53.727459977996006,44.73664070480269,735,0,250635
E2,E1,N0,co,6,rf,mase,1.1461962704318347,1.7093950680281358,3.246632344366267,2.100436073934432,735,0,250635
E2,E1,N0,co,6,rf,r2,-0.2499859335832138,-0.0798025171945414,0.2620919462363563,0.5120778798195702,730,5,250635
E2,E3,N0,co,6,rf,mae,5.5270740387337485,5.890036028664047,7.057739394620901,1.5306653558871526,497,1,169209
E2,E3,N0,co,6,rf,rmse,7.399927726628183,7.834174251437206,10.551098848194185,3.151171121566,497,1,169209
E2,E3,N0,co,6,rf,smape,13.157770824653385,15.062439955853677,16.98269449281387,3.824923668160487,497,1,169209
E2,E3,N0,co,6,rf,mase,1.2510531507608469,1.3717788368997503,1.6277880665727271,0.3767349158118807,497,1,169209
E2,E3,N0,co,6,rf,r2,0.3364916233224161,0.415286305101223,0.5083927954320251,0.1719011721096089,497,1,169209
E2,E1,N0,co,6,ridge,mae,0.6386365729245165,0.9336867512177152,6.095838872456399,5.4572022995318825,735,0,250635
E2,E1,N0,co,6,ridge,rmse,0.6814160037879406,1.3566067468407794,14.204353562355813,13.52293755856787,735,0,250635
E2,E1,N0,co,6,ridge,smape,28.806320843481178,40.24920363476712,55.941272372058535,27.13495152857736,735,0,250635
E2,E1,N0,co,6,ridge,mase,2.3914776333385173,3.655225790305455,6.640265409995914,4.248787776657396,735,0,250635
E2,E1,N0,co,6,ridge,r2,-6.10888022301329,-0.6767562681623914,0.1412116564270259,6.250091879440316,730,5,250635
E2,E3,N0,co,6,ridge,mae,5.485940610409718,5.863603060258954,6.813282540682836,1.3273419302731186,497,1,169209
E2,E3,N0,co,6,ridge,rmse,7.45588358001908,7.930403375305667,9.545005587092,2.089122007072921,497,1,169209
E2,E3,N0,co,6,ridge,smape,13.151329468369374,14.840421296806202,17.177171969223227,4.025842500853853,497,1,169209
E2,E3,N0,co,6,ridge,mase,1.2572451516923535,1.3624459011715246,1.61761834564839,0.3603731939560362,497,1,169209
E2,E3,N0,co,6,ridge,r2,0.3289044573833223,0.4064423843690031,0.5417842435727385,0.2128797861894161,497,1,169209
E2,E1,N0,co,6,svr,mae,0.1140276537609934,0.3788572630556052,5.445795902794156,5.331768249033162,735,0,250635
E2,E1,N0,co,6,svr,rmse,0.2251595223603136,1.0356503078811792,14.165908005597764,13.940748483237453,735,0,250635
E2,E1,N0,co,6,svr,smape,5.952864203961342,11.9748155438764,34.27918845962974,28.3263242556684,735,0,250635
E2,E1,N0,co,6,svr,mase,0.862140843632851,1.2704309588001848,2.50641571639584,1.644274872762989,735,0,250635
E2,E1,N0,co,6,svr,r2,-0.0697532552778079,0.0670780786614233,0.3776600307494422,0.4474132860272502,730,5,250635
E2,E3,N0,co,6,svr,mae,5.662965588639526,6.093271115907268,6.684602766154231,1.0216371775147044,497,1,169209
E2,E3,N0,co,6,svr,rmse,7.568617486788169,8.112565570957052,9.362463573406442,1.7938460866182735,497,1,169209
E2,E3,N0,co,6,svr,smape,13.24707051545163,15.106942981815925,17.50844047346051,4.26136995800888,497,1,169209
E2,E3,N0,co,6,svr,mase,1.3020321679544158,1.4065961499559865,1.5403825789305023,0.2383504109760865,497,1,169209
E2,E3,N0,co,6,svr,r2,0.300478904895524,0.3868787468560998,0.5508955384771375,0.2504166335816135,497,1,169209
E2,E1,N0,co,6,xgb,mae,0.2022393906045074,0.6449601151838451,5.750987982297023,5.548748591692515,735,0,250635
E2,E1,N0,co,6,xgb,rmse,0.333677491408849,1.2920754329172448,14.703691003430713,14.370013512021863,735,0,250635
E2,E1,N0,co,6,xgb,smape,9.25234130480575,19.48786433911799,56.85295652014675,47.600615215340994,735,0,250635
E2,E1,N0,co,6,xgb,mase,1.169049133213167,1.811816800321443,3.1630269396389146,1.993977806425748,735,0,250635
E2,E1,N0,co,6,xgb,r2,-0.3162257951741771,-0.1005902699402214,0.2563248193001302,0.5725506144743073,730,5,250635
E2,E3,N0,co,6,xgb,mae,5.636618590165971,6.012459323243364,6.697268251418439,1.0606496612524683,497,1,169209
E2,E3,N0,co,6,xgb,rmse,7.477582256688335,7.919910987094592,9.807009222550482,2.3294269658621465,497,1,169209
E2,E3,N0,co,6,xgb,smape,13.135427780793531,14.76597645242672,17.023998951393597,3.888571170600065,497,1,169209
E2,E3,N0,co,6,xgb,mase,1.2697714824066677,1.385481351854526,1.5499134048441354,0.2801419224374677,497,1,169209
E2,E3,N0,co,6,xgb,r2,0.3284430385412964,0.4109999454493366,0.5466880428292145,0.218245004287918,497,1,169209
E2,E1,N0,co,6,ma6,mae,0.118189964157706,0.4262870641902899,5.698110133594005,5.579920169436299,735,0,250635
E2,E1,N0,co,6,ma6,rmse,0.2405353427314345,1.0908746132755782,16.761858251770718,16.521322909039284,735,0,250635
E2,E1,N0,co,6,ma6,smape,5.975263340565673,13.760307210071554,32.391318089294856,26.41605474872918,735,0,250635
E2,E1,N0,co,6,ma6,mase,0.8569837050647096,1.3306880131911905,2.4526716409744767,1.595687935909767,735,0,250635
E2,E1,N0,co,6,ma6,r2,-0.188417554339607,-0.0184523376154641,0.3341042219178702,0.5225217762574772,730,5,250635
E2,E1,N0,co,6,naive,mae,0.1217986314760508,0.4660801564027368,5.168768328445748,5.046969696969697,735,0,250635
E2,E1,N0,co,6,naive,rmse,0.3050760139804112,1.351812073155363,14.837693368810047,14.532617354829636,735,0,250635
E2,E1,N0,co,6,naive,smape,5.863030040759953,12.383935169080653,25.40685435230823,19.54382431154828,735,0,250635
E2,E1,N0,co,6,naive,mase,0.9419586151092708,1.365781794303431,2.245541876913572,1.3035832618043006,735,0,250635
E2,E1,N0,co,6,naive,r2,-0.9037456588447704,-0.445702519016671,0.2664497217689465,1.170195380613717,730,5,250635
E2,E1,N0,co,6,seasonal,mae,0.1989491691104594,0.6005301150462441,13.490272473941827,13.29132330483137,735,0,250635
E2,E1,N0,co,6,seasonal,rmse,0.367504629688224,1.315610462690445,23.4353781004644,23.06787347077617,735,0,250635
E2,E1,N0,co,6,seasonal,smape,9.05140909640785,20.662545515852685,97.34895650608544,88.29754740967759,735,0,250635
E2,E1,N0,co,6,seasonal,mase,1.2062391018080958,2.020987061748379,4.937843702599956,3.73160460079186,735,0,250635
E2,E1,N0,co,6,seasonal,r2,-1.732513177161865,-1.030169132341181,-0.5047572009122452,1.2277559762496195,730,5,250635
E2,E3,N0,co,6,ma6,mae,5.4812972212261855,5.908679851405509,6.384683759036873,0.9033865378106878,497,1,169209
E2,E3,N0,co,6,ma6,rmse,7.26243755726358,7.851596735704417,9.204468858349063,1.9420313010854828,497,1,169209
E2,E3,N0,co,6,ma6,smape,12.49783881924162,14.517608269728196,16.83996098122448,4.342122161982859,497,1,169209
E2,E3,N0,co,6,ma6,mase,1.2526205994525772,1.3534966856096435,1.4627846208211637,0.2101640213685864,497,1,169209
E2,E3,N0,co,6,ma6,r2,0.347081900291284,0.4289665463293419,0.568991822050126,0.2219099217588419,497,1,169209
E2,E3,N0,co,6,naive,mae,6.09421915480338,6.508720663903487,6.882027785455243,0.7878086306518632,497,1,169209
E2,E3,N0,co,6,naive,rmse,8.160487858478517,8.769037575571055,9.573329038042552,1.412841179564035,497,1,169209
E2,E3,N0,co,6,naive,smape,13.934352049443111,15.942816991101257,18.34479586590525,4.410443816462138,497,1,169209
E2,E3,N0,co,6,naive,mase,1.3815355835305874,1.4844202205694677,1.5774947438434206,0.1959591603128332,497,1,169209
E2,E3,N0,co,6,naive,r2,0.1895962572334864,0.2855839298578277,0.5936796121223067,0.4040833548888203,497,1,169209
E2,E3,N0,co,6,seasonal,mae,7.024329594225878,7.764345332953728,11.671995187269554,4.647665593043675,497,1,169209
E2,E3,N0,co,6,seasonal,rmse,8.865107120010862,9.862350790804824,17.902632271175264,9.037525151164402,497,1,169209
E2,E3,N0,co,6,seasonal,smape,16.902860686812616,21.089289288175564,27.11602446748972,10.213163780677103,497,1,169209
E2,E3,N0,co,6,seasonal,mase,1.6260141826412449,1.747159670533888,2.778717298373658,1.1527031157324132,497,1,169209
E2,E3,N0,co,6,seasonal,r2,-0.4029470328288373,-0.0176332393607621,0.1615029953915355,0.5644500282203729,497,1,169209
E2,E1,N0,co,12,lr,mae,1.0372729823334406,1.2949032038385662,8.19370209616578,7.156429113832338,735,0,246225
E2,E1,N0,co,12,lr,rmse,1.0892602749380638,1.5965979573393954,16.342359843424795,15.253099568486732,735,0,246225
E2,E1,N0,co,12,lr,smape,41.85527133139828,54.9049914182381,68.73693961523283,26.88166828383455,735,0,246225
E2,E1,N0,co,12,lr,mase,2.9458410511605067,5.303272445575787,10.314889933420249,7.36904888225974,735,0,246225
E2,E1,N0,co,12,lr,r2,-16.630909223536893,-1.2554917321611834,0.0081735208789124,16.639082744415806,730,5,246225
E2,E3,N0,co,12,lr,mae,6.123323440797088,6.590042124316434,8.187144575889832,2.063821135092744,497,1,166203
E2,E3,N0,co,12,lr,rmse,8.303850699420757,8.889648234380932,11.20679904235272,2.9029483429319622,497,1,166203
E2,E3,N0,co,12,lr,smape,14.633901192457888,17.023893600719127,20.381152918635834,5.7472517261779466,497,1,166203
E2,E3,N0,co,12,lr,mase,1.4084299815451706,1.5281123493095217,2.0175567406154618,0.6091267590702911,497,1,166203
E2,E3,N0,co,12,lr,r2,0.1626006548062263,0.2478914997015084,0.3235484127478146,0.1609477579415883,497,1,166203
E2,E1,N0,co,12,rf,mae,0.226004323267725,0.6784341346601709,7.585947055283292,7.359942732015567,735,0,246225
E2,E1,N0,co,12,rf,rmse,0.325049694801879,1.3816238779329848,16.99987140236282,16.67482170756094,735,0,246225
E2,E1,N0,co,12,rf,smape,10.561700689536622,21.9850795477202,63.51314470794023,52.951444018403606,735,0,246225
E2,E1,N0,co,12,rf,mase,1.2654921295297314,2.0238544452654645,4.235541388138822,2.9700492586090905,735,0,246225
E2,E1,N0,co,12,rf,r2,-0.4495960342935532,-0.1539858218990315,0.0683882727334371,0.5179843070269905,730,5,246225
E2,E3,N0,co,12,rf,mae,6.191047938263698,6.640651115316835,8.074291270343465,1.883243332079768,497,1,166203
E2,E3,N0,co,12,rf,rmse,8.2667071208705,8.742438530550439,11.334287184331965,3.067580063461465,497,1,166203
E2,E3,N0,co,12,rf,smape,14.62332729958009,16.8199437348248,19.76349857105,5.140171271469907,497,1,166203
E2,E3,N0,co,12,rf,mase,1.401350005693786,1.542369612177518,1.962244133687988,0.5608941279942019,497,1,166203
E2,E3,N0,co,12,rf,r2,0.1759682473893326,0.2727025229481076,0.3442279167163005,0.1682596693269679,497,1,166203
E2,E1,N0,co,12,ridge,mae,1.037273115744879,1.2949032379947287,8.19370242611071,7.15642931036583,735,0,246225
E2,E1,N0,co,12,ridge,rmse,1.08926043851602,1.5965978344320484,16.34235951505653,15.25309907654051,735,0,246225
E2,E1,N0,co,12,ridge,smape,41.8552771716089,54.904997421083245,68.73694199169225,26.881664820083344,735,0,246225
E2,E1,N0,co,12,ridge,mase,2.945841147400491,5.303272685065012,10.314889877849843,7.369048730449354,735,0,246225
E2,E1,N0,co,12,ridge,r2,-16.630913064656067,-1.2554915361705643,0.0081736172779338,16.639086681934,730,5,246225
E2,E3,N0,co,12,ridge,mae,6.123323913131599,6.590042025388958,8.187144833484775,2.063820920353176,497,1,166203
E2,E3,N0,co,12,ridge,rmse,8.303851368771182,8.889648573415553,11.206798767847603,2.902947399076421,497,1,166203
E2,E3,N0,co,12,ridge,smape,14.633901646429829,17.023893741492998,20.381152422356426,5.747250775926597,497,1,166203
E2,E3,N0,co,12,ridge,mase,1.4084300061226758,1.5281123080062575,2.0175568552567134,0.6091268491340376,497,1,166203
E2,E3,N0,co,12,ridge,r2,0.1626006690881534,0.2478914071337161,0.3235483305820247,0.1609476614938713,497,1,166203
E2,E1,N0,co,12,svr,mae,0.118241711528581,0.402192642779224,6.92386216056552,6.8056204490369385,735,0,246225
E2,E1,N0,co,12,svr,rmse,0.2342271260131949,1.0310479235102776,16.625738445827892,16.391511319814697,735,0,246225
E2,E1,N0,co,12,svr,smape,6.357299891377934,12.825300231571848,43.890691674594656,37.53339178321672,735,0,246225
E2,E1,N0,co,12,svr,mase,0.9107259376244126,1.354238345487398,2.938062477890039,2.0273365402656265,735,0,246225
E2,E1,N0,co,12,svr,r2,-0.1014396343605495,0.0114292005703253,0.2477454216139353,0.3491850559744849,730,5,246225
E2,E3,N0,co,12,svr,mae,6.104207157976708,6.656156358706236,7.506751021136112,1.402543863159404,497,1,166203
E2,E3,N0,co,12,svr,rmse,8.069767696730926,8.732416331134713,10.648589494951771,2.5788217982208472,497,1,166203
E2,E3,N0,co,12,svr,smape,14.1254178650102,16.19785747201683,19.66653045963909,5.54111259462889,497,1,166203
E2,E3,N0,co,12,svr,mase,1.405594097326318,1.5175306244507685,1.738980609439338,0.3333865121130202,497,1,166203
E2,E3,N0,co,12,svr,r2,0.1967723389426188,0.2883111059606579,0.3977505657400311,0.2009782267974122,497,1,166203
E2,E1,N0,co,12,xgb,mae,0.2387789956155444,0.6719645905969155,7.1012914952041335,6.862512499588589,735,0,246225
E2,E1,N0,co,12,xgb,rmse,0.3769835373856917,1.3254467311564062,15.767810995078264,15.390827457692572,735,0,246225
E2,E1,N0,co,12,xgb,smape,10.566988173569008,21.37308612077037,64.70600122021168,54.13901304664267,735,0,246225
E2,E1,N0,co,12,xgb,mase,1.3123092036440247,2.115616290728762,4.150387489701073,2.838078286057048,735,0,246225
E2,E1,N0,co,12,xgb,r2,-0.6453026107881663,-0.2015046054042315,0.1126708488353216,0.7579734596234879,730,5,246225
E2,E3,N0,co,12,xgb,mae,6.348417414992577,6.842108278154385,8.141338503564787,1.7929210885722109,497,1,166203
E2,E3,N0,co,12,xgb,rmse,8.417966031653787,8.932361179219848,11.498580869076209,3.08061483742242,497,1,166203
E2,E3,N0,co,12,xgb,smape,15.19075347654557,17.057150186736276,19.826060487700108,4.635307011154538,497,1,166203
E2,E3,N0,co,12,xgb,mase,1.4496864811942891,1.5869150053442762,1.923650204352222,0.473963723157933,497,1,166203
E2,E3,N0,co,12,xgb,r2,0.1504929199520212,0.2541302781797387,0.3609537576245984,0.2104608376725772,497,1,166203
E2,E1,N0,co,12,ma6,mae,0.1347558473864444,0.4558156188753204,7.014531919158785,6.879776071772341,735,0,246225
E2,E1,N0,co,12,ma6,rmse,0.25931130352537,1.111426364895347,18.408990122321168,18.1496788187958,735,0,246225
E2,E1,N0,co,12,ma6,smape,6.535508924229029,14.520183317041008,40.84452363809564,34.30901471386661,735,0,246225
E2,E1,N0,co,12,ma6,mase,0.9561140462782468,1.3962930465551435,2.814811180505779,1.858697134227532,735,0,246225
E2,E1,N0,co,12,ma6,r2,-0.2389956269409342,-0.132743141242109,0.1506119610582942,0.3896075879992284,730,5,246225
E2,E1,N0,co,12,naive,mae,0.1028358208955224,0.4493532338308457,6.719764812302126,6.616928991406604,735,0,246225
E2,E1,N0,co,12,naive,rmse,0.2839079742425555,1.3775528088946472,17.873999694673202,17.590091720430646,735,0,246225
E2,E1,N0,co,12,naive,smape,4.775572239312652,11.545993866828844,35.26282099276322,30.487248753450565,735,0,246225
E2,E1,N0,co,12,naive,mase,0.7980182576452111,1.3996912177458785,2.695994217063193,1.897975959417982,735,0,246225
E2,E1,N0,co,12,naive,r2,-0.8623637726485143,-0.3643508899119527,0.2025560091190408,1.064919781767555,730,5,246225
E2,E1,N0,co,12,seasonal,mae,0.1804145936981758,0.5817812722103767,13.306924307036248,13.126509713338072,735,0,246225
E2,E1,N0,co,12,seasonal,rmse,0.3557874103916361,1.3108755445123932,23.28632562955037,22.93053821915873,735,0,246225
E2,E1,N0,co,12,seasonal,smape,7.971153513866833,20.01790560928047,92.38389596034608,84.41274244647924,735,0,246225
E2,E1,N0,co,12,seasonal,mase,1.1193873169679345,1.9214194378612843,5.017434115569048,3.898046798601114,735,0,246225
E2,E1,N0,co,12,seasonal,r2,-1.6598809831819283,-0.8908985499526633,-0.3793112570197209,1.280569726162207,730,5,246225
E2,E3,N0,co,12,ma6,mae,6.314665400220645,6.821390907131799,7.635122457111312,1.3204570568906675,497,1,166203
E2,E3,N0,co,12,ma6,rmse,8.203507676399992,8.87129606671091,11.03946087646361,2.835953200063617,497,1,166203
E2,E3,N0,co,12,ma6,smape,14.523016442185408,16.714469928423885,19.803672480511192,5.280656038325786,497,1,166203
E2,E3,N0,co,12,ma6,mase,1.4465546633389994,1.582640904237436,1.7707403359745515,0.3241856726355521,497,1,166203
E2,E3,N0,co,12,ma6,r2,0.1730614207075862,0.2720472191994195,0.3889665263801701,0.2159051056725839,497,1,166203
E2,E3,N0,co,12,naive,mae,6.511001105701592,7.027038242901766,7.636535104151676,1.1255339984500845,497,1,166203
E2,E3,N0,co,12,naive,rmse,8.748969290108352,9.403386450492176,10.932976659384805,2.1840073692764506,497,1,166203
E2,E3,N0,co,12,naive,smape,15.029792644330964,17.055551682784838,20.01504575704251,4.985253112711547,497,1,166203
E2,E3,N0,co,12,naive,mase,1.497877857176389,1.6167033967689304,1.764409564970831,0.2665317077944416,497,1,166203
E2,E3,N0,co,12,naive,r2,0.064003949057069,0.1776023727654847,0.3921428034341919,0.3281388543771228,497,1,166203
E2,E3,N0,co,12,seasonal,mae,7.172804194680674,7.87776164648527,11.632942051562742,4.460137856882067,497,1,166203
E2,E3,N0,co,12,seasonal,rmse,9.15607732005079,10.064433391868604,17.338436686600943,8.182359366550154,497,1,166203
E2,E3,N0,co,12,seasonal,smape,17.192879837396887,21.036878180376657,26.80936783706668,9.616487999669786,497,1,166203
E2,E3,N0,co,12,seasonal,mase,1.65220474992197,1.79600697260624,2.770897442805587,1.118692692883617,497,1,166203
E2,E3,N0,co,12,seasonal,r2,-0.3934407423857853,-0.0896472004197239,0.0903453415842105,0.4837860839699959,497,1,166203
E2,E1,N1,co,1,lr,mae,0.1106195993178372,0.420156039561301,4.624172743708758,4.513553144390921,735,0,254310
E2,E1,N1,co,1,lr,rmse,0.2351377763526413,1.0056500922989895,9.711082206336034,9.475944429983391,735,0,254310
E2,E1,N1,co,1,lr,smape,5.002439438426631,13.539404781448228,49.581081157555744,44.57864171912911,735,0,254310
E2,E1,N1,co,1,lr,mase,0.790473857293547,1.1419584171580544,1.809299547320345,1.018825690026798,735,0,254310
E2,E1,N1,co,1,lr,r2,0.0228380490797432,0.2936088478679562,0.6473803535913156,0.6245423045115723,730,5,254310
E2,E3,N1,co,1,lr,mae,4.070450954471141,4.313039851385895,4.63211558864775,0.5616646341766085,497,1,171716
E2,E3,N1,co,1,lr,rmse,5.312190709540717,5.652684861614383,6.253071495688986,0.9408807861482692,497,1,171716
E2,E3,N1,co,1,lr,smape,9.312751189121784,10.683780462242463,12.615057195904386,3.302306006782601,497,1,171716
E2,E3,N1,co,1,lr,mase,0.923030283668291,0.985058421565029,1.0515240673550927,0.1284937836868017,497,1,171716
E2,E3,N1,co,1,lr,r2,0.6608404050021903,0.6963084201285994,0.8273259263831325,0.1664855213809422,497,1,171716
E2,E1,N1,co,1,rf,mae,0.1078534227376741,0.3763492290639106,3.4360556476696926,3.3282022249320184,735,0,254310
E2,E1,N1,co,1,rf,rmse,0.2312414815954568,0.971342246552716,7.800777572896909,7.569536091301452,735,0,254310
E2,E1,N1,co,1,rf,smape,4.898970804874759,12.223845152199814,37.596951131488886,32.69798032661413,735,0,254310
E2,E1,N1,co,1,rf,mase,0.7597247798006161,0.9984334244274974,1.396988764503122,0.6372639847025059,735,0,254310
E2,E1,N1,co,1,rf,r2,0.0383972488783509,0.3444038140734088,0.6975185101585183,0.6591212612801673,730,5,254310
E2,E3,N1,co,1,rf,mae,4.114563852215203,4.3594425166809225,4.595057460947528,0.480493608732325,497,1,171716
E2,E3,N1,co,1,rf,rmse,5.386792048877019,5.689125881681412,6.11802056360014,0.7312285147231208,497,1,171716
E2,E3,N1,co,1,rf,smape,9.423820677959569,10.82674119362962,12.783562374298691,3.3597416963391264,497,1,171716
E2,E3,N1,co,1,rf,mase,0.936288218331766,0.9843623470192242,1.0380550723482962,0.10176685401653,497,1,171716
E2,E3,N1,co,1,rf,r2,0.6421959276479472,0.688833135195448,0.8436915913113809,0.2014956636634337,497,1,171716
E2,E1,N1,co,1,ridge,mae,0.1106196000230638,0.4201560409347417,4.624172796742966,4.513553196719903,735,0,254310
E2,E1,N1,co,1,ridge,rmse,0.2351377751477896,1.005650084280185,9.71108213874736,9.475944363599572,735,0,254310
E2,E1,N1,co,1,ridge,smape,5.002439484406609,13.53940454194335,49.58108157323811,44.5786420888315,735,0,254310
E2,E1,N1,co,1,ridge,mase,0.7904738463714763,1.141958398156625,1.809299593301665,1.0188257469301885,735,0,254310
E2,E1,N1,co,1,ridge,r2,0.0228380559072022,0.2936088114472133,0.6473803543612091,0.6245422984540069,730,5,254310
E2,E3,N1,co,1,ridge,mae,4.070451015252863,4.3130398285169,4.632115626621732,0.5616646113688688,497,1,171716
E2,E3,N1,co,1,ridge,rmse,5.312190710495954,5.652684922551354,6.2530715731594215,0.9408808626634676,497,1,171716
E2,E3,N1,co,1,ridge,smape,9.312751340034923,10.683780531061734,12.6150572648554,3.3023059248204767,497,1,171716
E2,E3,N1,co,1,ridge,mase,0.9230302896348858,0.9850584350266708,1.0515240819509426,0.1284937923160568,497,1,171716
E2,E3,N1,co,1,ridge,r2,0.6608404092770749,0.6963084198381335,0.8273259226462233,0.1664855133691484,497,1,171716
E2,E1,N1,co,1,svr,mae,0.1099798874975738,0.3934682820832578,4.25421559627539,4.144235708777816,735,0,254310
E2,E1,N1,co,1,svr,rmse,0.2361153805581328,1.0199563053128358,10.191860142082994,9.955744761524862,735,0,254310
E2,E1,N1,co,1,svr,smape,5.003133865045119,12.491799175152146,46.02210656527486,41.01897270022974,735,0,254310
E2,E1,N1,co,1,svr,mase,0.7628706769209034,1.105348236540724,1.615261584288092,0.8523909073671886,735,0,254310
E2,E1,N1,co,1,svr,r2,-0.0016248572203453,0.2413525591881617,0.6091794012252797,0.610804258445625,730,5,254310
E2,E3,N1,co,1,svr,mae,4.209141522117077,4.474575172258153,4.84273946697675,0.6335979448596722,497,1,171716
E2,E3,N1,co,1,svr,rmse,5.5637277046265945,5.938686698873456,6.621701872625234,1.0579741679986396,497,1,171716
E2,E3,N1,co,1,svr,smape,9.659325456603916,11.079159893469694,13.186643811327508,3.527318354723592,497,1,171716
E2,E3,N1,co,1,svr,mase,0.95780632047723,1.0201713642284205,1.1079891430228868,0.1501828225456567,497,1,171716
E2,E3,N1,co,1,svr,r2,0.6205702272922397,0.6632108279168474,0.7465358026771312,0.1259655753848915,497,1,171716
E2,E1,N1,co,1,xgb,mae,0.1103414621752197,0.3750094846233437,3.502842215154061,3.392500752978841,735,0,254310
E2,E1,N1,co,1,xgb,rmse,0.2362203419116363,0.9779469775302708,8.366861466118891,8.130641124207255,735,0,254310
E2,E1,N1,co,1,xgb,smape,4.82566729640522,12.298623561051691,37.27366750111942,32.4480002047142,735,0,254310
E2,E1,N1,co,1,xgb,mase,0.7683209448703745,1.0052144129358485,1.3942850091216084,0.6259640642512339,735,0,254310
E2,E1,N1,co,1,xgb,r2,0.0461704399489578,0.3451350705340184,0.7074041767970072,0.6612337368480493,730,5,254310
E2,E3,N1,co,1,xgb,mae,4.12888147770155,4.359151688104549,4.60963353835511,0.4807520606535602,497,1,171716
E2,E3,N1,co,1,xgb,rmse,5.365053394815729,5.67347152651364,6.127912760268558,0.7628593654528286,497,1,171716
E2,E3,N1,co,1,xgb,smape,9.423984126948987,10.80464903459646,12.80760754737202,3.3836234204230315,497,1,171716
E2,E3,N1,co,1,xgb,mase,0.9378779342744696,0.9832676417512144,1.0440480937642742,0.1061701594898044,497,1,171716
E2,E3,N1,co,1,xgb,r2,0.6488649736514744,0.6899665503720405,0.8344398466922469,0.1855748730407724,497,1,171716
E2,E1,N1,co,1,ma6,mae,0.110393743486229,0.4007443343426002,4.325294751812093,4.214901008325864,735,0,254310
E2,E1,N1,co,1,ma6,rmse,0.2342440532346199,1.0593756825070897,12.27716946080728,12.04292540757266,735,0,254310
E2,E1,N1,co,1,ma6,smape,5.080183487710904,12.792172647779996,23.44566252959824,18.365479041887337,735,0,254310
E2,E1,N1,co,1,ma6,mase,0.8161106061726553,1.1439163792515932,1.811272267237495,0.9951616610648396,735,0,254310
E2,E1,N1,co,1,ma6,r2,-0.11542840513736,0.0906816401615057,0.5065483125814079,0.6219767177187678,730,5,254310
E2,E1,N1,co,1,naive,mae,0.1159842646114322,0.4077071290944123,1.9981007431874485,1.8821164785760165,735,0,254310
E2,E1,N1,co,1,naive,rmse,0.2991196434411375,1.1867281489127852,6.98023933330008,6.681119689858942,735,0,254310
E2,E1,N1,co,1,naive,smape,4.737638720587974,9.480351502730132,15.941727763949164,11.20408904336119,735,0,254310
E2,E1,N1,co,1,naive,mase,0.7611273607741588,0.9683267560062772,1.2175217031077912,0.4563943423336324,735,0,254310
E2,E1,N1,co,1,naive,r2,-0.5643474806658484,0.0494237047228964,0.7287466454839717,1.29309412614982,730,5,254310
E2,E1,N1,co,1,seasonal,mae,0.2045592694075353,0.5833608587943848,13.027043765483072,12.822484496075536,735,0,254310
E2,E1,N1,co,1,seasonal,rmse,0.3681948028878185,1.336240382691116,22.378146034020247,22.00995123113243,735,0,254310
E2,E1,N1,co,1,seasonal,smape,9.221408388845724,19.76821450443936,97.69083328553938,88.46942489669365,735,0,254310
E2,E1,N1,co,1,seasonal,mase,1.2075337213946034,1.9019713255591704,4.8032765112539,3.5957427898592966,735,0,254310
E2,E1,N1,co,1,seasonal,r2,-1.6981770534156468,-0.9853203627500172,-0.4650497128361379,1.233127340579509,730,5,254310
E2,E3,N1,co,1,ma6,mae,4.749803650062228,5.06576629737134,5.343694565525287,0.5938909154630592,497,1,171716
E2,E3,N1,co,1,ma6,rmse,6.347088849648669,6.772582280674524,7.410380823881188,1.063291974232519,497,1,171716
E2,E3,N1,co,1,ma6,smape,10.945167820801773,12.56061533204126,14.442267785000892,3.497099964199121,497,1,171716
E2,E3,N1,co,1,ma6,mase,1.0843291373453352,1.1560797778025578,1.2165569325330636,0.1322277951877284,497,1,171716
E2,E3,N1,co,1,ma6,r2,0.5068256340909038,0.5646748217687418,0.7573496260358685,0.2505239919449648,497,1,171716
E2,E3,N1,co,1,naive,mae,3.970035799527029,4.295534398772086,4.526510880294463,0.5564750807674339,497,1,171716
E2,E3,N1,co,1,naive,rmse,5.417410410733828,5.763078529762594,6.113433583437809,0.6960231727039812,497,1,171716
E2,E3,N1,co,1,naive,smape,9.139480528881624,10.731463976725072,12.387164482071196,3.247683953189572,497,1,171716
E2,E3,N1,co,1,naive,mase,0.9126073134974731,0.9642806844147828,1.021691351324008,0.1090840378265348,497,1,171716
E2,E3,N1,co,1,naive,r2,0.6282119314434735,0.6750786883674674,0.8600235834197678,0.2318116519762942,497,1,171716
E2,E3,N1,co,1,seasonal,mae,6.691305085813738,7.352796566082352,11.315531460221834,4.624226374408096,497,1,171716
E2,E3,N1,co,1,seasonal,rmse,8.557767920721663,9.506436876001723,17.868304950676293,9.31053702995463,497,1,171716
E2,E3,N1,co,1,seasonal,smape,16.266229986073665,19.97106637064108,25.9689168640858,9.702686878012134,497,1,171716
E2,E3,N1,co,1,seasonal,mase,1.5371925879826964,1.6722166388410462,2.6123318186736446,1.0751392306909482,497,1,171716
E2,E3,N1,co,1,seasonal,r2,-0.3861096255917426,0.0318498289358574,0.2113555269759308,0.5974651525676735,497,1,171716
E2,E1,N1,co,6,lr,mae,0.1237695182551125,0.4668983398245321,7.254017867500627,7.130248349245514,735,0,250635
E2,E1,N1,co,6,lr,rmse,0.2422868434161953,1.0478334796707005,14.498882779805992,14.256595936389797,735,0,250635
E2,E1,N1,co,6,lr,smape,6.535233243901564,15.305375255848997,64.57970092623756,58.044467682336,735,0,250635
E2,E1,N1,co,6,lr,mase,0.8968504507022799,1.3881046974738698,3.0236009955623224,2.126750544860043,735,0,250635
E2,E1,N1,co,6,lr,r2,-0.0523114465472463,0.085508418448032,0.3724693255332645,0.4247807720805108,730,5,250635
E2,E3,N1,co,6,lr,mae,5.352862710881549,5.728512235814833,6.760624835128242,1.407762124246693,497,1,169209
E2,E3,N1,co,6,lr,rmse,7.072940387509777,7.591448748711849,9.485944950046433,2.4130045625366554,497,1,169209
E2,E3,N1,co,6,lr,smape,12.50537151286018,14.464199264687782,17.050881933969837,4.545510421109656,497,1,169209
E2,E3,N1,co,6,lr,mase,1.2162354238054824,1.3189622278835276,1.5961657426872549,0.3799303188817724,497,1,169209
E2,E3,N1,co,6,lr,r2,0.3956624524563427,0.4619898692624766,0.5526606551188764,0.1569982026625337,497,1,169209
E2,E1,N1,co,6,rf,mae,0.1190232445360137,0.4499445822644948,7.224677221299789,7.105653976763775,735,0,250635
E2,E1,N1,co,6,rf,rmse,0.2432454238399399,1.0593052248034047,15.064658047455795,14.821412623615856,735,0,250635
E2,E1,N1,co,6,rf,smape,6.036941255970059,14.395542593277158,61.65314608609188,55.61620483012182,735,0,250635
E2,E1,N1,co,6,rf,mase,0.8101168779406296,1.3257752874265214,3.027546871311488,2.2174299933708586,735,0,250635
E2,E1,N1,co,6,rf,r2,-0.0415013509760499,0.1004974119164696,0.3861268700859636,0.4276282210620135,730,5,250635
E2,E3,N1,co,6,rf,mae,5.459853851684769,5.914081422437678,6.622095340367021,1.162241488682252,497,1,169209
E2,E3,N1,co,6,rf,rmse,7.2788412440203265,7.800271998022893,9.215836428380106,1.93699518435978,497,1,169209
E2,E3,N1,co,6,rf,smape,12.72753207636113,14.696694889809372,17.35377162079784,4.626239544436709,497,1,169209
E2,E3,N1,co,6,rf,mase,1.2502494204604442,1.3483090157831028,1.5439603500720065,0.2937109296115623,497,1,169209
E2,E3,N1,co,6,rf,r2,0.3587307821824624,0.4313538988305017,0.5313222504608495,0.172591468278387,497,1,169209
E2,E1,N1,co,6,ridge,mae,0.1237695175764161,0.4668983359709524,7.254017926135072,7.130248408558656,735,0,250635
E2,E1,N1,co,6,ridge,rmse,0.242286843647332,1.0478334804473923,14.498882671106571,14.25659582745924,735,0,250635
E2,E1,N1,co,6,ridge,smape,6.535233203513646,15.305375422111693,64.5796999782606,58.04446677474696,735,0,250635
E2,E1,N1,co,6,ridge,mase,0.8968504635644461,1.3881047350604985,3.0236009567174875,2.126750493153041,735,0,250635
E2,E1,N1,co,6,ridge,r2,-0.0523114345803508,0.0855084041989402,0.3724693169717109,0.4247807515520617,730,5,250635
E2,E3,N1,co,6,ridge,mae,5.352862692723618,5.728512209216124,6.760624821565645,1.4077621288420268,497,1,169209
E2,E3,N1,co,6,ridge,rmse,7.072940386395463,7.591448750159166,9.48594495327936,2.413004566883898,497,1,169209
E2,E3,N1,co,6,ridge,smape,12.505371574380758,14.464199407983571,17.050881999946665,4.545510425565906,497,1,169209
E2,E3,N1,co,6,ridge,mase,1.2162354202814087,1.31896221802471,1.5961657552528583,0.3799303349714495,497,1,169209
E2,E3,N1,co,6,ridge,r2,0.395662452043115,0.4619898704433924,0.5526606382102489,0.1569981861671339,497,1,169209
E2,E1,N1,co,6,svr,mae,0.1120256628830927,0.4375351091720484,6.844296543736066,6.732270880852973,735,0,250635
E2,E1,N1,co,6,svr,rmse,0.2385958599590011,1.0535453973998006,15.509607660056693,15.271011800097687,735,0,250635
E2,E1,N1,co,6,svr,smape,5.525200345933822,13.206623012994042,56.30204318332184,50.77684283738802,735,0,250635
E2,E1,N1,co,6,svr,mase,0.7881770282857585,1.2322277422528594,2.658999684061203,1.8708226557754444,735,0,250635
E2,E1,N1,co,6,svr,r2,-0.0892687497505275,0.0727509828420717,0.4051543481419442,0.4944230978924717,730,5,250635
E2,E3,N1,co,6,svr,mae,5.649604236263889,6.112483724517253,6.854065271476075,1.2044610352121854,497,1,169209
E2,E3,N1,co,6,svr,rmse,7.521375174808455,8.113527093077996,9.671918411329342,2.150543236520887,497,1,169209
E2,E3,N1,co,6,svr,smape,13.012292415507371,14.981353811730328,17.833293957816004,4.821001542308631,497,1,169209
E2,E3,N1,co,6,svr,mase,1.2821947440599448,1.3984414994081948,1.5730958572649512,0.2909011132050063,497,1,169209
E2,E3,N1,co,6,svr,r2,0.2990384275772327,0.3983559693004462,0.5071728144677405,0.2081343868905077,497,1,169209
E2,E1,N1,co,6,xgb,mae,0.1223231885699654,0.4694971253756875,7.277934935461262,7.155611746891297,735,0,250635
E2,E1,N1,co,6,xgb,rmse,0.2415011151036019,1.0792508022480471,14.45436811209294,14.212866996989336,735,0,250635
E2,E1,N1,co,6,xgb,smape,5.9294506172960215,14.952545492410382,61.53665465987059,55.60720404257457,735,0,250635
E2,E1,N1,co,6,xgb,mase,0.8368572109223182,1.3681209693367775,3.0059655832422427,2.1691083723199247,735,0,250635
E2,E1,N1,co,6,xgb,r2,-0.0609739693043926,0.1087015041555901,0.3974512130902973,0.4584251823946899,730,5,250635
E2,E3,N1,co,6,xgb,mae,5.45725707495337,5.910546423733187,6.767699181042387,1.3104421060890168,497,1,169209
E2,E3,N1,co,6,xgb,rmse,7.254274776164144,7.827145194971981,9.440013184012455,2.185738407848312,497,1,169209
E2,E3,N1,co,6,xgb,smape,12.67480270538092,14.635553608733789,17.374128419832317,4.699325714451396,497,1,169209
E2,E3,N1,co,6,xgb,mase,1.2489837253560137,1.3504583391232112,1.5617381513728277,0.312754426016814,497,1,169209
E2,E3,N1,co,6,xgb,r2,0.3625807089777795,0.4326081586172104,0.5336453930563942,0.1710646840786147,497,1,169209
E2,E1,N1,co,6,ma6,mae,0.118189964157706,0.4262870641902899,5.698110133594005,5.579920169436299,735,0,250635
E2,E1,N1,co,6,ma6,rmse,0.2405353427314345,1.0908746132755782,16.761858251770718,16.521322909039284,735,0,250635
E2,E1,N1,co,6,ma6,smape,5.975263340565673,13.760307210071554,32.391318089294856,26.41605474872918,735,0,250635
E2,E1,N1,co,6,ma6,mase,0.8569837050647096,1.3306880131911905,2.4526716409744767,1.595687935909767,735,0,250635
E2,E1,N1,co,6,ma6,r2,-0.188417554339607,-0.0184523376154641,0.3341042219178702,0.5225217762574772,730,5,250635
E2,E1,N1,co,6,naive,mae,0.1217986314760508,0.4660801564027368,5.168768328445748,5.046969696969697,735,0,250635
E2,E1,N1,co,6,naive,rmse,0.3050760139804112,1.351812073155363,14.837693368810047,14.532617354829636,735,0,250635
E2,E1,N1,co,6,naive,smape,5.863030040759953,12.383935169080653,25.40685435230823,19.54382431154828,735,0,250635
E2,E1,N1,co,6,naive,mase,0.9419586151092708,1.365781794303431,2.245541876913572,1.3035832618043006,735,0,250635
E2,E1,N1,co,6,naive,r2,-0.9037456588447704,-0.445702519016671,0.2664497217689465,1.170195380613717,730,5,250635
E2,E1,N1,co,6,seasonal,mae,0.1989491691104594,0.6005301150462441,13.490272473941827,13.29132330483137,735,0,250635
E2,E1,N1,co,6,seasonal,rmse,0.367504629688224,1.315610462690445,23.4353781004644,23.06787347077617,735,0,250635
E2,E1,N1,co,6,seasonal,smape,9.05140909640785,20.662545515852685,97.34895650608544,88.29754740967759,735,0,250635
E2,E1,N1,co,6,seasonal,mase,1.2062391018080958,2.020987061748379,4.937843702599956,3.73160460079186,735,0,250635
E2,E1,N1,co,6,seasonal,r2,-1.732513177161865,-1.030169132341181,-0.5047572009122452,1.2277559762496195,730,5,250635
E2,E3,N1,co,6,ma6,mae,5.4812972212261855,5.908679851405509,6.384683759036873,0.9033865378106878,497,1,169209
E2,E3,N1,co,6,ma6,rmse,7.26243755726358,7.851596735704417,9.204468858349063,1.9420313010854828,497,1,169209
E2,E3,N1,co,6,ma6,smape,12.49783881924162,14.517608269728196,16.83996098122448,4.342122161982859,497,1,169209
E2,E3,N1,co,6,ma6,mase,1.2526205994525772,1.3534966856096435,1.4627846208211637,0.2101640213685864,497,1,169209
E2,E3,N1,co,6,ma6,r2,0.347081900291284,0.4289665463293419,0.568991822050126,0.2219099217588419,497,1,169209
E2,E3,N1,co,6,naive,mae,6.09421915480338,6.508720663903487,6.882027785455243,0.7878086306518632,497,1,169209
E2,E3,N1,co,6,naive,rmse,8.160487858478517,8.769037575571055,9.573329038042552,1.412841179564035,497,1,169209
E2,E3,N1,co,6,naive,smape,13.934352049443111,15.942816991101257,18.34479586590525,4.410443816462138,497,1,169209
E2,E3,N1,co,6,naive,mase,1.3815355835305874,1.4844202205694677,1.5774947438434206,0.1959591603128332,497,1,169209
E2,E3,N1,co,6,naive,r2,0.1895962572334864,0.2855839298578277,0.5936796121223067,0.4040833548888203,497,1,169209
E2,E3,N1,co,6,seasonal,mae,7.024329594225878,7.764345332953728,11.671995187269554,4.647665593043675,497,1,169209
E2,E3,N1,co,6,seasonal,rmse,8.865107120010862,9.862350790804824,17.902632271175264,9.037525151164402,497,1,169209
E2,E3,N1,co,6,seasonal,smape,16.902860686812616,21.089289288175564,27.11602446748972,10.213163780677103,497,1,169209
E2,E3,N1,co,6,seasonal,mase,1.6260141826412449,1.747159670533888,2.778717298373658,1.1527031157324132,497,1,169209
E2,E3,N1,co,6,seasonal,r2,-0.4029470328288373,-0.0176332393607621,0.1615029953915355,0.5644500282203729,497,1,169209
E2,E1,N1,co,12,lr,mae,0.1277144386420081,0.4950393956319753,8.58054229819226,8.45282785955025,735,0,246225
E2,E1,N1,co,12,lr,rmse,0.2520117383432753,1.0819641077103628,16.0408490937322,15.788837355388925,735,0,246225
E2,E1,N1,co,12,lr,smape,6.890918866570729,16.369728135444493,68.53768981160508,61.64677094503435,735,0,246225
E2,E1,N1,co,12,lr,mase,0.9420028502559508,1.4736327012861554,3.3714148711385983,2.429412020882648,735,0,246225
E2,E1,N1,co,12,lr,r2,-0.0702655385418676,0.052199703594661,0.2727538336536864,0.3430193721955541,730,5,246225
E2,E3,N1,co,12,lr,mae,6.062495517599568,6.532834003893745,8.074148129153869,2.011652611554301,497,1,166203
E2,E3,N1,co,12,lr,rmse,7.99284647659459,8.517589547273097,11.101464999005753,3.1086185224111613,497,1,166203
E2,E3,N1,co,12,lr,smape,14.078852581788698,16.539748289602187,19.86805985874369,5.78920727695499,497,1,166203
E2,E3,N1,co,12,lr,mase,1.379736649170357,1.4964960074209843,1.958799096960289,0.579062447789932,497,1,166203
E2,E3,N1,co,12,lr,r2,0.2453382374450111,0.307533527799442,0.363108127541886,0.1177698900968748,497,1,166203
E2,E1,N1,co,12,rf,mae,0.1208341195537608,0.4821657120734747,8.876226832479057,8.755392712925296,735,0,246225
E2,E1,N1,co,12,rf,rmse,0.2567304095015877,1.095309330531358,16.56093675661092,16.304206347109332,735,0,246225
E2,E1,N1,co,12,rf,smape,6.592467579870804,15.827004006486758,65.39170336536458,58.79923578549377,735,0,246225
E2,E1,N1,co,12,rf,mase,0.8398025038950754,1.3547482241005646,3.2597360290628545,2.419933525167779,735,0,246225
E2,E1,N1,co,12,rf,r2,-0.0555425672586801,0.0483015128626647,0.2639855512509182,0.3195281185095984,730,5,246225
E2,E3,N1,co,12,rf,mae,6.131798614022837,6.585130124941583,7.969951867446179,1.838153253423342,497,1,166203
E2,E3,N1,co,12,rf,rmse,8.023496045854607,8.59474564274301,11.16169042090382,3.138194375049212,497,1,166203
E2,E3,N1,co,12,rf,smape,14.12603861384824,16.49316683272142,20.114803649619777,5.988765035771536,497,1,166203
E2,E3,N1,co,12,rf,mase,1.3916081585854714,1.515750205948868,1.8879293686666845,0.4963212100812129,497,1,166203
E2,E3,N1,co,12,rf,r2,0.2175628133202811,0.290415516843044,0.3558034962698626,0.1382406829495814,497,1,166203
E2,E1,N1,co,12,ridge,mae,0.1277144393162163,0.4950394038136345,8.580542439486912,8.452828000170696,735,0,246225
E2,E1,N1,co,12,ridge,rmse,0.2520117386885536,1.081964108187317,16.04084914960721,15.788837410918658,735,0,246225
E2,E1,N1,co,12,ridge,smape,6.890918895793597,16.369728296338344,68.53769073817573,61.64677184238213,735,0,246225
E2,E1,N1,co,12,ridge,mase,0.9420028620048756,1.473632712050105,3.3714149047857225,2.4294120427808465,735,0,246225
E2,E1,N1,co,12,ridge,r2,-0.0702655180029421,0.0521997048759015,0.2727538291738492,0.3430193471767913,730,5,246225
E2,E3,N1,co,12,ridge,mae,6.062495471622309,6.532833950923251,8.07414819620184,2.0116527245795304,497,1,166203
E2,E3,N1,co,12,ridge,rmse,7.992846496289058,8.517589554697762,11.101465017887152,3.1086185215980944,497,1,166203
E2,E3,N1,co,12,ridge,smape,14.078852523162922,16.539748343780936,19.86805977120264,5.789207248039716,497,1,166203
E2,E3,N1,co,12,ridge,mase,1.3797366469985053,1.4964960031613472,1.9587990909500068,0.5790624439515015,497,1,166203
E2,E3,N1,co,12,ridge,r2,0.2453382282120183,0.3075335320594319,0.3631081266764235,0.1177698984644052,497,1,166203
E2,E1,N1,co,12,svr,mae,0.1070660713418928,0.4237623561118863,7.853681980509365,7.746615909167472,735,0,246225
E2,E1,N1,co,12,svr,rmse,0.2393858312643713,1.0772215685835815,16.50662747788843,16.267241646624058,735,0,246225
E2,E1,N1,co,12,svr,smape,5.470997036313145,13.342260533620834,61.825169908057084,56.35417287174394,735,0,246225
E2,E1,N1,co,12,svr,mase,0.7833244195246909,1.249863229933476,2.9045430040182305,2.12121858449354,735,0,246225
E2,E1,N1,co,12,svr,r2,-0.0955317229425072,0.0264457197268946,0.2956365802516725,0.3911683031941797,730,5,246225
E2,E3,N1,co,12,svr,mae,6.033557166843363,6.569864476022909,7.702583368410445,1.6690262015670818,497,1,166203
E2,E3,N1,co,12,svr,rmse,8.15459568686713,8.739276818882418,11.073788439706846,2.919192752839715,497,1,166203
E2,E3,N1,co,12,svr,smape,14.005353512480037,16.281392784599248,19.79399050971188,5.788636997231844,497,1,166203
E2,E3,N1,co,12,svr,mase,1.389455924630777,1.5004845552667905,1.8058827179624888,0.4164267933317125,497,1,166203
E2,E3,N1,co,12,svr,r2,0.2003674173269913,0.2801334438396631,0.3538130263856125,0.1534456090586211,497,1,166203
E2,E1,N1,co,12,xgb,mae,0.1241690586300227,0.5025361855105711,9.094316672729631,8.97014761409961,735,0,246225
E2,E1,N1,co,12,xgb,rmse,0.2620284256736481,1.091400090292949,15.913912477518236,15.651884051844588,735,0,246225
E2,E1,N1,co,12,xgb,smape,6.561126715256372,15.852968376282012,66.28790104014814,59.72677432489177,735,0,246225
E2,E1,N1,co,12,xgb,mase,0.868214963923505,1.4086486406336944,3.326920352353196,2.4587053884296908,735,0,246225
E2,E1,N1,co,12,xgb,r2,-0.0849435616651272,0.03784551857807,0.2641298912328144,0.3490734528979416,730,5,246225
E2,E3,N1,co,12,xgb,mae,6.213407612261151,6.673953703042606,7.925420689243631,1.7120130769824795,497,1,166203
E2,E3,N1,co,12,xgb,rmse,8.075877312487696,8.69660213211629,11.108332085467076,3.03245477297938,497,1,166203
E2,E3,N1,co,12,xgb,smape,14.322237878888307,16.53230570813411,20.20972464769332,5.88748676880501,497,1,166203
E2,E3,N1,co,12,xgb,mase,1.4157277988936663,1.5338598379440986,1.85991599456685,0.4441881956731834,497,1,166203
E2,E3,N1,co,12,xgb,r2,0.2013578091678256,0.2858035639911496,0.3603426102138957,0.15898480104607,497,1,166203
E2,E1,N1,co,12,ma6,mae,0.1347558473864444,0.4558156188753204,7.014531919158785,6.879776071772341,735,0,246225
E2,E1,N1,co,12,ma6,rmse,0.25931130352537,1.111426364895347,18.408990122321168,18.1496788187958,735,0,246225
E2,E1,N1,co,12,ma6,smape,6.535508924229029,14.520183317041008,40.84452363809564,34.30901471386661,735,0,246225
E2,E1,N1,co,12,ma6,mase,0.9561140462782468,1.3962930465551435,2.814811180505779,1.858697134227532,735,0,246225
E2,E1,N1,co,12,ma6,r2,-0.2389956269409342,-0.132743141242109,0.1506119610582942,0.3896075879992284,730,5,246225
E2,E1,N1,co,12,naive,mae,0.1028358208955224,0.4493532338308457,6.719764812302126,6.616928991406604,735,0,246225
E2,E1,N1,co,12,naive,rmse,0.2839079742425555,1.3775528088946472,17.873999694673202,17.590091720430646,735,0,246225
E2,E1,N1,co,12,naive,smape,4.775572239312652,11.545993866828844,35.26282099276322,30.487248753450565,735,0,246225
E2,E1,N1,co,12,naive,mase,0.7980182576452111,1.3996912177458785,2.695994217063193,1.897975959417982,735,0,246225
E2,E1,N1,co,12,naive,r2,-0.8623637726485143,-0.3643508899119527,0.2025560091190408,1.064919781767555,730,5,246225
E2,E1,N1,co,12,seasonal,mae,0.1804145936981758,0.5817812722103767,13.306924307036248,13.126509713338072,735,0,246225
E2,E1,N1,co,12,seasonal,rmse,0.3557874103916361,1.3108755445123932,23.28632562955037,22.93053821915873,735,0,246225
E2,E1,N1,co,12,seasonal,smape,7.971153513866833,20.01790560928047,92.38389596034608,84.41274244647924,735,0,246225
E2,E1,N1,co,12,seasonal,mase,1.1193873169679345,1.9214194378612843,5.017434115569048,3.898046798601114,735,0,246225
E2,E1,N1,co,12,seasonal,r2,-1.6598809831819283,-0.8908985499526633,-0.3793112570197209,1.280569726162207,730,5,246225
E2,E3,N1,co,12,ma6,mae,6.314665400220645,6.821390907131799,7.635122457111312,1.3204570568906675,497,1,166203
E2,E3,N1,co,12,ma6,rmse,8.203507676399992,8.87129606671091,11.03946087646361,2.835953200063617,497,1,166203
E2,E3,N1,co,12,ma6,smape,14.523016442185408,16.714469928423885,19.803672480511192,5.280656038325786,497,1,166203
E2,E3,N1,co,12,ma6,mase,1.4465546633389994,1.582640904237436,1.7707403359745515,0.3241856726355521,497,1,166203
E2,E3,N1,co,12,ma6,r2,0.1730614207075862,0.2720472191994195,0.3889665263801701,0.2159051056725839,497,1,166203
E2,E3,N1,co,12,naive,mae,6.511001105701592,7.027038242901766,7.636535104151676,1.1255339984500845,497,1,166203
E2,E3,N1,co,12,naive,rmse,8.748969290108352,9.403386450492176,10.932976659384805,2.1840073692764506,497,1,166203
E2,E3,N1,co,12,naive,smape,15.029792644330964,17.055551682784838,20.01504575704251,4.985253112711547,497,1,166203
E2,E3,N1,co,12,naive,mase,1.497877857176389,1.6167033967689304,1.764409564970831,0.2665317077944416,497,1,166203
E2,E3,N1,co,12,naive,r2,0.064003949057069,0.1776023727654847,0.3921428034341919,0.3281388543771228,497,1,166203
E2,E3,N1,co,12,seasonal,mae,7.172804194680674,7.87776164648527,11.632942051562742,4.460137856882067,497,1,166203
E2,E3,N1,co,12,seasonal,rmse,9.15607732005079,10.064433391868604,17.338436686600943,8.182359366550154,497,1,166203
E2,E3,N1,co,12,seasonal,smape,17.192879837396887,21.036878180376657,26.80936783706668,9.616487999669786,497,1,166203
E2,E3,N1,co,12,seasonal,mase,1.65220474992197,1.79600697260624,2.770897442805587,1.118692692883617,497,1,166203
E2,E3,N1,co,12,seasonal,r2,-0.3934407423857853,-0.0896472004197239,0.0903453415842105,0.4837860839699959,497,1,166203
E2,E1,N2,co,1,lr,mae,0.1504782183348166,0.480983834429625,2.6646567589039964,2.51417854056918,735,0,254310
E2,E1,N2,co,1,lr,rmse,0.3139066407977363,1.2252256190405746,7.2484069442786145,6.934500303480879,735,0,254310
E2,E1,N2,co,1,lr,smape,6.582925545377702,14.08338726543672,23.51148490985056,16.928559364472857,735,0,254310
E2,E1,N2,co,1,lr,mase,0.9662660332486688,1.196416962459525,1.5339187060317585,0.5676526727830897,735,0,254310
E2,E1,N2,co,1,lr,r2,-0.7889503321620721,-0.0751928424529669,0.7416680168542612,1.5306183490163332,730,5,254310
E2,E3,N2,co,1,lr,mae,4.067765869356153,4.387144064802588,4.612417230995073,0.5446513616389197,497,1,171711
E2,E3,N2,co,1,lr,rmse,5.445163418387028,5.806002316800277,6.182077344311938,0.7369139259249096,497,1,171711
E2,E3,N2,co,1,lr,smape,9.32560412474866,10.896947630925606,12.666841930873067,3.341237806124409,497,1,171711
E2,E3,N2,co,1,lr,mase,0.9369012658270982,0.9855907730872016,1.0480842435322058,0.1111829777051075,497,1,171711
E2,E3,N2,co,1,lr,r2,0.6233206443283649,0.6698405884746524,0.8544253833683981,0.2311047390400332,497,1,171711
E2,E1,N2,co,1,rf,mae,0.1482750708153936,0.4335013265059396,2.2691102432780887,2.120835172462696,735,0,254310
E2,E1,N2,co,1,rf,rmse,0.3063597266211735,1.1287963794627969,6.944102180160527,6.637742453539354,735,0,254310
E2,E1,N2,co,1,rf,smape,6.966912602818051,12.16906268382806,20.54044551952904,13.573532916710985,735,0,254310
E2,E1,N2,co,1,rf,mase,0.901718673802996,1.1598660471702251,1.4868766356275225,0.5851579618245264,735,0,254310
E2,E1,N2,co,1,rf,r2,-0.6658683726520968,0.0069473255912309,0.756063001106646,1.421931373758743,730,5,254310
E2,E3,N2,co,1,rf,mae,3.937179130708746,4.219495606743277,4.4529779646871885,0.5157988339784425,497,1,171711
E2,E3,N2,co,1,rf,rmse,5.285760092893549,5.630810003011888,6.009162114643035,0.7234020217494868,497,1,171711
E2,E3,N2,co,1,rf,smape,9.026409785837489,10.616238266191075,12.215189890732908,3.18878010489542,497,1,171711
E2,E3,N2,co,1,rf,mase,0.9034442318303948,0.9498094789005088,1.008580500387684,0.1051362685572891,497,1,171711
E2,E3,N2,co,1,rf,r2,0.6481365208766385,0.6921965042188007,0.8589690329320587,0.2108325120554202,497,1,171711
E2,E1,N2,co,1,ridge,mae,0.1504782001508147,0.4809838442675972,2.66465656813456,2.514178367983745,735,0,254310
E2,E1,N2,co,1,ridge,rmse,0.3139066363879047,1.2252256295929111,7.248406636647843,6.934500000259939,735,0,254310
E2,E1,N2,co,1,ridge,smape,6.582924241301229,14.083387418897694,23.51148416132748,16.928559920026252,735,0,254310
E2,E1,N2,co,1,ridge,mase,0.966265884376887,1.1964168588672517,1.5339182574647765,0.5676523730878893,735,0,254310
E2,E1,N2,co,1,ridge,r2,-0.788950004415442,-0.0751928322843783,0.7416680180548103,1.5306180224702524,730,5,254310
E2,E3,N2,co,1,ridge,mae,4.067765818749569,4.387144055213674,4.612417235184514,0.5446514164349452,497,1,171711
E2,E3,N2,co,1,ridge,rmse,5.445163365929655,5.806002262318068,6.182077307609768,0.7369139416801129,497,1,171711
E2,E3,N2,co,1,ridge,smape,9.325603991110135,10.896947661627983,12.666841716007475,3.3412377248973417,497,1,171711
E2,E3,N2,co,1,ridge,mase,0.9369012769811662,0.9855907613537775,1.0480842410861213,0.1111829641049551,497,1,171711
E2,E3,N2,co,1,ridge,r2,0.6233206529057836,0.6698405914431707,0.8544253865935574,0.2311047336877737,497,1,171711
E2,E1,N2,co,1,svr,mae,0.1056779065293884,0.365653689762432,2.2257108906479264,2.120032984118538,735,0,254310
E2,E1,N2,co,1,svr,rmse,0.2383754709239795,0.9834589440110922,7.008893747204592,6.770518276280613,735,0,254310
E2,E1,N2,co,1,svr,smape,4.666485095908208,11.11310032433171,19.612126512806555,14.945641416898347,735,0,254310
E2,E1,N2,co,1,svr,mase,0.7238975679302682,0.88408091956026,1.1825417469878232,0.458644179057555,735,0,254310
E2,E1,N2,co,1,svr,r2,-0.0726642214850663,0.287939607794637,0.7332897735277357,0.8059539950128021,730,5,254310
E2,E3,N2,co,1,svr,mae,3.856889309076878,4.131227335745896,4.3616880415079216,0.5047987324310435,497,1,171711
E2,E3,N2,co,1,svr,rmse,5.224843764518005,5.567622581430974,5.901817160395275,0.6769733958772699,497,1,171711
E2,E3,N2,co,1,svr,smape,8.844351224342953,10.36099337483099,11.978826380583143,3.1344751562401907,497,1,171711
E2,E3,N2,co,1,svr,mase,0.8811400549286705,0.9312874882367814,0.9857670631097628,0.1046270081810921,497,1,171711
E2,E3,N2,co,1,svr,r2,0.6577783505983376,0.6974465583034702,0.8650899688842145,0.2073116182858769,497,1,171711
E2,E1,N2,co,1,xgb,mae,0.1357912023801249,0.4336973103162562,2.543588521015609,2.407797318635484,735,0,254310
E2,E1,N2,co,1,xgb,rmse,0.2711741274370637,1.1163159102898206,7.171030554589284,6.89985642715222,735,0,254310
E2,E1,N2,co,1,xgb,smape,6.2653700756225605,13.26310080517596,24.136828880872784,17.871458805250224,735,0,254310
E2,E1,N2,co,1,xgb,mase,0.8534622717722964,1.0736055064830332,1.4310417646507192,0.5775794928784228,735,0,254310
E2,E1,N2,co,1,xgb,r2,-0.2783779600265447,0.1956178797948368,0.7478848125057147,1.0262627725322595,730,5,254310
E2,E3,N2,co,1,xgb,mae,3.862138791827144,4.1484675513120415,4.400385688017913,0.5382468961907687,497,1,171711
E2,E3,N2,co,1,xgb,rmse,5.219475534943673,5.560853245858866,5.937708296420784,0.7182327614771111,497,1,171711
E2,E3,N2,co,1,xgb,smape,8.826094935316,10.401645819064289,12.139315118870773,3.3132201835547725,497,1,171711
E2,E3,N2,co,1,xgb,mase,0.8921191016606358,0.9389296282602192,0.9926163878788012,0.1004972862181654,497,1,171711
E2,E3,N2,co,1,xgb,r2,0.6577855669304105,0.7009215641812931,0.8599088350171303,0.2021232680867198,497,1,171711
E2,E1,N2,co,1,ma6,mae,0.110393743486229,0.4007443343426002,4.325294751812093,4.214901008325864,735,0,254310
E2,E1,N2,co,1,ma6,rmse,0.2342440532346199,1.0593756825070897,12.27716946080728,12.04292540757266,735,0,254310
E2,E1,N2,co,1,ma6,smape,5.080183487710904,12.792172647779996,23.44566252959824,18.365479041887337,735,0,254310
E2,E1,N2,co,1,ma6,mase,0.8161106061726553,1.1439163792515932,1.811272267237495,0.9951616610648396,735,0,254310
E2,E1,N2,co,1,ma6,r2,-0.11542840513736,0.0906816401615057,0.5065483125814079,0.6219767177187678,730,5,254310
E2,E1,N2,co,1,naive,mae,0.1159842646114322,0.4077071290944123,1.9981007431874485,1.8821164785760165,735,0,254310
E2,E1,N2,co,1,naive,rmse,0.2991196434411375,1.1867281489127852,6.98023933330008,6.681119689858942,735,0,254310
E2,E1,N2,co,1,naive,smape,4.737638720587974,9.480351502730132,15.941727763949164,11.20408904336119,735,0,254310
E2,E1,N2,co,1,naive,mase,0.7611273607741588,0.9683267560062772,1.2175217031077912,0.4563943423336324,735,0,254310
E2,E1,N2,co,1,naive,r2,-0.5643474806658484,0.0494237047228964,0.7287466454839717,1.29309412614982,730,5,254310
E2,E1,N2,co,1,seasonal,mae,0.2045592694075353,0.5833608587943848,13.027043765483072,12.822484496075536,735,0,254310
E2,E1,N2,co,1,seasonal,rmse,0.3681948028878185,1.336240382691116,22.378146034020247,22.00995123113243,735,0,254310
E2,E1,N2,co,1,seasonal,smape,9.221408388845724,19.76821450443936,97.69083328553938,88.46942489669365,735,0,254310
E2,E1,N2,co,1,seasonal,mase,1.2075337213946034,1.9019713255591704,4.8032765112539,3.5957427898592966,735,0,254310
E2,E1,N2,co,1,seasonal,r2,-1.6981770534156468,-0.9853203627500172,-0.4650497128361379,1.233127340579509,730,5,254310
E2,E3,N2,co,1,ma6,mae,4.749803650062228,5.06576629737134,5.343694565525287,0.5938909154630592,497,1,171716
E2,E3,N2,co,1,ma6,rmse,6.347088849648669,6.772582280674524,7.410380823881188,1.063291974232519,497,1,171716
E2,E3,N2,co,1,ma6,smape,10.945167820801773,12.56061533204126,14.442267785000892,3.497099964199121,497,1,171716
E2,E3,N2,co,1,ma6,mase,1.0843291373453352,1.1560797778025578,1.2165569325330636,0.1322277951877284,497,1,171716
E2,E3,N2,co,1,ma6,r2,0.5068256340909038,0.5646748217687418,0.7573496260358685,0.2505239919449648,497,1,171716
E2,E3,N2,co,1,naive,mae,3.970035799527029,4.295534398772086,4.526510880294463,0.5564750807674339,497,1,171716
E2,E3,N2,co,1,naive,rmse,5.417410410733828,5.763078529762594,6.113433583437809,0.6960231727039812,497,1,171716
E2,E3,N2,co,1,naive,smape,9.139480528881624,10.731463976725072,12.387164482071196,3.247683953189572,497,1,171716
E2,E3,N2,co,1,naive,mase,0.9126073134974731,0.9642806844147828,1.021691351324008,0.1090840378265348,497,1,171716
E2,E3,N2,co,1,naive,r2,0.6282119314434735,0.6750786883674674,0.8600235834197678,0.2318116519762942,497,1,171716
E2,E3,N2,co,1,seasonal,mae,6.691305085813738,7.352796566082352,11.315531460221834,4.624226374408096,497,1,171716
E2,E3,N2,co,1,seasonal,rmse,8.557767920721663,9.506436876001723,17.868304950676293,9.31053702995463,497,1,171716
E2,E3,N2,co,1,seasonal,smape,16.266229986073665,19.97106637064108,25.9689168640858,9.702686878012134,497,1,171716
E2,E3,N2,co,1,seasonal,mase,1.5371925879826964,1.6722166388410462,2.6123318186736446,1.0751392306909482,497,1,171716
E2,E3,N2,co,1,seasonal,r2,-0.3861096255917426,0.0318498289358574,0.2113555269759308,0.5974651525676735,497,1,171716
E2,E1,N2,co,6,lr,mae,0.1594316467345274,0.5141921468649447,5.21026229990582,5.050830653171292,735,0,250635
E2,E1,N2,co,6,lr,rmse,0.3145998392553654,1.3261558136098934,14.864926499050704,14.550326659795338,735,0,250635
E2,E1,N2,co,6,lr,smape,8.383028930465525,15.642211539937668,32.00196890067379,23.618939970208263,735,0,250635
E2,E1,N2,co,6,lr,mase,1.26644200149993,1.6776981829590147,2.491195857879304,1.2247538563793738,735,0,250635
E2,E1,N2,co,6,lr,r2,-0.9603871912480794,-0.5945362825211551,0.2086292245590749,1.1690164158071543,730,5,250635
E2,E3,N2,co,6,lr,mae,6.015351447692778,6.405166204001668,6.83462169733208,0.8192702496393025,497,1,169203
E2,E3,N2,co,6,lr,rmse,8.061625878914043,8.651182476227241,9.49197624732198,1.4303503684079375,497,1,169203
E2,E3,N2,co,6,lr,smape,13.797479332509626,15.826772881177446,18.2234101332298,4.425930800720176,497,1,169203
E2,E3,N2,co,6,lr,mase,1.368991695322099,1.467595621382592,1.553896465865003,0.1849047705429038,497,1,169203
E2,E3,N2,co,6,lr,r2,0.2100798471479198,0.3062719992135466,0.5980779851729219,0.387998138025002,497,1,169203
E2,E1,N2,co,6,rf,mae,0.1494794353517681,0.5074696271699523,5.473721824097993,5.3242423887462245,735,0,250635
E2,E1,N2,co,6,rf,rmse,0.3153968783992756,1.3555236906649344,14.871157896949446,14.555761018550172,735,0,250635
E2,E1,N2,co,6,rf,smape,7.489916458903629,15.5052569180227,30.89355218870404,23.403635729800413,735,0,250635
E2,E1,N2,co,6,rf,mase,1.2104945730279657,1.6075055680622303,2.4181274280263656,1.2076328549984,735,0,250635
E2,E1,N2,co,6,rf,r2,-0.99889822709691,-0.5924677171943673,0.1866445016979543,1.1855427287948643,730,5,250635
E2,E3,N2,co,6,rf,mae,6.12489251272406,6.539009054540018,6.946882533382925,0.8219900206588653,497,1,169203
E2,E3,N2,co,6,rf,rmse,8.233260271117345,8.805114001086645,9.613559383997892,1.3802991128805466,497,1,169203
E2,E3,N2,co,6,rf,smape,14.044705730116908,16.066930874887674,18.549427627457472,4.5047218973405645,497,1,169203
E2,E3,N2,co,6,rf,mase,1.394633153431739,1.4945836400215096,1.582389687036429,0.1877565336046895,497,1,169203
E2,E3,N2,co,6,rf,r2,0.1784275078190295,0.273394969717011,0.5920800591596689,0.4136525513406394,497,1,169203
E2,E1,N2,co,6,ridge,mae,0.1594316114250327,0.5141920971412699,5.210262243160857,5.050830631735824,735,0,250635
E2,E1,N2,co,6,ridge,rmse,0.3145998262625568,1.326155783862167,14.864926486715373,14.550326660452816,735,0,250635
E2,E1,N2,co,6,ridge,smape,8.383026489210325,15.642211630827498,32.00196869514504,23.618942205934715,735,0,250635
E2,E1,N2,co,6,ridge,mase,1.2664417751440258,1.6776974198829475,2.491195549891508,1.2247537747474817,735,0,250635
E2,E1,N2,co,6,ridge,r2,-0.9603871760242249,-0.5945360601343601,0.2086293044704971,1.1690164804947218,730,5,250635
E2,E3,N2,co,6,ridge,mae,6.015351448195935,6.405166127172016,6.834621715836298,0.8192702676403627,497,1,169203
E2,E3,N2,co,6,ridge,rmse,8.061625876440514,8.651182420550265,9.491976263109631,1.4303503866691187,497,1,169203
E2,E3,N2,co,6,ridge,smape,13.797479350065316,15.826772750823558,18.223410026044885,4.42593067597957,497,1,169203
E2,E3,N2,co,6,ridge,mase,1.36899169406443,1.4675956273727753,1.5538964872383,0.1849047931738701,497,1,169203
E2,E3,N2,co,6,ridge,r2,0.2100798531845837,0.3062719916123674,0.5980779987568776,0.3879981455722938,497,1,169203
E2,E1,N2,co,6,svr,mae,0.146891938593367,0.5466081497755012,5.519183020321421,5.372291081728054,735,0,250635
E2,E1,N2,co,6,svr,rmse,0.322767635124468,1.4068552860760666,14.845432753357864,14.522665118233396,735,0,250635
E2,E1,N2,co,6,svr,smape,7.036257057981848,17.133634473109076,32.06148340336594,25.02522634538409,735,0,250635
E2,E1,N2,co,6,svr,mase,1.0996950992015928,1.5324448063488418,2.363515048623731,1.263819949422138,735,0,250635
E2,E1,N2,co,6,svr,r2,-1.015711595003237,-0.5984947186602171,0.1917053289479024,1.2074169239511394,730,5,250635
E2,E3,N2,co,6,svr,mae,6.079922518300536,6.5062348270695365,6.88582692240351,0.8059044041029741,497,1,169203
E2,E3,N2,co,6,svr,rmse,8.150180358310676,8.68417920147546,9.53865183029954,1.388471471988865,497,1,169203
E2,E3,N2,co,6,svr,smape,13.950549863491982,15.91235771051286,18.385852328180764,4.435302464688782,497,1,169203
E2,E3,N2,co,6,svr,mase,1.385273939292279,1.486749206610858,1.571337298979504,0.1860633596872249,497,1,169203
E2,E3,N2,co,6,svr,r2,0.1936626250862895,0.2892959943427604,0.5981172429670969,0.4044546178808074,497,1,169203
E2,E1,N2,co,6,xgb,mae,0.1626142112396255,0.578444617624426,5.664553692819438,5.501939481579813,735,0,250635
E2,E1,N2,co,6,xgb,rmse,0.3286079793048654,1.381896536861183,14.851465073255746,14.52285709395088,735,0,250635
E2,E1,N2,co,6,xgb,smape,7.674363480290339,18.02507719348772,37.07542082709351,29.40105734680317,735,0,250635
E2,E1,N2,co,6,xgb,mase,1.197569922495726,1.6953654538517364,2.6017505832342707,1.4041806607385443,735,0,250635
E2,E1,N2,co,6,xgb,r2,-1.0554146541614082,-0.6609529408078468,0.0912665630576309,1.1466812172190393,730,5,250635
E2,E3,N2,co,6,xgb,mae,6.136174147773614,6.547727101269082,6.96124489136285,0.8250707435892357,497,1,169203
E2,E3,N2,co,6,xgb,rmse,8.240056540646629,8.804347754793726,9.61847145959912,1.3784149189524904,497,1,169203
E2,E3,N2,co,6,xgb,smape,14.07525122482109,16.155558242994054,18.686189725733403,4.610938500912313,497,1,169203
E2,E3,N2,co,6,xgb,mase,1.394294747183224,1.4991021228587944,1.5904164435607049,0.1961216963774807,497,1,169203
E2,E3,N2,co,6,xgb,r2,0.175258399696358,0.2732628260705831,0.5851651135561144,0.4099067138597564,497,1,169203
E2,E1,N2,co,6,ma6,mae,0.118189964157706,0.4262870641902899,5.698110133594005,5.579920169436299,735,0,250635
E2,E1,N2,co,6,ma6,rmse,0.2405353427314345,1.0908746132755782,16.761858251770718,16.521322909039284,735,0,250635
E2,E1,N2,co,6,ma6,smape,5.975263340565673,13.760307210071554,32.391318089294856,26.41605474872918,735,0,250635
E2,E1,N2,co,6,ma6,mase,0.8569837050647096,1.3306880131911905,2.4526716409744767,1.595687935909767,735,0,250635
E2,E1,N2,co,6,ma6,r2,-0.188417554339607,-0.0184523376154641,0.3341042219178702,0.5225217762574772,730,5,250635
E2,E1,N2,co,6,naive,mae,0.1217986314760508,0.4660801564027368,5.168768328445748,5.046969696969697,735,0,250635
E2,E1,N2,co,6,naive,rmse,0.3050760139804112,1.351812073155363,14.837693368810047,14.532617354829636,735,0,250635
E2,E1,N2,co,6,naive,smape,5.863030040759953,12.383935169080653,25.40685435230823,19.54382431154828,735,0,250635
E2,E1,N2,co,6,naive,mase,0.9419586151092708,1.365781794303431,2.245541876913572,1.3035832618043006,735,0,250635
E2,E1,N2,co,6,naive,r2,-0.9037456588447704,-0.445702519016671,0.2664497217689465,1.170195380613717,730,5,250635
E2,E1,N2,co,6,seasonal,mae,0.1989491691104594,0.6005301150462441,13.490272473941827,13.29132330483137,735,0,250635
E2,E1,N2,co,6,seasonal,rmse,0.367504629688224,1.315610462690445,23.4353781004644,23.06787347077617,735,0,250635
E2,E1,N2,co,6,seasonal,smape,9.05140909640785,20.662545515852685,97.34895650608544,88.29754740967759,735,0,250635
E2,E1,N2,co,6,seasonal,mase,1.2062391018080958,2.020987061748379,4.937843702599956,3.73160460079186,735,0,250635
E2,E1,N2,co,6,seasonal,r2,-1.732513177161865,-1.030169132341181,-0.5047572009122452,1.2277559762496195,730,5,250635
E2,E3,N2,co,6,ma6,mae,5.4812972212261855,5.908679851405509,6.384683759036873,0.9033865378106878,497,1,169209
E2,E3,N2,co,6,ma6,rmse,7.26243755726358,7.851596735704417,9.204468858349063,1.9420313010854828,497,1,169209
E2,E3,N2,co,6,ma6,smape,12.49783881924162,14.517608269728196,16.83996098122448,4.342122161982859,497,1,169209
E2,E3,N2,co,6,ma6,mase,1.2526205994525772,1.3534966856096435,1.4627846208211637,0.2101640213685864,497,1,169209
E2,E3,N2,co,6,ma6,r2,0.347081900291284,0.4289665463293419,0.568991822050126,0.2219099217588419,497,1,169209
E2,E3,N2,co,6,naive,mae,6.09421915480338,6.508720663903487,6.882027785455243,0.7878086306518632,497,1,169209
E2,E3,N2,co,6,naive,rmse,8.160487858478517,8.769037575571055,9.573329038042552,1.412841179564035,497,1,169209
E2,E3,N2,co,6,naive,smape,13.934352049443111,15.942816991101257,18.34479586590525,4.410443816462138,497,1,169209
E2,E3,N2,co,6,naive,mase,1.3815355835305874,1.4844202205694677,1.5774947438434206,0.1959591603128332,497,1,169209
E2,E3,N2,co,6,naive,r2,0.1895962572334864,0.2855839298578277,0.5936796121223067,0.4040833548888203,497,1,169209
E2,E3,N2,co,6,seasonal,mae,7.024329594225878,7.764345332953728,11.671995187269554,4.647665593043675,497,1,169209
E2,E3,N2,co,6,seasonal,rmse,8.865107120010862,9.862350790804824,17.902632271175264,9.037525151164402,497,1,169209
E2,E3,N2,co,6,seasonal,smape,16.902860686812616,21.089289288175564,27.11602446748972,10.213163780677103,497,1,169209
E2,E3,N2,co,6,seasonal,mase,1.6260141826412449,1.747159670533888,2.778717298373658,1.1527031157324132,497,1,169209
E2,E3,N2,co,6,seasonal,r2,-0.4029470328288373,-0.0176332393607621,0.1615029953915355,0.5644500282203729,497,1,169209
E2,E1,N2,co,12,lr,mae,0.1311053259328927,0.5074704794751841,6.810228626655231,6.679123300722338,735,0,246225
E2,E1,N2,co,12,lr,rmse,0.2980099291338127,1.4300795435768865,18.293776052018643,17.99576612288483,735,0,246225
E2,E1,N2,co,12,lr,smape,6.219239840519175,14.458629148849957,39.33795600689874,33.11871616637957,735,0,246225
E2,E1,N2,co,12,lr,mase,0.9836132424901626,1.646705362128579,2.785503222834374,1.8018899803442112,735,0,246225
E2,E1,N2,co,12,lr,r2,-0.9759654546444082,-0.5050620507346497,0.1137292896416159,1.089694744286024,730,5,246225
E2,E3,N2,co,12,lr,mae,6.632575271331463,7.150604501471056,7.741917210050664,1.1093419387192007,497,1,166197
E2,E3,N2,co,12,lr,rmse,8.911533170644603,9.566356451619324,11.095671594470277,2.184138423825672,497,1,166197
E2,E3,N2,co,12,lr,smape,15.31000658476181,17.372577877066128,20.42589880570048,5.115892220938664,497,1,166197
E2,E3,N2,co,12,lr,mase,1.5222217139637486,1.6434638125262342,1.7907031841260106,0.268481470162262,497,1,166197
E2,E3,N2,co,12,lr,r2,0.0317612838687063,0.1452945327369527,0.3806731648605511,0.3489118809918448,497,1,166197
E2,E1,N2,co,12,rf,mae,0.1266482949469837,0.4807761511295752,6.878296213513654,6.75164791856667,735,0,246225
E2,E1,N2,co,12,rf,rmse,0.2896153714041114,1.3949761092614998,18.186139210661388,17.896523839257277,735,0,246225
E2,E1,N2,co,12,rf,smape,6.434086498821782,13.626573645646312,38.18147031979981,31.74738382097804,735,0,246225
E2,E1,N2,co,12,rf,mase,0.990582315950692,1.5391134409569551,2.7836217558308194,1.7930394398801273,735,0,246225
E2,E1,N2,co,12,rf,r2,-0.906731541766964,-0.452512527437543,0.113681374009277,1.020412915776241,730,5,246225
E2,E3,N2,co,12,rf,mae,6.645355739785725,7.173387399411769,7.733794688132052,1.0884389483463277,497,1,166197
E2,E3,N2,co,12,rf,rmse,8.920371880136804,9.551659734316775,11.03063706883556,2.110265188698756,497,1,166197
E2,E3,N2,co,12,rf,smape,15.275037846349653,17.423248439933868,20.49372065177871,5.218682805429058,497,1,166197
E2,E3,N2,co,12,rf,mase,1.522459617323582,1.6450661267370486,1.7942698993608708,0.2718102820372887,497,1,166197
E2,E3,N2,co,12,rf,r2,0.0329216318899229,0.1472303181909997,0.3836580330223614,0.3507364011324385,497,1,166197
E2,E1,N2,co,12,ridge,mae,0.1311053246866234,0.5074704752343144,6.810228628544603,6.67912330385798,735,0,246225
E2,E1,N2,co,12,ridge,rmse,0.2980099276108228,1.4300795355565707,18.29377591326483,17.995765985654007,735,0,246225
E2,E1,N2,co,12,ridge,smape,6.219239618284972,14.458627483373032,39.33795546361726,33.11871584533229,735,0,246225
E2,E1,N2,co,12,ridge,mase,0.983613225281354,1.6467052913761502,2.7855032002805737,1.80188997499922,735,0,246225
E2,E1,N2,co,12,ridge,r2,-0.9759654526338126,-0.5050620431088497,0.1137292921346296,1.0896947447684422,730,5,246225
E2,E3,N2,co,12,ridge,mae,6.632575251071084,7.150604496682496,7.741917195918037,1.1093419448469533,497,1,166197
E2,E3,N2,co,12,ridge,rmse,8.91153315477858,9.566356444439444,11.0956715668208,2.1841384120422216,497,1,166197
E2,E3,N2,co,12,ridge,smape,15.310006532746446,17.372577847435423,20.425898838951944,5.115892306205499,497,1,166197
E2,E3,N2,co,12,ridge,mase,1.5222217090869408,1.6434638077385637,1.7907031861331733,0.2684814770462325,497,1,166197
E2,E3,N2,co,12,ridge,r2,0.0317612881179947,0.1452945352613739,0.3806731661388243,0.3489118780208295,497,1,166197
E2,E1,N2,co,12,svr,mae,0.1299244769643023,0.5075600657350008,6.883594987654046,6.753670510689744,735,0,246225
E2,E1,N2,co,12,svr,rmse,0.3009696100059535,1.4281794408870478,17.885371895071877,17.584402285065924,735,0,246225
E2,E1,N2,co,12,svr,smape,6.581831089740229,15.79412077046564,39.96119343230429,33.379362342564065,735,0,246225
E2,E1,N2,co,12,svr,mase,0.9721501726894068,1.6296625623041487,2.761119677054796,1.7889695043653893,735,0,246225
E2,E1,N2,co,12,svr,r2,-0.9629062079964912,-0.4778526459411787,0.1080781717128293,1.0709843797093206,730,5,246225
E2,E3,N2,co,12,svr,mae,6.635174539577161,7.158842459379337,7.754510763306493,1.1193362237293325,497,1,166197
E2,E3,N2,co,12,svr,rmse,8.944803039307361,9.623336254519684,11.114090610123576,2.1692875708162145,497,1,166197
E2,E3,N2,co,12,svr,smape,15.297263089420468,17.405687064245036,20.59071426007824,5.2934511706577645,497,1,166197
E2,E3,N2,co,12,svr,mase,1.5307020997229237,1.6474677616495932,1.7954643807997803,0.264762281076857,497,1,166197
E2,E3,N2,co,12,svr,r2,0.0245754940695777,0.1403886190586616,0.3715252586658849,0.3469497645963072,497,1,166197
E2,E1,N2,co,12,xgb,mae,0.1643398208380163,0.5246107134546399,7.049205631617358,6.884865810779342,735,0,246225
E2,E1,N2,co,12,xgb,rmse,0.3153579082488031,1.4603969449901306,18.23392566213691,17.91856775388811,735,0,246225
E2,E1,N2,co,12,xgb,smape,8.153037235615223,17.182703055772127,45.24648135326842,37.0934441176532,735,0,246225
E2,E1,N2,co,12,xgb,mase,1.11532989247055,1.74889366254459,3.0296159926263506,1.9142861001558007,735,0,246225
E2,E1,N2,co,12,xgb,r2,-1.0594888835534308,-0.6553636154017017,-0.0469901558513742,1.0124987277020563,730,5,246225
E2,E3,N2,co,12,xgb,mae,6.722083658980134,7.231713876456706,7.827275745280791,1.105192086300657,497,1,166197
E2,E3,N2,co,12,xgb,rmse,9.013324162460515,9.647494077937326,11.228696595181177,2.215372432720658,497,1,166197
E2,E3,N2,co,12,xgb,smape,15.460659038573862,17.632101128101198,20.689551786719345,5.228892748145483,497,1,166197
E2,E3,N2,co,12,xgb,mase,1.5446407340701274,1.6636736809820225,1.817819715958496,0.2731789818883685,497,1,166197
E2,E3,N2,co,12,xgb,r2,0.0116640185972202,0.1283376088346821,0.3676107984589951,0.3559467798617749,497,1,166197
E2,E1,N2,co,12,ma6,mae,0.1347558473864444,0.4558156188753204,7.014531919158785,6.879776071772341,735,0,246225
E2,E1,N2,co,12,ma6,rmse,0.25931130352537,1.111426364895347,18.408990122321168,18.1496788187958,735,0,246225
E2,E1,N2,co,12,ma6,smape,6.535508924229029,14.520183317041008,40.84452363809564,34.30901471386661,735,0,246225
E2,E1,N2,co,12,ma6,mase,0.9561140462782468,1.3962930465551435,2.814811180505779,1.858697134227532,735,0,246225
E2,E1,N2,co,12,ma6,r2,-0.2389956269409342,-0.132743141242109,0.1506119610582942,0.3896075879992284,730,5,246225
E2,E1,N2,co,12,naive,mae,0.1028358208955224,0.4493532338308457,6.719764812302126,6.616928991406604,735,0,246225
E2,E1,N2,co,12,naive,rmse,0.2839079742425555,1.3775528088946472,17.873999694673202,17.590091720430646,735,0,246225
E2,E1,N2,co,12,naive,smape,4.775572239312652,11.545993866828844,35.26282099276322,30.487248753450565,735,0,246225
E2,E1,N2,co,12,naive,mase,0.7980182576452111,1.3996912177458785,2.695994217063193,1.897975959417982,735,0,246225
E2,E1,N2,co,12,naive,r2,-0.8623637726485143,-0.3643508899119527,0.2025560091190408,1.064919781767555,730,5,246225
E2,E1,N2,co,12,seasonal,mae,0.1804145936981758,0.5817812722103767,13.306924307036248,13.126509713338072,735,0,246225
E2,E1,N2,co,12,seasonal,rmse,0.3557874103916361,1.3108755445123932,23.28632562955037,22.93053821915873,735,0,246225
E2,E1,N2,co,12,seasonal,smape,7.971153513866833,20.01790560928047,92.38389596034608,84.41274244647924,735,0,246225
E2,E1,N2,co,12,seasonal,mase,1.1193873169679345,1.9214194378612843,5.017434115569048,3.898046798601114,735,0,246225
E2,E1,N2,co,12,seasonal,r2,-1.6598809831819283,-0.8908985499526633,-0.3793112570197209,1.280569726162207,730,5,246225
E2,E3,N2,co,12,ma6,mae,6.314665400220645,6.821390907131799,7.635122457111312,1.3204570568906675,497,1,166203
E2,E3,N2,co,12,ma6,rmse,8.203507676399992,8.87129606671091,11.03946087646361,2.835953200063617,497,1,166203
E2,E3,N2,co,12,ma6,smape,14.523016442185408,16.714469928423885,19.803672480511192,5.280656038325786,497,1,166203
E2,E3,N2,co,12,ma6,mase,1.4465546633389994,1.582640904237436,1.7707403359745515,0.3241856726355521,497,1,166203
E2,E3,N2,co,12,ma6,r2,0.1730614207075862,0.2720472191994195,0.3889665263801701,0.2159051056725839,497,1,166203
E2,E3,N2,co,12,naive,mae,6.511001105701592,7.027038242901766,7.636535104151676,1.1255339984500845,497,1,166203
E2,E3,N2,co,12,naive,rmse,8.748969290108352,9.403386450492176,10.932976659384805,2.1840073692764506,497,1,166203
E2,E3,N2,co,12,naive,smape,15.029792644330964,17.055551682784838,20.01504575704251,4.985253112711547,497,1,166203
E2,E3,N2,co,12,naive,mase,1.497877857176389,1.6167033967689304,1.764409564970831,0.2665317077944416,497,1,166203
E2,E3,N2,co,12,naive,r2,0.064003949057069,0.1776023727654847,0.3921428034341919,0.3281388543771228,497,1,166203
E2,E3,N2,co,12,seasonal,mae,7.172804194680674,7.87776164648527,11.632942051562742,4.460137856882067,497,1,166203
E2,E3,N2,co,12,seasonal,rmse,9.15607732005079,10.064433391868604,17.338436686600943,8.182359366550154,497,1,166203
E2,E3,N2,co,12,seasonal,smape,17.192879837396887,21.036878180376657,26.80936783706668,9.616487999669786,497,1,166203
E2,E3,N2,co,12,seasonal,mase,1.65220474992197,1.79600697260624,2.770897442805587,1.118692692883617,497,1,166203
E2,E3,N2,co,12,seasonal,r2,-0.3934407423857853,-0.0896472004197239,0.0903453415842105,0.4837860839699959,497,1,166203
E3,E1,N0,co,1,lr,mae,1.0857568835033478,1.236473721201912,4.162860710970023,3.077103827466675,735,0,254310
E3,E1,N0,co,1,lr,rmse,1.2318243138432678,1.5348669098729415,7.826238799880795,6.594414486037527,735,0,254310
E3,E1,N0,co,1,lr,smape,36.66017703687567,46.81966533647132,57.05971167251886,20.399534635643185,735,0,254310
E3,E1,N0,co,1,lr,mase,1.690800062406811,3.569886168102608,8.816625308567453,7.125825246160642,735,0,254310
E3,E1,N0,co,1,lr,r2,-20.845189377983555,-1.250321807967637,0.6466221218433155,21.49181149982687,730,5,254310
E3,E2,N0,co,1,lr,mae,1.0716006320709563,1.171086893523836,2.802608767866413,1.7310081357954563,302,0,104492
E3,E2,N0,co,1,lr,rmse,1.2327937950947916,1.5020620403791436,4.974281857452495,3.741488062357704,302,0,104492
E3,E2,N0,co,1,lr,smape,35.41846616494006,48.00174384649873,65.16135855389477,29.742892388954715,302,0,104492
E3,E2,N0,co,1,lr,mase,2.2161039130261595,4.389793066199026,8.328720579983223,6.112616666957063,302,0,104492
E3,E2,N0,co,1,lr,r2,-17.142612427059245,-1.2172580083162785,0.5504415114090166,17.69305393846826,302,0,104492
E3,E1,N0,co,1,rf,mae,0.3770822341326974,1.3493651982189143,6.196627337141365,5.819545103008667,735,0,254310
E3,E1,N0,co,1,rf,rmse,1.3798252395122712,3.9797734780277625,11.05248211184824,9.672656872335969,735,0,254310
E3,E1,N0,co,1,rf,smape,11.220196151758785,25.84698013203626,52.15899446964262,40.93879831788384,735,0,254310
E3,E1,N0,co,1,rf,mase,1.6588472414126143,2.603722023276813,4.168490437591021,2.509643196178406,735,0,254310
E3,E1,N0,co,1,rf,r2,-61.81410819008746,-2.6033374677454195,0.5347741282399034,62.34888231832736,730,5,254310
E3,E2,N0,co,1,rf,mae,0.4385893357161531,1.274503786614655,4.639723428677584,4.201134092961431,302,0,104492
E3,E2,N0,co,1,rf,rmse,1.5968900997077573,3.874927980654009,8.522653783848025,6.925763684140268,302,0,104492
E3,E2,N0,co,1,rf,smape,11.205809863095212,26.284588116997973,55.00431820605976,43.79850834296455,302,0,104492
E3,E2,N0,co,1,rf,mase,1.795343419996028,3.2077737736832583,6.491257681612096,4.695914261616068,302,0,104492
E3,E2,N0,co,1,rf,r2,-46.45056458765279,-3.869328084841119,0.2227001724572758,46.67326476011006,302,0,104492
E3,E1,N0,co,1,ridge,mae,1.087993045898045,1.2396796553244134,4.16700789278895,3.0790148468909058,735,0,254310
E3,E1,N0,co,1,ridge,rmse,1.234380824271386,1.5373136148022135,7.826473116917355,6.592092292645969,735,0,254310
E3,E1,N0,co,1,ridge,smape,36.68850024922126,46.88810105339634,57.08765567572555,20.399155426504286,735,0,254310
E3,E1,N0,co,1,ridge,mase,1.6938755848329508,3.5721800108410955,8.835871692631551,7.141996107798601,735,0,254310
E3,E1,N0,co,1,ridge,r2,-20.93872092407926,-1.2561303015212792,0.6469033887693505,21.58562431284861,730,5,254310
E3,E2,N0,co,1,ridge,mae,1.0742387767622987,1.174417555295634,2.8068517256575234,1.7326129488952249,302,0,104492
E3,E2,N0,co,1,ridge,rmse,1.2357081828516794,1.5050707532187722,4.97712780724323,3.741419624391552,302,0,104492
E3,E2,N0,co,1,ridge,smape,35.47470241185955,48.09160724895,65.2707281195404,29.79602570768084,302,0,104492
E3,E2,N0,co,1,ridge,mase,2.2215599527419148,4.401599014492232,8.339615229639083,6.118055276897168,302,0,104492
E3,E2,N0,co,1,ridge,r2,-17.229185931976843,-1.2246464698662534,0.550223406953547,17.77940933893039,302,0,104492
E3,E1,N0,co,1,svr,mae,0.1361552402629714,0.669980790531732,8.276294243828959,8.140139003565988,735,0,254310
E3,E1,N0,co,1,svr,rmse,0.2607949023321886,1.453252869369562,14.735942314536562,14.475147412204374,735,0,254310
E3,E1,N0,co,1,svr,smape,6.702404713358048,17.64778040265769,52.61491781073131,45.912513097373264,735,0,254310
E3,E1,N0,co,1,svr,mase,1.1490604700878524,1.7254180145889209,3.4781421946352085,2.329081724547356,735,0,254310
E3,E1,N0,co,1,svr,r2,-0.6910932032366006,-0.2238264373150748,0.1633044494023966,0.8543976526389973,730,5,254310
E3,E2,N0,co,1,svr,mae,0.1690630761169202,0.6948053990382321,3.92792744408273,3.75886436796581,302,0,104492
E3,E2,N0,co,1,svr,rmse,0.337694607818709,1.6463808226766687,8.077807243259295,7.740112635440586,302,0,104492
E3,E2,N0,co,1,svr,smape,7.609062724168841,16.609590428714252,42.6080210522293,34.99895832806046,302,0,104492
E3,E2,N0,co,1,svr,mase,0.988238068341426,1.721076649379778,4.156460118056848,3.168222049715422,302,0,104492
E3,E2,N0,co,1,svr,r2,-1.017861073811218,-0.34201626022344,0.191014757785484,1.208875831596702,302,0,104492
E3,E1,N0,co,1,xgb,mae,0.5868781937801681,1.0702210770587175,5.101821224775135,4.514943030994966,735,0,254310
E3,E1,N0,co,1,xgb,rmse,0.8558329573205053,1.8839254048710496,10.04638823114116,9.190555273820657,735,0,254310
E3,E1,N0,co,1,xgb,smape,27.25583140894225,41.53859543277648,53.433800090909145,26.17796868196689,735,0,254310
E3,E1,N0,co,1,xgb,mase,1.9535377248058807,3.3014838055006006,4.9789773650553375,3.025439640249456,735,0,254310
E3,E1,N0,co,1,xgb,r2,-10.141271476553218,-1.8719269286060007,0.5849233983617147,10.726194874914931,730,5,254310
E3,E2,N0,co,1,xgb,mae,0.7037962826601825,1.1110939670291575,3.343652413889536,2.6398561312293536,302,0,104492
E3,E2,N0,co,1,xgb,rmse,0.9352804862513464,2.1028392626883265,6.484994582495549,5.549714096244203,302,0,104492
E3,E2,N0,co,1,xgb,smape,26.95086449949469,39.76213934867246,65.39921994142557,38.44835544193088,302,0,104492
E3,E2,N0,co,1,xgb,mase,2.2894275808291407,3.655391790661252,5.493003330404022,3.2035757495748816,302,0,104492
E3,E2,N0,co,1,xgb,r2,-11.806326174793082,-3.3498450092351537,0.3706590044838747,12.176985179276956,302,0,104492
E3,E1,N0,co,1,ma6,mae,0.110393743486229,0.4007443343426002,4.325294751812093,4.214901008325864,735,0,254310
E3,E1,N0,co,1,ma6,rmse,0.2342440532346199,1.0593756825070897,12.27716946080728,12.04292540757266,735,0,254310
E3,E1,N0,co,1,ma6,smape,5.080183487710904,12.792172647779996,23.44566252959824,18.365479041887337,735,0,254310
E3,E1,N0,co,1,ma6,mase,0.8161106061726553,1.1439163792515932,1.811272267237495,0.9951616610648396,735,0,254310
E3,E1,N0,co,1,ma6,r2,-0.11542840513736,0.0906816401615057,0.5065483125814079,0.6219767177187678,730,5,254310
E3,E1,N0,co,1,naive,mae,0.1159842646114322,0.4077071290944123,1.9981007431874485,1.8821164785760165,735,0,254310
E3,E1,N0,co,1,naive,rmse,0.2991196434411375,1.1867281489127852,6.98023933330008,6.681119689858942,735,0,254310
E3,E1,N0,co,1,naive,smape,4.737638720587974,9.480351502730132,15.941727763949164,11.20408904336119,735,0,254310
E3,E1,N0,co,1,naive,mase,0.7611273607741588,0.9683267560062772,1.2175217031077912,0.4563943423336324,735,0,254310
E3,E1,N0,co,1,naive,r2,-0.5643474806658484,0.0494237047228964,0.7287466454839717,1.29309412614982,730,5,254310
E3,E1,N0,co,1,seasonal,mae,0.2045592694075353,0.5833608587943848,13.027043765483072,12.822484496075536,735,0,254310
E3,E1,N0,co,1,seasonal,rmse,0.3681948028878185,1.336240382691116,22.378146034020247,22.00995123113243,735,0,254310
E3,E1,N0,co,1,seasonal,smape,9.221408388845724,19.76821450443936,97.69083328553938,88.46942489669365,735,0,254310
E3,E1,N0,co,1,seasonal,mase,1.2075337213946034,1.9019713255591704,4.8032765112539,3.5957427898592966,735,0,254310
E3,E1,N0,co,1,seasonal,r2,-1.6981770534156468,-0.9853203627500172,-0.4650497128361379,1.233127340579509,730,5,254310
E3,E2,N0,co,1,ma6,mae,0.1538527043765483,0.4099831406551059,2.672728862739701,2.518876158363153,302,0,104492
E3,E2,N0,co,1,ma6,rmse,0.2909994948619503,1.0725498450752826,6.942744540006254,6.651745045144304,302,0,104492
E3,E2,N0,co,1,ma6,smape,5.641191225657653,12.64980019928802,27.62023059027881,21.979039364621155,302,0,104492
E3,E2,N0,co,1,ma6,mase,0.7833682804904883,1.131888108743642,2.344000779279049,1.5606324987885607,302,0,104492
E3,E2,N0,co,1,ma6,r2,-0.2019030212423998,-0.0653761582364315,0.351984499613185,0.5538875208555849,302,0,104492
E3,E2,N0,co,1,naive,mae,0.1493514313239746,0.4140311037709882,1.5524841728598957,1.403132741535921,302,0,104492
E3,E2,N0,co,1,naive,rmse,0.3539186649903049,1.1163320988389458,4.616851088334903,4.262932423344598,302,0,104492
E3,E2,N0,co,1,naive,smape,5.133720752279617,10.84516067824362,19.90302285768643,14.769302105406814,302,0,104492
E3,E2,N0,co,1,naive,mase,0.8403180781954053,1.0366111468479566,1.5005089953693287,0.6601909171739234,302,0,104492
E3,E2,N0,co,1,naive,r2,-0.7968314539756255,-0.0710302374440685,0.628646891282471,1.4254783452580964,302,0,104492
E3,E2,N0,co,1,seasonal,mae,0.2314349366914395,0.5996881881365262,3.6570247691454334,3.4255898324539946,302,0,104492
E3,E2,N0,co,1,seasonal,rmse,0.4327348549244975,1.310730097897849,8.944734444010859,8.511999589086361,302,0,104492
E3,E2,N0,co,1,seasonal,smape,9.607966616482017,18.94994804382252,46.64013501517019,37.03216839868817,302,0,104492
E3,E2,N0,co,1,seasonal,mase,1.0312831008141004,1.736112451523507,3.617974395622676,2.586691294808576,302,0,104492
E3,E2,N0,co,1,seasonal,r2,-1.4779786944172528,-0.8953840406387032,-0.2338242989170905,1.2441543955001624,302,0,104492
E3,E1,N0,co,6,lr,mae,3.2183403119322884,3.2853070781931613,7.29431844988806,4.075978137955771,735,0,250635
E3,E1,N0,co,6,lr,rmse,3.659474790151844,3.728711995197305,15.192507228917163,11.53303243876532,735,0,250635
E3,E1,N0,co,6,lr,smape,61.70556820940348,84.75652506421548,98.21326974654582,36.50770153714234,735,0,250635
E3,E1,N0,co,6,lr,mase,4.1224581753449225,9.572825719058171,25.96553939262765,21.84308121728273,735,0,250635
E3,E1,N0,co,6,lr,r2,-189.96667021147337,-12.124982569769177,-0.0033023976169344,189.96336781385645,730,5,250635
E3,E2,N0,co,6,lr,mae,3.2408538717117006,3.2992664397104643,5.416337188463887,2.175483316752186,302,0,102982
E3,E2,N0,co,6,lr,rmse,3.7036081874785234,3.793099584667977,9.154852483674754,5.45124429619623,302,0,102982
E3,E2,N0,co,6,lr,smape,64.72572775104129,89.9421030451175,112.80181469312144,48.07608694208015,302,0,102982
E3,E2,N0,co,6,lr,mase,4.996369472098836,11.473023039280532,21.97779666435073,16.981427192251893,302,0,102982
E3,E2,N0,co,6,lr,r2,-157.09275307552525,-12.372854527524565,-0.2034024521386255,156.88935062338663,302,0,102982
E3,E1,N0,co,6,rf,mae,0.3257482254183695,0.948843670174771,10.846636222479816,10.520887997061449,735,0,250635
E3,E1,N0,co,6,rf,rmse,0.4415177280688087,1.753560791370644,18.848181876391067,18.406664148322257,735,0,250635
E3,E1,N0,co,6,rf,smape,12.005457652003,31.034530579980235,63.5133746634303,51.507917011427296,735,0,250635
E3,E1,N0,co,6,rf,mase,1.758908179515085,2.860164275102892,5.101103517935426,3.3421953384203413,735,0,250635
E3,E1,N0,co,6,rf,r2,-2.6157748720809035,-0.5420184703274292,0.027838233288753,2.6436131053696568,730,5,250635
E3,E2,N0,co,6,rf,mae,0.3537842947767867,1.022216417883349,7.582337208918415,7.228552914141628,302,0,102982
E3,E2,N0,co,6,rf,rmse,0.5334175843857363,2.4470502229593336,12.722235566201244,12.188817981815507,302,0,102982
E3,E2,N0,co,6,rf,smape,11.45452535156375,29.3044329897012,59.501354579981886,48.04682922841813,302,0,102982
E3,E2,N0,co,6,rf,mase,1.7077912210716304,3.032085507086239,6.111136780737106,4.403345559665476,302,0,102982
E3,E2,N0,co,6,rf,r2,-3.870758098807553,-0.9105899023341976,-0.2797872642103455,3.590970834597208,302,0,102982
E3,E1,N0,co,6,ridge,mae,3.2199430202124573,3.2869203874195896,7.299205236626769,4.079262216414311,735,0,250635
E3,E1,N0,co,6,ridge,rmse,3.661109274918789,3.731168400142261,15.186932026507012,11.525822751588224,735,0,250635
E3,E1,N0,co,6,ridge,smape,61.71060499396107,84.7816393977695,98.27556768454524,36.56496269058418,735,0,250635
E3,E1,N0,co,6,ridge,mase,4.125394594875303,9.573774647959858,25.97913376011833,21.853739165243027,735,0,250635
E3,E1,N0,co,6,ridge,r2,-190.15380656269505,-12.14221894945924,-0.0032766245293908,190.15052993816565,730,5,250635
E3,E2,N0,co,6,ridge,mae,3.243200935065412,3.302089480606423,5.419394332756728,2.176193397691317,302,0,102982
E3,E2,N0,co,6,ridge,rmse,3.706184764798081,3.795535515140581,9.15741620743897,5.451231442640889,302,0,102982
E3,E2,N0,co,6,ridge,smape,64.7715326801009,89.97577513685343,112.8442678074077,48.0727351273068,302,0,102982
E3,E2,N0,co,6,ridge,mase,5.000369005402486,11.483249421685,21.97933800033657,16.978968994934082,302,0,102982
E3,E2,N0,co,6,ridge,r2,-157.3022425704768,-12.39320334181622,-0.2027756610792899,157.0994669093975,302,0,102982
E3,E1,N0,co,6,svr,mae,0.2276694912428593,0.982307287780461,10.291704144779931,10.064034653537073,735,0,250635
E3,E1,N0,co,6,svr,rmse,0.3170870507382835,1.8787011088501009,17.261093785087027,16.944006734348743,735,0,250635
E3,E1,N0,co,6,svr,smape,11.749986623969583,22.66422974210872,66.59206969967562,54.84208307570604,735,0,250635
E3,E1,N0,co,6,svr,mase,1.8502432390289976,2.7351671645484075,4.827339848401314,2.977096609372316,735,0,250635
E3,E1,N0,co,6,svr,r2,-2.247437580473328,-0.9224278187719536,-0.23220046909903,2.0152371113742977,730,5,250635
E3,E2,N0,co,6,svr,mae,0.3143716982265535,1.1260640498950127,5.388424121416254,5.0740524231897,302,0,102982
E3,E2,N0,co,6,svr,rmse,0.4244191932705055,2.308647568756218,11.039576593602613,10.615157400332109,302,0,102982
E3,E2,N0,co,6,svr,smape,11.832599332988597,27.49870672544393,65.85123737208767,54.01863803909907,302,0,102982
E3,E2,N0,co,6,svr,mase,1.74897640759147,3.0580217223300825,5.502051979719166,3.753075572127696,302,0,102982
E3,E2,N0,co,6,svr,r2,-3.226233321101112,-1.3324133874997612,-0.314412517544194,2.911820803556917,302,0,102982
E3,E1,N0,co,6,xgb,mae,1.1988369778381298,2.559340340387653,8.911010548138247,7.712173570300117,735,0,250635
E3,E1,N0,co,6,xgb,rmse,1.7488768938534405,4.492440015801274,15.763701090846974,14.014824196993532,735,0,250635
E3,E1,N0,co,6,xgb,smape,42.62979112708321,59.33925278552983,79.37696228572742,36.74717115864421,735,0,250635
E3,E1,N0,co,6,xgb,mase,3.5870230655988182,7.014081631193235,11.696108369595937,8.10908530399712,735,0,250635
E3,E1,N0,co,6,xgb,r2,-74.9336095326303,-9.361574240124106,-0.1154999883402426,74.81810954429005,730,5,250635
E3,E2,N0,co,6,xgb,mae,2.0351583326855778,3.5186195123721693,6.800115109394755,4.764956776709178,302,0,102982
E3,E2,N0,co,6,xgb,rmse,3.126604024289704,5.190068327679326,10.947067631218218,7.820463606928514,302,0,102982
E3,E2,N0,co,6,xgb,smape,46.30325987490303,78.1364883984522,113.545224136613,67.24196426170997,302,0,102982
E3,E2,N0,co,6,xgb,mase,4.462302248289716,10.785496572787933,20.02442910329044,15.56212685500072,302,0,102982
E3,E2,N0,co,6,xgb,r2,-117.57182213349716,-15.570877756619687,-0.6109641985840896,116.96085793491308,302,0,102982
E3,E1,N0,co,6,ma6,mae,0.118189964157706,0.4262870641902899,5.698110133594005,5.579920169436299,735,0,250635
E3,E1,N0,co,6,ma6,rmse,0.2405353427314345,1.0908746132755782,16.761858251770718,16.521322909039284,735,0,250635
E3,E1,N0,co,6,ma6,smape,5.975263340565673,13.760307210071554,32.391318089294856,26.41605474872918,735,0,250635
E3,E1,N0,co,6,ma6,mase,0.8569837050647096,1.3306880131911905,2.4526716409744767,1.595687935909767,735,0,250635
E3,E1,N0,co,6,ma6,r2,-0.188417554339607,-0.0184523376154641,0.3341042219178702,0.5225217762574772,730,5,250635
E3,E1,N0,co,6,naive,mae,0.1217986314760508,0.4660801564027368,5.168768328445748,5.046969696969697,735,0,250635
E3,E1,N0,co,6,naive,rmse,0.3050760139804112,1.351812073155363,14.837693368810047,14.532617354829636,735,0,250635
E3,E1,N0,co,6,naive,smape,5.863030040759953,12.383935169080653,25.40685435230823,19.54382431154828,735,0,250635
E3,E1,N0,co,6,naive,mase,0.9419586151092708,1.365781794303431,2.245541876913572,1.3035832618043006,735,0,250635
E3,E1,N0,co,6,naive,r2,-0.9037456588447704,-0.445702519016671,0.2664497217689465,1.170195380613717,730,5,250635
E3,E1,N0,co,6,seasonal,mae,0.1989491691104594,0.6005301150462441,13.490272473941827,13.29132330483137,735,0,250635
E3,E1,N0,co,6,seasonal,rmse,0.367504629688224,1.315610462690445,23.4353781004644,23.06787347077617,735,0,250635
E3,E1,N0,co,6,seasonal,smape,9.05140909640785,20.662545515852685,97.34895650608544,88.29754740967759,735,0,250635
E3,E1,N0,co,6,seasonal,mase,1.2062391018080958,2.020987061748379,4.937843702599956,3.73160460079186,735,0,250635
E3,E1,N0,co,6,seasonal,r2,-1.732513177161865,-1.030169132341181,-0.5047572009122452,1.2277559762496195,730,5,250635
E3,E2,N0,co,6,ma6,mae,0.1502286691802824,0.4466136014523111,3.516106921752083,3.3658782525718003,302,0,102982
E3,E2,N0,co,6,ma6,rmse,0.2960420181378536,1.1030950260519925,9.174840444790604,8.87879842665275,302,0,102982
E3,E2,N0,co,6,ma6,smape,5.942399536947526,14.136673558714117,32.393437994689435,26.45103845774191,302,0,102982
E3,E2,N0,co,6,ma6,mase,0.7835085387753631,1.2940617002637738,2.840736542625937,2.057228003850573,302,0,102982
E3,E2,N0,co,6,ma6,r2,-0.2241353708845661,-0.0815948382898481,0.0950688743062816,0.3192042451908476,302,0,102982
E3,E2,N0,co,6,naive,mae,0.1703550481776288,0.4807987711213518,3.186587068845133,3.0162320206675046,302,0,102982
E3,E2,N0,co,6,naive,rmse,0.3675436949653333,1.3919800593738558,9.145744634868167,8.778200939902835,302,0,102982
E3,E2,N0,co,6,naive,smape,6.234226986774637,14.040678358325197,28.015010377143867,21.78078339036923,302,0,102982
E3,E2,N0,co,6,naive,mase,0.9502681275515148,1.3738582862275623,2.7237365917698964,1.7734684642183816,302,0,102982
E3,E2,N0,co,6,naive,r2,-1.0212537378616848,-0.7373032450367851,-0.0334340520905988,0.987819685771086,302,0,102982
E3,E2,N0,co,6,seasonal,mae,0.2320817623236978,0.7206605222734255,4.266275659824046,4.034193897500349,302,0,102982
E3,E2,N0,co,6,seasonal,rmse,0.4410830413901536,1.525229579180075,10.2744859620524,9.833402920662245,302,0,102982
E3,E2,N0,co,6,seasonal,smape,9.544368978193638,20.04752737341606,46.86031143323049,37.31594245503685,302,0,102982
E3,E2,N0,co,6,seasonal,mase,1.075772205841881,2.044025063269125,4.340616370864421,3.26484416502254,302,0,102982
E3,E2,N0,co,6,seasonal,r2,-1.6419523214204783,-1.0069625022384356,-0.4791392648780159,1.1628130565424626,302,0,102982
E3,E1,N0,co,12,lr,mae,4.128387558565491,4.199976805648844,9.363902018264152,5.235514459698662,735,0,246225
E3,E1,N0,co,12,lr,rmse,5.038104623254883,5.104492827656976,17.2039852184404,12.165880595185518,735,0,246225
E3,E1,N0,co,12,lr,smape,67.87162569292862,89.63184808349406,102.255071036106,34.38344534317737,735,0,246225
E3,E1,N0,co,12,lr,mase,5.268856262933243,12.83209740023791,33.29576985066687,28.02691358773363,735,0,246225
E3,E1,N0,co,12,lr,r2,-356.1516992098687,-22.653186187669515,-0.1212075733415503,356.0304916365272,730,5,246225
E3,E2,N0,co,12,lr,mae,4.174409310662075,4.246799238627366,6.481830387651656,2.3074210769895807,302,0,101170
E3,E2,N0,co,12,lr,rmse,5.118613371659111,5.173805304856195,10.143092023933686,5.024478652274576,302,0,101170
E3,E2,N0,co,12,lr,smape,69.43146436832855,95.31182554817175,115.91838897756811,46.486924609239566,302,0,101170
E3,E2,N0,co,12,lr,mase,6.393937374432146,14.888723845003458,29.696727682149888,23.302790307717743,302,0,101170
E3,E2,N0,co,12,lr,r2,-301.47684134457097,-22.831928152983707,-0.4840778422503881,300.9927635023206,302,0,101170
E3,E1,N0,co,12,rf,mae,0.4164072562876174,1.1608917062252062,10.210669171770766,9.794261915483148,735,0,246225
E3,E1,N0,co,12,rf,rmse,0.5225470622508657,2.3735227482000725,18.774027165414346,18.25148010316348,735,0,246225
E3,E1,N0,co,12,rf,smape,16.199863692697743,34.39155962671979,71.33580334143076,55.13593964873301,735,0,246225
E3,E1,N0,co,12,rf,mase,2.135617534425805,3.4537049808535243,6.016038959604313,3.880421425178509,735,0,246225
E3,E1,N0,co,12,rf,r2,-3.921360614504645,-1.2093527567159108,-0.1629323735160673,3.758428240988577,730,5,246225
E3,E2,N0,co,12,rf,mae,0.4734608311766515,1.3035710807244574,6.005737945676922,5.532277114500271,302,0,101170
E3,E2,N0,co,12,rf,rmse,0.6321444898415067,2.8137716778205606,12.00901186392327,11.376867374081764,302,0,101170
E3,E2,N0,co,12,rf,smape,15.008615261671086,33.56802689416909,70.32051291229854,55.31189765062746,302,0,101170
E3,E2,N0,co,12,rf,mase,2.084431891092984,3.744059360222455,6.397406402321041,4.312974511228057,302,0,101170
E3,E2,N0,co,12,rf,r2,-4.837161676464884,-1.9898910183168603,-0.5231773334734888,4.313984342991395,302,0,101170
E3,E1,N0,co,12,ridge,mae,4.132046202642447,4.203013910477891,9.36349992989023,5.231453727247783,735,0,246225
E3,E1,N0,co,12,ridge,rmse,5.0412208705322445,5.108043180746458,17.20075876273503,12.159537892202788,735,0,246225
E3,E1,N0,co,12,ridge,smape,67.89043355831973,89.68613935048445,102.32598823956478,34.43555468124505,735,0,246225
E3,E1,N0,co,12,ridge,mase,5.2739598992514765,12.835477047257273,33.32326936358126,28.049309464329784,735,0,246225
E3,E1,N0,co,12,ridge,r2,-356.6344033939512,-22.68529924475525,-0.1218851435493049,356.51251825040185,730,5,246225
E3,E2,N0,co,12,ridge,mae,4.179252259794981,4.250981095453666,6.485714244156118,2.306461984361137,302,0,101170
E3,E2,N0,co,12,ridge,rmse,5.122952443616893,5.177788197787589,10.143848115952526,5.020895672335633,302,0,101170
E3,E2,N0,co,12,ridge,smape,69.49764240558807,95.41141221365288,115.99508769055434,46.49744528496628,302,0,101170
E3,E2,N0,co,12,ridge,mase,6.395636894607068,14.905537953327968,29.693774496471605,23.298137601864536,302,0,101170
E3,E2,N0,co,12,ridge,r2,-301.92000206951974,-22.86977922735021,-0.4830089466319338,301.4369931228878,302,0,101170
E3,E1,N0,co,12,svr,mae,0.2504098363674364,1.065274252737954,11.152097403720564,10.901687567353129,735,0,246225
E3,E1,N0,co,12,svr,rmse,0.344983596609807,2.1291095691634188,18.61818092032873,18.27319732371892,735,0,246225
E3,E1,N0,co,12,svr,smape,13.13284901850333,24.24818893944426,70.13391570575462,57.00106668725129,735,0,246225
E3,E1,N0,co,12,svr,mase,1.9952933636891028,3.024020705470216,5.412714395231106,3.417421031542003,735,0,246225
E3,E1,N0,co,12,svr,r2,-2.720585710399294,-1.1483625591868811,-0.4010230052342791,2.3195627051650147,730,5,246225
E3,E2,N0,co,12,svr,mae,0.4654470117208863,1.2924254269369673,6.565337160175434,6.099890148454548,302,0,101170
E3,E2,N0,co,12,svr,rmse,0.6284892712007841,2.621384672248471,12.021552684710995,11.393063413510212,302,0,101170
E3,E2,N0,co,12,svr,smape,20.6374578277632,38.84659454820493,76.79672618646505,56.15926835870185,302,0,101170
E3,E2,N0,co,12,svr,mase,2.470812208576226,4.623484812179318,6.904533573379318,4.433721364803092,302,0,101170
E3,E2,N0,co,12,svr,r2,-6.360334217163746,-2.594299357129328,-0.6904125988261336,5.669921618337612,302,0,101170
E3,E1,N0,co,12,xgb,mae,1.4822474624104296,2.5346028138773664,9.348023346114967,7.865775883704538,735,0,246225
E3,E1,N0,co,12,xgb,rmse,2.2876585055734595,4.139416505092305,16.75908298040421,14.47142447483075,735,0,246225
E3,E1,N0,co,12,xgb,smape,44.93261657281472,69.22639040919776,84.66469673432195,39.73208016150723,735,0,246225
E3,E1,N0,co,12,xgb,mase,3.720542166711488,7.255666734148402,12.299564654363149,8.57902248765166,735,0,246225
E3,E1,N0,co,12,xgb,r2,-63.85154242247437,-5.1257401171096095,-0.2122059451595666,63.6393364773148,730,5,246225
E3,E2,N0,co,12,xgb,mae,2.4120528515301216,3.966142319534873,6.785870737158287,4.373817885628165,302,0,101170
E3,E2,N0,co,12,xgb,rmse,3.5524445290374924,5.495754955444102,10.882067021528062,7.32962249249057,302,0,101170
E3,E2,N0,co,12,xgb,smape,54.26699486781917,86.5518417071376,119.40455307153393,65.13755820371475,302,0,101170
E3,E2,N0,co,12,xgb,mase,4.85107024250024,11.214390515460618,23.66262952232311,18.811559279822863,302,0,101170
E3,E2,N0,co,12,xgb,r2,-149.4479636154962,-10.59711402644384,-0.5709709220290825,148.87699269346712,302,0,101170
E3,E1,N0,co,12,ma6,mae,0.1347558473864444,0.4558156188753204,7.014531919158785,6.879776071772341,735,0,246225
E3,E1,N0,co,12,ma6,rmse,0.25931130352537,1.111426364895347,18.408990122321168,18.1496788187958,735,0,246225
E3,E1,N0,co,12,ma6,smape,6.535508924229029,14.520183317041008,40.84452363809564,34.30901471386661,735,0,246225
E3,E1,N0,co,12,ma6,mase,0.9561140462782468,1.3962930465551435,2.814811180505779,1.858697134227532,735,0,246225
E3,E1,N0,co,12,ma6,r2,-0.2389956269409342,-0.132743141242109,0.1506119610582942,0.3896075879992284,730,5,246225
E3,E1,N0,co,12,naive,mae,0.1028358208955224,0.4493532338308457,6.719764812302126,6.616928991406604,735,0,246225
E3,E1,N0,co,12,naive,rmse,0.2839079742425555,1.3775528088946472,17.873999694673202,17.590091720430646,735,0,246225
E3,E1,N0,co,12,naive,smape,4.775572239312652,11.545993866828844,35.26282099276322,30.487248753450565,735,0,246225
E3,E1,N0,co,12,naive,mase,0.7980182576452111,1.3996912177458785,2.695994217063193,1.897975959417982,735,0,246225
E3,E1,N0,co,12,naive,r2,-0.8623637726485143,-0.3643508899119527,0.2025560091190408,1.064919781767555,730,5,246225
E3,E1,N0,co,12,seasonal,mae,0.1804145936981758,0.5817812722103767,13.306924307036248,13.126509713338072,735,0,246225
E3,E1,N0,co,12,seasonal,rmse,0.3557874103916361,1.3108755445123932,23.28632562955037,22.93053821915873,735,0,246225
E3,E1,N0,co,12,seasonal,smape,7.971153513866833,20.01790560928047,92.38389596034608,84.41274244647924,735,0,246225
E3,E1,N0,co,12,seasonal,mase,1.1193873169679345,1.9214194378612843,5.017434115569048,3.898046798601114,735,0,246225
E3,E1,N0,co,12,seasonal,r2,-1.6598809831819283,-0.8908985499526633,-0.3793112570197209,1.280569726162207,730,5,246225
E3,E2,N0,co,12,ma6,mae,0.1651365197820421,0.4632921245421245,3.798718313195925,3.633581793413883,302,0,101170
E3,E2,N0,co,12,ma6,rmse,0.2969308585650491,1.1148629896239068,10.037563421214678,9.740632562649628,302,0,101170
E3,E2,N0,co,12,ma6,smape,6.497973271285784,15.344176068900492,38.22842538369924,31.730452112413456,302,0,101170
E3,E2,N0,co,12,ma6,mase,0.841735849432535,1.368815529483027,3.197542629579294,2.355806780146759,302,0,101170
E3,E2,N0,co,12,ma6,r2,-0.3587782642985221,-0.1876846201847666,-0.0491645369034824,0.3096137273950397,302,0,101170
E3,E2,N0,co,12,naive,mae,0.1514153135421792,0.4649182658137881,3.6815778251599145,3.530162511617735,302,0,101170
E3,E2,N0,co,12,naive,rmse,0.3570362657796322,1.3867216185280946,10.209596025791653,9.85255976001202,302,0,101170
E3,E2,N0,co,12,naive,smape,5.216072626749324,12.704738274578316,31.943407258534613,26.72733463178529,302,0,101170
E3,E2,N0,co,12,naive,mase,0.7595636446503289,1.4399804305765174,3.1728939575492205,2.413330312898892,302,0,101170
E3,E2,N0,co,12,naive,r2,-0.951576306542724,-0.6168209223160894,-0.0684045728768881,0.8831717336658358,302,0,101170
E3,E2,N0,co,12,seasonal,mae,0.2217700660657749,0.6644314143567873,4.32600302061123,4.104232954545455,302,0,101170
E3,E2,N0,co,12,seasonal,rmse,0.4377587097856494,1.5367172080573206,10.061076827298129,9.62331811751248,302,0,101170
E3,E2,N0,co,12,seasonal,smape,8.760920030443096,19.570210254956773,47.3985457716018,38.6376257411587,302,0,101170
E3,E2,N0,co,12,seasonal,mase,0.9817993200377956,1.940666902752136,4.524870848324969,3.543071528287174,302,0,101170
E3,E2,N0,co,12,seasonal,r2,-1.483669523618236,-0.94219188446899,-0.2670308259445879,1.216638697673648,302,0,101170
E3,E1,N1,co,1,lr,mae,0.1958181329292366,0.7108878257054221,5.046170075275462,4.850351942346226,735,0,254310
E3,E1,N1,co,1,lr,rmse,0.3720535537705888,1.4518334237945043,8.260592595551064,7.888539041780475,735,0,254310
E3,E1,N1,co,1,lr,smape,7.783197431725089,22.50071281503348,47.731245245722775,39.94804781399769,735,0,254310
E3,E1,N1,co,1,lr,mase,1.2130355412279727,1.5150963012905674,2.057987736974416,0.8449521957464432,735,0,254310
E3,E1,N1,co,1,lr,r2,-1.3898851253787607,-0.3734897131724033,0.6823244328807841,2.072209558259545,730,5,254310
E3,E2,N1,co,1,lr,mae,0.3063060543507971,1.0407639046280917,4.45880892300338,4.152502868652583,302,0,104492
E3,E2,N1,co,1,lr,rmse,0.5119297950923906,1.7838618462099955,6.2130637317901805,5.70113393669779,302,0,104492
E3,E2,N1,co,1,lr,smape,12.319576100768494,28.09158110212094,70.8028892810731,58.48331318030461,302,0,104492
E3,E2,N1,co,1,lr,mase,1.5575711204914762,2.231343897058617,3.8354185586728926,2.2778474381814164,302,0,104492
E3,E2,N1,co,1,lr,r2,-2.0701570989349785,-0.711858103769268,0.3278316957552878,2.3979887946902663,302,0,104492
E3,E1,N1,co,1,rf,mae,0.1341722461395754,0.6387874727214782,5.296986713908032,5.162814467768456,735,0,254310
E3,E1,N1,co,1,rf,rmse,0.3063658585480199,1.6473247765184915,10.494524446993251,10.188158588445232,735,0,254310
E3,E1,N1,co,1,rf,smape,5.790894030076879,15.083265840675075,44.98397605774106,39.19308202766418,735,0,254310
E3,E1,N1,co,1,rf,mase,0.8547357425035963,1.283634759065004,1.9955772864690005,1.1408415439654045,735,0,254310
E3,E1,N1,co,1,rf,r2,-0.753709297256135,0.0676884834993684,0.5932368549483509,1.346946152204486,730,5,254310
E3,E2,N1,co,1,rf,mae,0.1679667455818135,0.639258449267863,4.487237445334963,4.319270699753149,302,0,104492
E3,E2,N1,co,1,rf,rmse,0.3780297457006368,2.070390258765386,8.82312384780281,8.445094102102173,302,0,104492
E3,E2,N1,co,1,rf,smape,7.032705375829341,16.035320755767803,44.54680625140293,37.51410087557359,302,0,104492
E3,E2,N1,co,1,rf,mase,0.8645031816497315,1.3719543028975352,3.0994895541725525,2.2349863725228207,302,0,104492
E3,E2,N1,co,1,rf,r2,-1.0174824534980065,-0.0800070409574762,0.4347912827033134,1.4522737362013198,302,0,104492
E3,E1,N1,co,1,ridge,mae,0.1963434335534699,0.7124712133634827,5.056790449098614,4.860447015545144,735,0,254310
E3,E1,N1,co,1,ridge,rmse,0.3723418530318358,1.4541363427381653,8.270964162563375,7.8986223095315395,735,0,254310
E3,E1,N1,co,1,ridge,smape,7.795384745039648,22.566556662806065,47.7358843944003,39.94049964936065,735,0,254310
E3,E1,N1,co,1,ridge,mase,1.21606652563284,1.5193801056259346,2.062170464885745,0.8461039392529051,735,0,254310
E3,E1,N1,co,1,ridge,r2,-1.3913514359022725,-0.3742379106001894,0.6828935374455398,2.0742449733478123,730,5,254310
E3,E2,N1,co,1,ridge,mae,0.3071462241461701,1.0475872525402523,4.4749443208482695,4.167798096702099,302,0,104492
E3,E2,N1,co,1,ridge,rmse,0.5124343220847589,1.7876003806326528,6.228236310191821,5.715801988107062,302,0,104492
E3,E2,N1,co,1,ridge,smape,12.317797668105738,28.200426613037017,71.04899056167369,58.73119289356795,302,0,104492
E3,E2,N1,co,1,ridge,mase,1.5615158355716807,2.242989887714141,3.853498576445508,2.291982740873828,302,0,104492
E3,E2,N1,co,1,ridge,r2,-2.0807626150838825,-0.7174070125763374,0.3280395163063915,2.408802131390274,302,0,104492
E3,E1,N1,co,1,svr,mae,0.1600368578163896,0.5878814799456161,6.705721722230098,6.545684864413709,735,0,254310
E3,E1,N1,co,1,svr,rmse,0.2761248890031575,1.1672009135889791,11.87107440341096,11.594949514407803,735,0,254310
E3,E1,N1,co,1,svr,smape,7.682235874431374,19.294030566581963,64.62065841731295,56.93842254288158,735,0,254310
E3,E1,N1,co,1,svr,mase,1.1035716210993796,1.5592962206969787,2.837541628049345,1.7339700069499653,735,0,254310
E3,E1,N1,co,1,svr,r2,-0.2465413117315389,0.0711801221543336,0.4897252525068257,0.7362665642383648,730,5,254310
E3,E2,N1,co,1,svr,mae,0.1781355850410447,0.5690147540616226,3.56664802431172,3.388512439270676,302,0,104492
E3,E2,N1,co,1,svr,rmse,0.3320571959040064,1.1201610514870204,6.341852963495637,6.009795767591631,302,0,104492
E3,E2,N1,co,1,svr,smape,8.090657043524914,18.99412198116812,66.09033461892037,57.99967757539545,302,0,104492
E3,E2,N1,co,1,svr,mase,0.9657930578585446,1.452524859745592,2.768668614682637,1.8028755568240924,302,0,104492
E3,E2,N1,co,1,svr,r2,-0.3072521338647731,-0.0055805879760877,0.4042380349444965,0.7114901688092696,302,0,104492
E3,E1,N1,co,1,xgb,mae,0.740280129501143,9.393182283469384,32.71555268258235,31.975272553081204,735,0,254310
E3,E1,N1,co,1,xgb,rmse,3.6473345207690193,18.71341521662747,131.62563449796193,127.9782999771929,735,0,254310
E3,E1,N1,co,1,xgb,smape,12.642827313348484,36.89201138006463,60.12675514250581,47.48392782915733,735,0,254310
E3,E1,N1,co,1,xgb,mase,2.366311680963856,7.362056657546591,58.96759809062615,56.60128640966229,735,0,254310
E3,E1,N1,co,1,xgb,r2,-6519.342475689792,-415.80842574339937,-1.0597544829092589,6518.282721206883,730,5,254310
E3,E2,N1,co,1,xgb,mae,0.7668396282036949,7.385767844299892,64.85258152908803,64.08574190088433,302,0,104492
E3,E2,N1,co,1,xgb,rmse,4.042623498890215,30.44925318546919,278.01229267661853,273.9696691777283,302,0,104492
E3,E2,N1,co,1,xgb,smape,14.545129640113032,30.45009174248464,77.21253249170861,62.66740285159558,302,0,104492
E3,E2,N1,co,1,xgb,mase,2.6832217308483925,12.52542391295614,106.71100103903258,104.0277793081842,302,0,104492
E3,E2,N1,co,1,xgb,r2,-11281.763653221044,-638.5131284330948,-15.472714943702629,11266.290938277343,302,0,104492
E3,E1,N1,co,1,ma6,mae,0.110393743486229,0.4007443343426002,4.325294751812093,4.214901008325864,735,0,254310
E3,E1,N1,co,1,ma6,rmse,0.2342440532346199,1.0593756825070897,12.27716946080728,12.04292540757266,735,0,254310
E3,E1,N1,co,1,ma6,smape,5.080183487710904,12.792172647779996,23.44566252959824,18.365479041887337,735,0,254310
E3,E1,N1,co,1,ma6,mase,0.8161106061726553,1.1439163792515932,1.811272267237495,0.9951616610648396,735,0,254310
E3,E1,N1,co,1,ma6,r2,-0.11542840513736,0.0906816401615057,0.5065483125814079,0.6219767177187678,730,5,254310
E3,E1,N1,co,1,naive,mae,0.1159842646114322,0.4077071290944123,1.9981007431874485,1.8821164785760165,735,0,254310
E3,E1,N1,co,1,naive,rmse,0.2991196434411375,1.1867281489127852,6.98023933330008,6.681119689858942,735,0,254310
E3,E1,N1,co,1,naive,smape,4.737638720587974,9.480351502730132,15.941727763949164,11.20408904336119,735,0,254310
E3,E1,N1,co,1,naive,mase,0.7611273607741588,0.9683267560062772,1.2175217031077912,0.4563943423336324,735,0,254310
E3,E1,N1,co,1,naive,r2,-0.5643474806658484,0.0494237047228964,0.7287466454839717,1.29309412614982,730,5,254310
E3,E1,N1,co,1,seasonal,mae,0.2045592694075353,0.5833608587943848,13.027043765483072,12.822484496075536,735,0,254310
E3,E1,N1,co,1,seasonal,rmse,0.3681948028878185,1.336240382691116,22.378146034020247,22.00995123113243,735,0,254310
E3,E1,N1,co,1,seasonal,smape,9.221408388845724,19.76821450443936,97.69083328553938,88.46942489669365,735,0,254310
E3,E1,N1,co,1,seasonal,mase,1.2075337213946034,1.9019713255591704,4.8032765112539,3.5957427898592966,735,0,254310
E3,E1,N1,co,1,seasonal,r2,-1.6981770534156468,-0.9853203627500172,-0.4650497128361379,1.233127340579509,730,5,254310
E3,E2,N1,co,1,ma6,mae,0.1538527043765483,0.4099831406551059,2.672728862739701,2.518876158363153,302,0,104492
E3,E2,N1,co,1,ma6,rmse,0.2909994948619503,1.0725498450752826,6.942744540006254,6.651745045144304,302,0,104492
E3,E2,N1,co,1,ma6,smape,5.641191225657653,12.64980019928802,27.62023059027881,21.979039364621155,302,0,104492
E3,E2,N1,co,1,ma6,mase,0.7833682804904883,1.131888108743642,2.344000779279049,1.5606324987885607,302,0,104492
E3,E2,N1,co,1,ma6,r2,-0.2019030212423998,-0.0653761582364315,0.351984499613185,0.5538875208555849,302,0,104492
E3,E2,N1,co,1,naive,mae,0.1493514313239746,0.4140311037709882,1.5524841728598957,1.403132741535921,302,0,104492
E3,E2,N1,co,1,naive,rmse,0.3539186649903049,1.1163320988389458,4.616851088334903,4.262932423344598,302,0,104492
E3,E2,N1,co,1,naive,smape,5.133720752279617,10.84516067824362,19.90302285768643,14.769302105406814,302,0,104492
E3,E2,N1,co,1,naive,mase,0.8403180781954053,1.0366111468479566,1.5005089953693287,0.6601909171739234,302,0,104492
E3,E2,N1,co,1,naive,r2,-0.7968314539756255,-0.0710302374440685,0.628646891282471,1.4254783452580964,302,0,104492
E3,E2,N1,co,1,seasonal,mae,0.2314349366914395,0.5996881881365262,3.6570247691454334,3.4255898324539946,302,0,104492
E3,E2,N1,co,1,seasonal,rmse,0.4327348549244975,1.310730097897849,8.944734444010859,8.511999589086361,302,0,104492
E3,E2,N1,co,1,seasonal,smape,9.607966616482017,18.94994804382252,46.64013501517019,37.03216839868817,302,0,104492
E3,E2,N1,co,1,seasonal,mase,1.0312831008141004,1.736112451523507,3.617974395622676,2.586691294808576,302,0,104492
E3,E2,N1,co,1,seasonal,r2,-1.4779786944172528,-0.8953840406387032,-0.2338242989170905,1.2441543955001624,302,0,104492
E3,E1,N1,co,6,lr,mae,0.4079940690659861,1.7720413533636197,19.10393847253455,18.69594440346857,735,0,250635
E3,E1,N1,co,6,lr,rmse,0.5966001053699046,2.5991311780209023,24.260903374067112,23.664303268697207,735,0,250635
E3,E1,N1,co,6,lr,smape,16.914200562585755,43.45104809624922,83.5713397287872,66.65713916620143,735,0,250635
E3,E1,N1,co,6,lr,mase,2.8922225621296613,4.012647014681219,6.770382070889529,3.8781595087598673,735,0,250635
E3,E1,N1,co,6,lr,r2,-4.600668984743555,-2.831960614552433,-0.894113123185498,3.7065558615580567,730,5,250635
E3,E2,N1,co,6,lr,mae,1.0832798017556289,3.930989576649504,20.48129567859404,19.398015876838404,302,0,102982
E3,E2,N1,co,6,lr,rmse,1.210128996002628,4.293520984621001,22.419223162464498,21.20909416646187,302,0,102982
E3,E2,N1,co,6,lr,smape,37.313373781873175,73.89468725757058,135.33822143128248,98.02484764940932,302,0,102982
E3,E2,N1,co,6,lr,mase,5.425100394521453,9.750852524122498,16.599378255625034,11.17427786110358,302,0,102982
E3,E2,N1,co,6,lr,r2,-16.611361533484725,-8.24402442643945,-4.998756991586956,11.61260454189777,302,0,102982
E3,E1,N1,co,6,rf,mae,0.2380023651058772,1.281891825889707,20.07558448768477,19.83758212257889,735,0,250635
E3,E1,N1,co,6,rf,rmse,0.4677029319795913,3.0362809280190577,28.915109022109647,28.44740609013005,735,0,250635
E3,E1,N1,co,6,rf,smape,9.755746790293376,24.55302893318948,71.61629009885995,61.86054330856658,735,0,250635
E3,E1,N1,co,6,rf,mase,1.508874716743427,2.5497611531712336,4.925988895442957,3.41711417869953,735,0,250635
E3,E1,N1,co,6,rf,r2,-4.521815319529287,-0.4571513766082363,0.0381912495785964,4.560006569107883,730,5,250635
E3,E2,N1,co,6,rf,mae,0.2794101724901485,1.528441877712209,12.995758845791531,12.716348673301384,302,0,102982
E3,E2,N1,co,6,rf,rmse,0.5494843371708245,3.611623280278081,28.57957034102724,28.03008600385641,302,0,102982
E3,E2,N1,co,6,rf,smape,11.6308881651889,27.101705244644968,72.83818260806984,61.207294442880944,302,0,102982
E3,E2,N1,co,6,rf,mase,1.402969229847669,2.7221307968971766,7.064598048632874,5.661628818785205,302,0,102982
E3,E2,N1,co,6,rf,r2,-12.12630289765587,-0.7166226495574346,-0.1005538853685432,12.025749012287328,302,0,102982
E3,E1,N1,co,6,ridge,mae,0.4074959133583771,1.77161791099101,19.176982976727203,18.769487063368825,735,0,250635
E3,E1,N1,co,6,ridge,rmse,0.5881245172084577,2.5507842162524184,24.2840836921678,23.695959174959345,735,0,250635
E3,E1,N1,co,6,ridge,smape,16.803432460066528,43.37001035020008,83.39038153827826,66.58694907821173,735,0,250635
E3,E1,N1,co,6,ridge,mase,2.87619265676286,3.988762221325421,6.7735171824798375,3.897324525716978,735,0,250635
E3,E1,N1,co,6,ridge,r2,-4.440661063038594,-2.7736912952033146,-0.883833771011412,3.556827292027182,730,5,250635
E3,E2,N1,co,6,ridge,mae,1.079093570013867,3.9280500385418575,20.44871237594841,19.369618805934543,302,0,102982
E3,E2,N1,co,6,ridge,rmse,1.2056598304619657,4.276912826680691,22.35050524189465,21.144845411432687,302,0,102982
E3,E2,N1,co,6,ridge,smape,37.307876791198126,73.91293264905786,135.3791088880552,98.07123209685706,302,0,102982
E3,E2,N1,co,6,ridge,mase,5.403665491967079,9.70925313447517,16.613186028717706,11.209520536750627,302,0,102982
E3,E2,N1,co,6,ridge,r2,-16.566842476128766,-8.161442175928002,-4.962256743742274,11.604585732386491,302,0,102982
E3,E1,N1,co,6,svr,mae,0.3114413300490749,1.240249486525184,17.730871265176628,17.419429935127553,735,0,250635
E3,E1,N1,co,6,svr,rmse,0.4100226633428417,1.7052350613311211,23.925441660362537,23.51541899701969,735,0,250635
E3,E1,N1,co,6,svr,smape,16.217689214741952,40.684412470582295,114.64361184718402,98.42592263244208,735,0,250635
E3,E1,N1,co,6,svr,mase,2.0819358827434185,3.1251952748932434,7.1886157767234895,5.106679893980071,735,0,250635
E3,E1,N1,co,6,svr,r2,-1.7112432225514076,-0.980222781128933,-0.5626595731738482,1.1485836493775594,730,5,250635
E3,E2,N1,co,6,svr,mae,0.2844336693692338,0.9248442202067766,6.4531060235839375,6.168672354214704,302,0,102982
E3,E2,N1,co,6,svr,rmse,0.385146452324411,1.4601008473478456,10.840875355085496,10.455728902761084,302,0,102982
E3,E2,N1,co,6,svr,smape,13.650655765588487,34.7198050457704,117.17685258957434,103.52619682398586,302,0,102982
E3,E2,N1,co,6,svr,mase,1.4719745056965192,2.404071486472247,4.929951097738426,3.457976592041907,302,0,102982
E3,E2,N1,co,6,svr,r2,-1.1380815304635243,-0.4136504277323068,-0.2012643391949031,0.9368171912686212,302,0,102982
E3,E1,N1,co,6,xgb,mae,1.7047483245129915,18.96886821386174,56.70770617929925,55.00295785478626,735,0,250635
E3,E1,N1,co,6,xgb,rmse,7.740057230611722,34.79386364161822,272.7910707915304,265.05101356091865,735,0,250635
E3,E1,N1,co,6,xgb,smape,17.15569004792794,46.40317056245456,80.03327114380531,62.87758109587737,735,0,250635
E3,E1,N1,co,6,xgb,mase,5.379635431401535,15.545852380282588,86.40237923299375,81.02274380159221,735,0,250635
E3,E1,N1,co,6,xgb,r2,-31240.09874706269,-1003.8510607412388,-4.088995068345183,31236.009751994345,730,5,250635
E3,E2,N1,co,6,xgb,mae,1.5487246792883045,13.589344039414648,98.54173110642816,96.99300642713986,302,0,102982
E3,E2,N1,co,6,xgb,rmse,8.754971454996037,64.32292644593679,486.439226973519,477.68425551852295,302,0,102982
E3,E2,N1,co,6,xgb,smape,18.768281392001647,38.12433132305638,93.90112539477784,75.13284400277618,302,0,102982
E3,E2,N1,co,6,xgb,mase,4.959275214288683,27.203140943657218,176.80544042114929,171.8461652068606,302,0,102982
E3,E2,N1,co,6,xgb,r2,-48990.59666188579,-2178.207477055173,-41.363830273206325,48949.232831612586,302,0,102982
E3,E1,N1,co,6,ma6,mae,0.118189964157706,0.4262870641902899,5.698110133594005,5.579920169436299,735,0,250635
E3,E1,N1,co,6,ma6,rmse,0.2405353427314345,1.0908746132755782,16.761858251770718,16.521322909039284,735,0,250635
E3,E1,N1,co,6,ma6,smape,5.975263340565673,13.760307210071554,32.391318089294856,26.41605474872918,735,0,250635
E3,E1,N1,co,6,ma6,mase,0.8569837050647096,1.3306880131911905,2.4526716409744767,1.595687935909767,735,0,250635
E3,E1,N1,co,6,ma6,r2,-0.188417554339607,-0.0184523376154641,0.3341042219178702,0.5225217762574772,730,5,250635
E3,E1,N1,co,6,naive,mae,0.1217986314760508,0.4660801564027368,5.168768328445748,5.046969696969697,735,0,250635
E3,E1,N1,co,6,naive,rmse,0.3050760139804112,1.351812073155363,14.837693368810047,14.532617354829636,735,0,250635
E3,E1,N1,co,6,naive,smape,5.863030040759953,12.383935169080653,25.40685435230823,19.54382431154828,735,0,250635
E3,E1,N1,co,6,naive,mase,0.9419586151092708,1.365781794303431,2.245541876913572,1.3035832618043006,735,0,250635
E3,E1,N1,co,6,naive,r2,-0.9037456588447704,-0.445702519016671,0.2664497217689465,1.170195380613717,730,5,250635
E3,E1,N1,co,6,seasonal,mae,0.1989491691104594,0.6005301150462441,13.490272473941827,13.29132330483137,735,0,250635
E3,E1,N1,co,6,seasonal,rmse,0.367504629688224,1.315610462690445,23.4353781004644,23.06787347077617,735,0,250635
E3,E1,N1,co,6,seasonal,smape,9.05140909640785,20.662545515852685,97.34895650608544,88.29754740967759,735,0,250635
E3,E1,N1,co,6,seasonal,mase,1.2062391018080958,2.020987061748379,4.937843702599956,3.73160460079186,735,0,250635
E3,E1,N1,co,6,seasonal,r2,-1.732513177161865,-1.030169132341181,-0.5047572009122452,1.2277559762496195,730,5,250635
E3,E2,N1,co,6,ma6,mae,0.1502286691802824,0.4466136014523111,3.516106921752083,3.3658782525718003,302,0,102982
E3,E2,N1,co,6,ma6,rmse,0.2960420181378536,1.1030950260519925,9.174840444790604,8.87879842665275,302,0,102982
E3,E2,N1,co,6,ma6,smape,5.942399536947526,14.136673558714117,32.393437994689435,26.45103845774191,302,0,102982
E3,E2,N1,co,6,ma6,mase,0.7835085387753631,1.2940617002637738,2.840736542625937,2.057228003850573,302,0,102982
E3,E2,N1,co,6,ma6,r2,-0.2241353708845661,-0.0815948382898481,0.0950688743062816,0.3192042451908476,302,0,102982
E3,E2,N1,co,6,naive,mae,0.1703550481776288,0.4807987711213518,3.186587068845133,3.0162320206675046,302,0,102982
E3,E2,N1,co,6,naive,rmse,0.3675436949653333,1.3919800593738558,9.145744634868167,8.778200939902835,302,0,102982
E3,E2,N1,co,6,naive,smape,6.234226986774637,14.040678358325197,28.015010377143867,21.78078339036923,302,0,102982
E3,E2,N1,co,6,naive,mase,0.9502681275515148,1.3738582862275623,2.7237365917698964,1.7734684642183816,302,0,102982
E3,E2,N1,co,6,naive,r2,-1.0212537378616848,-0.7373032450367851,-0.0334340520905988,0.987819685771086,302,0,102982
E3,E2,N1,co,6,seasonal,mae,0.2320817623236978,0.7206605222734255,4.266275659824046,4.034193897500349,302,0,102982
E3,E2,N1,co,6,seasonal,rmse,0.4410830413901536,1.525229579180075,10.2744859620524,9.833402920662245,302,0,102982
E3,E2,N1,co,6,seasonal,smape,9.544368978193638,20.04752737341606,46.86031143323049,37.31594245503685,302,0,102982
E3,E2,N1,co,6,seasonal,mase,1.075772205841881,2.044025063269125,4.340616370864421,3.26484416502254,302,0,102982
E3,E2,N1,co,6,seasonal,r2,-1.6419523214204783,-1.0069625022384356,-0.4791392648780159,1.1628130565424626,302,0,102982
E3,E1,N1,co,12,lr,mae,0.5939585119789195,2.5628575379683696,33.89893532969019,33.30497681771127,735,0,246225
E3,E1,N1,co,12,lr,rmse,0.7669595790048178,3.541741874832007,41.36707929952574,40.60011972052092,735,0,246225
E3,E1,N1,co,12,lr,smape,25.527702927155904,61.47845936165559,96.20715270398723,70.67944977683135,735,0,246225
E3,E1,N1,co,12,lr,mase,4.081322767425212,5.891681705785655,11.614853241820404,7.533530474395192,735,0,246225
E3,E1,N1,co,12,lr,r2,-7.557119903321637,-4.80847663317464,-2.7986878177504666,4.758432085571171,730,5,246225
E3,E2,N1,co,12,lr,mae,1.8141199433539816,6.772800140369494,35.94825071981828,34.1341307764643,302,0,101170
E3,E2,N1,co,12,lr,rmse,1.9046331643663144,7.613577917135648,37.56435502021053,35.65972185584421,302,0,101170
E3,E2,N1,co,12,lr,smape,56.03502531888688,101.3076137032888,151.38879615212906,95.35377083324218,302,0,101170
E3,E2,N1,co,12,lr,mase,8.983406231723555,16.05043476622977,30.312739527402105,21.329333295678552,302,0,101170
E3,E2,N1,co,12,lr,r2,-47.54523828048422,-23.280215557018423,-14.220691567469844,33.32454671301438,302,0,101170
E3,E1,N1,co,12,rf,mae,0.5474009152219932,4.069048949897628,30.3433282002999,29.79592728507791,735,0,246225
E3,E1,N1,co,12,rf,rmse,2.323661722332236,16.80818428445027,40.62016231587815,38.29650059354592,735,0,246225
E3,E1,N1,co,12,rf,smape,12.896033036155467,32.86571637291175,80.14872590426619,67.25269286811071,735,0,246225
E3,E1,N1,co,12,rf,mase,2.562922396124498,5.522698873184327,12.045840209503542,9.482917813379045,735,0,246225
E3,E1,N1,co,12,rf,r2,-474.6386790872988,-21.996018997951488,-0.2354711592016283,474.4032079280972,730,5,246225
E3,E2,N1,co,12,rf,mae,0.6115678111019374,3.882184090640057,30.06149746993013,29.4499296588282,302,0,101170
E3,E2,N1,co,12,rf,rmse,2.304175606487769,14.137806010570298,54.29897984842019,51.99480424193242,302,0,101170
E3,E2,N1,co,12,rf,smape,14.941954262498262,32.488973266916524,93.56656186806404,78.62460760556579,302,0,101170
E3,E2,N1,co,12,rf,mase,2.618594682880039,5.365957523572724,29.693974943326488,27.075380260446448,302,0,101170
E3,E2,N1,co,12,rf,r2,-517.3624841457563,-100.3404405670392,-1.1562317800479458,516.2062523657083,302,0,101170
E3,E1,N1,co,12,ridge,mae,0.5936509770259835,2.562861409454214,33.87900405444023,33.28535307741425,735,0,246225
E3,E1,N1,co,12,ridge,rmse,0.7645574997344899,3.5368505083914004,41.37339178598006,40.608834286245575,735,0,246225
E3,E1,N1,co,12,ridge,smape,25.51570024861192,61.47039272375342,96.12347840155238,70.60777815294045,735,0,246225
E3,E1,N1,co,12,ridge,mase,4.077616490433826,5.891958682480134,11.610298208443554,7.532681718009728,735,0,246225
E3,E1,N1,co,12,ridge,r2,-7.512982981772316,-4.789990968591761,-2.786745302710876,4.726237679061439,730,5,246225
E3,E2,N1,co,12,ridge,mae,1.8136995130211644,6.772159159223078,35.94007188561597,34.12637237259481,302,0,101170
E3,E2,N1,co,12,ridge,rmse,1.9012089071247145,7.61027677303087,37.54993304329292,35.648724136168205,302,0,101170
E3,E2,N1,co,12,ridge,smape,56.0488990266151,101.30951494655808,151.38888699156254,95.33998796494744,302,0,101170
E3,E2,N1,co,12,ridge,mase,8.978081724014796,16.042811915406993,30.31203956738985,21.33395784337505,302,0,101170
E3,E2,N1,co,12,ridge,r2,-47.475986486920654,-23.270014480700773,-14.232179923787172,33.24380656313348,302,0,101170
E3,E1,N1,co,12,svr,mae,0.1799835255447257,0.6618903338401741,10.891126725394598,10.711143199849872,735,0,246225
E3,E1,N1,co,12,svr,rmse,0.2872488778940542,1.172740054089361,17.62719180126569,17.339942923371634,735,0,246225
E3,E1,N1,co,12,svr,smape,9.126121549075055,22.075904344221893,77.00661192630905,67.880490377234,735,0,246225
E3,E1,N1,co,12,svr,mase,1.2345400916690972,1.7490205886291206,3.7896500529768296,2.5551099613077324,735,0,246225
E3,E1,N1,co,12,svr,r2,-0.4328680074168284,-0.1530742246504772,0.002147146780853,0.4350151541976815,730,5,246225
E3,E2,N1,co,12,svr,mae,0.1923467897516237,0.606948365053859,4.8135908517752295,4.621244062023606,302,0,101170
E3,E2,N1,co,12,svr,rmse,0.339601367669164,1.1579118827808816,9.404925086570412,9.065323718901247,302,0,101170
E3,E2,N1,co,12,svr,smape,9.15413192024704,22.145814189794145,75.67367661932312,66.51954469907608,302,0,101170
E3,E2,N1,co,12,svr,mase,1.081624662056387,1.59950396601609,3.648545427558589,2.5669207655022017,302,0,101170
E3,E2,N1,co,12,svr,r2,-0.4543243603095441,-0.1921611652167101,-0.0404284154243716,0.4138959448851725,302,0,101170
E3,E1,N1,co,12,xgb,mae,2.206431032610924,27.22822012945127,88.72013857852329,86.51370754591237,735,0,246225
E3,E1,N1,co,12,xgb,rmse,10.917827700079895,52.51874355385365,321.26133829858924,310.34351059850934,735,0,246225
E3,E1,N1,co,12,xgb,smape,20.52719909361796,57.32424228164141,93.52641112110165,72.99921202748368,735,0,246225
E3,E1,N1,co,12,xgb,mase,6.748101950863356,21.169232728387097,118.06716012617622,111.31905817531286,735,0,246225
E3,E1,N1,co,12,xgb,r2,-48140.9744738744,-2203.2144975800675,-20.64154753057513,48120.33292634382,730,5,246225
E3,E2,N1,co,12,xgb,mae,4.360514033145199,30.82310684949561,156.64871072211432,152.28819668896912,302,0,101170
E3,E2,N1,co,12,xgb,rmse,23.02683343803223,131.63347460511744,785.379835480403,762.3530020423708,302,0,101170
E3,E2,N1,co,12,xgb,smape,24.09752186282605,46.23896845354406,121.48579621559846,97.3882743527724,302,0,101170
E3,E2,N1,co,12,xgb,mase,14.65068623188437,63.34261442713506,321.80099174438,307.1503055124956,302,0,101170
E3,E2,N1,co,12,xgb,r2,-156253.58541877288,-13393.241933741072,-334.33441840268324,155919.2510003702,302,0,101170
E3,E1,N1,co,12,ma6,mae,0.1347558473864444,0.4558156188753204,7.014531919158785,6.879776071772341,735,0,246225
E3,E1,N1,co,12,ma6,rmse,0.25931130352537,1.111426364895347,18.408990122321168,18.1496788187958,735,0,246225
E3,E1,N1,co,12,ma6,smape,6.535508924229029,14.520183317041008,40.84452363809564,34.30901471386661,735,0,246225
E3,E1,N1,co,12,ma6,mase,0.9561140462782468,1.3962930465551435,2.814811180505779,1.858697134227532,735,0,246225
E3,E1,N1,co,12,ma6,r2,-0.2389956269409342,-0.132743141242109,0.1506119610582942,0.3896075879992284,730,5,246225
E3,E1,N1,co,12,naive,mae,0.1028358208955224,0.4493532338308457,6.719764812302126,6.616928991406604,735,0,246225
E3,E1,N1,co,12,naive,rmse,0.2839079742425555,1.3775528088946472,17.873999694673202,17.590091720430646,735,0,246225
E3,E1,N1,co,12,naive,smape,4.775572239312652,11.545993866828844,35.26282099276322,30.487248753450565,735,0,246225
E3,E1,N1,co,12,naive,mase,0.7980182576452111,1.3996912177458785,2.695994217063193,1.897975959417982,735,0,246225
E3,E1,N1,co,12,naive,r2,-0.8623637726485143,-0.3643508899119527,0.2025560091190408,1.064919781767555,730,5,246225
E3,E1,N1,co,12,seasonal,mae,0.1804145936981758,0.5817812722103767,13.306924307036248,13.126509713338072,735,0,246225
E3,E1,N1,co,12,seasonal,rmse,0.3557874103916361,1.3108755445123932,23.28632562955037,22.93053821915873,735,0,246225
E3,E1,N1,co,12,seasonal,smape,7.971153513866833,20.01790560928047,92.38389596034608,84.41274244647924,735,0,246225
E3,E1,N1,co,12,seasonal,mase,1.1193873169679345,1.9214194378612843,5.017434115569048,3.898046798601114,735,0,246225
E3,E1,N1,co,12,seasonal,r2,-1.6598809831819283,-0.8908985499526633,-0.3793112570197209,1.280569726162207,730,5,246225
E3,E2,N1,co,12,ma6,mae,0.1651365197820421,0.4632921245421245,3.798718313195925,3.633581793413883,302,0,101170
E3,E2,N1,co,12,ma6,rmse,0.2969308585650491,1.1148629896239068,10.037563421214678,9.740632562649628,302,0,101170
E3,E2,N1,co,12,ma6,smape,6.497973271285784,15.344176068900492,38.22842538369924,31.730452112413456,302,0,101170
E3,E2,N1,co,12,ma6,mase,0.841735849432535,1.368815529483027,3.197542629579294,2.355806780146759,302,0,101170
E3,E2,N1,co,12,ma6,r2,-0.3587782642985221,-0.1876846201847666,-0.0491645369034824,0.3096137273950397,302,0,101170
E3,E2,N1,co,12,naive,mae,0.1514153135421792,0.4649182658137881,3.6815778251599145,3.530162511617735,302,0,101170
E3,E2,N1,co,12,naive,rmse,0.3570362657796322,1.3867216185280946,10.209596025791653,9.85255976001202,302,0,101170
E3,E2,N1,co,12,naive,smape,5.216072626749324,12.704738274578316,31.943407258534613,26.72733463178529,302,0,101170
E3,E2,N1,co,12,naive,mase,0.7595636446503289,1.4399804305765174,3.1728939575492205,2.413330312898892,302,0,101170
E3,E2,N1,co,12,naive,r2,-0.951576306542724,-0.6168209223160894,-0.0684045728768881,0.8831717336658358,302,0,101170
E3,E2,N1,co,12,seasonal,mae,0.2217700660657749,0.6644314143567873,4.32600302061123,4.104232954545455,302,0,101170
E3,E2,N1,co,12,seasonal,rmse,0.4377587097856494,1.5367172080573206,10.061076827298129,9.62331811751248,302,0,101170
E3,E2,N1,co,12,seasonal,smape,8.760920030443096,19.570210254956773,47.3985457716018,38.6376257411587,302,0,101170
E3,E2,N1,co,12,seasonal,mase,0.9817993200377956,1.940666902752136,4.524870848324969,3.543071528287174,302,0,101170
E3,E2,N1,co,12,seasonal,r2,-1.483669523618236,-0.94219188446899,-0.2670308259445879,1.216638697673648,302,0,101170
E3,E1,N2,co,1,lr,mae,0.5123903190883378,0.7348372278429071,3.443886262933545,2.931495943845208,735,0,254310
E3,E1,N2,co,1,lr,rmse,0.6669970688613398,1.1693392317619933,7.639185770521996,6.972188701660656,735,0,254310
E3,E1,N2,co,1,lr,smape,21.895875710447115,27.666051276426177,37.989002596521246,16.09312688607413,735,0,254310
E3,E1,N2,co,1,lr,mase,1.3609081168263604,2.258691405306131,4.251555872982685,2.8906477561563246,735,0,254310
E3,E1,N2,co,1,lr,r2,-5.542784125714223,-0.4656771480393851,0.6647124729883653,6.207496598702589,730,5,254310
E3,E2,N2,co,1,lr,mae,0.5723409148632193,0.7206446779154965,2.119643546181396,1.5473026313181768,302,0,104492
E3,E2,N2,co,1,lr,rmse,0.739061449358089,1.1766954853440872,4.93934611914089,4.200284669782801,302,0,104492
E3,E2,N2,co,1,lr,smape,23.077487580658243,30.10045533246497,42.65593222471608,19.57844464405784,302,0,104492
E3,E2,N2,co,1,lr,mase,1.6081858115129957,2.882171518426966,5.183321800951035,3.575135989438039,302,0,104492
E3,E2,N2,co,1,lr,r2,-5.684454236043704,-0.5148761881332676,0.573302140374918,6.257756376418622,302,0,104492
E3,E1,N2,co,1,rf,mae,0.1353487000445802,0.4341188405096639,2.8541978032778546,2.7188491032332744,735,0,254310
E3,E1,N2,co,1,rf,rmse,0.3226714212737123,1.073338638000028,7.213889302996686,6.891217881722974,735,0,254310
E3,E1,N2,co,1,rf,smape,5.481988896057122,12.281793455478752,20.740274274778024,15.258285378720904,735,0,254310
E3,E1,N2,co,1,rf,mase,0.8818947463184061,1.0662558336503722,1.36635982612349,0.4844650798050838,735,0,254310
E3,E1,N2,co,1,rf,r2,-0.5091076846612304,0.051045579942324,0.7155881193348923,1.2246958039961229,730,5,254310
E3,E2,N2,co,1,rf,mae,0.1679092053205193,0.4565037634625769,1.6511286880690008,1.4832194827484817,302,0,104492
E3,E2,N2,co,1,rf,rmse,0.3577786682299297,1.0219268056238744,4.6376273342,4.279848665970071,302,0,104492
E3,E2,N2,co,1,rf,smape,6.044853395110096,12.638791256711391,25.238678001108305,19.19382460599821,302,0,104492
E3,E2,N2,co,1,rf,mase,0.9085704646435422,1.099020094610071,1.7898977835446437,0.8813273189011015,302,0,104492
E3,E2,N2,co,1,rf,r2,-0.6886465798345602,0.0154897529511132,0.666462370759789,1.3551089505943492,302,0,104492
E3,E1,N2,co,1,ridge,mae,0.5123826983622016,0.7348790180617959,3.443557504864324,2.9311748065021224,735,0,254310
E3,E1,N2,co,1,ridge,rmse,0.6669801879596922,1.1694187030357777,7.63788692362625,6.970906735666558,735,0,254310
E3,E1,N2,co,1,ridge,smape,21.89501538943735,27.6643776189618,37.98899786430833,16.09398247487098,735,0,254310
E3,E1,N2,co,1,ridge,mase,1.3609933295239494,2.258613458102057,4.251344383277927,2.890351053753978,735,0,254310
E3,E1,N2,co,1,ridge,r2,-5.542688522907848,-0.4659214691593925,0.6647941882207514,6.207482711128599,730,5,254310
E3,E2,N2,co,1,ridge,mae,0.572329401734768,0.7206589400311094,2.119568340395136,1.5472389386603678,302,0,104492
E3,E2,N2,co,1,ridge,rmse,0.7390378427674289,1.1767433264201743,4.939288699989179,4.20025085722175,302,0,104492
E3,E2,N2,co,1,ridge,smape,23.077505029775608,30.09943067391044,42.65482071294117,19.57731568316556,302,0,104492
E3,E2,N2,co,1,ridge,mase,1.6080865936380588,2.881926099761195,5.182679773780823,3.574593180142764,302,0,104492
E3,E2,N2,co,1,ridge,r2,-5.684245193119864,-0.5150954508399653,0.5734156159472291,6.257660809067093,302,0,104492
E3,E1,N2,co,1,svr,mae,0.1503381749014076,0.4984643114848069,2.4273304591077483,2.2769922842063406,735,0,254310
E3,E1,N2,co,1,svr,rmse,0.2950472592404416,1.1171115490463006,6.938026517174718,6.642979257934276,735,0,254310
E3,E1,N2,co,1,svr,smape,6.564856817321267,15.346835536222766,28.73538979769189,22.170532980370627,735,0,254310
E3,E1,N2,co,1,svr,mase,0.9153503897846144,1.1611926821269252,1.4913255820267874,0.575975192242173,735,0,254310
E3,E1,N2,co,1,svr,r2,-0.5814952847505412,0.0062694371275028,0.7145162654720569,1.2960115502225982,730,5,254310
E3,E2,N2,co,1,svr,mae,0.1883788963981839,0.4802215525380141,1.7705534554177025,1.5821745590195186,302,0,104492
E3,E2,N2,co,1,svr,rmse,0.3516826708519611,1.0741316582794598,4.700268433470689,4.348585762618728,302,0,104492
E3,E2,N2,co,1,svr,smape,7.465018505983564,15.89645100788649,34.272251825592015,26.80723331960845,302,0,104492
E3,E2,N2,co,1,svr,mase,1.0141914619234975,1.2052337736127685,1.794222699913777,0.7800312379902794,302,0,104492
E3,E2,N2,co,1,svr,r2,-0.6328048779783839,-0.0799711518265822,0.632982641531816,1.2657875195102,302,0,104492
E3,E1,N2,co,1,xgb,mae,0.3798136001704099,0.6644767411017292,3.193790649163643,2.8139770489932334,735,0,254310
E3,E1,N2,co,1,xgb,rmse,0.5009055280949746,1.444067943380352,7.1156870493709246,6.61478152127595,735,0,254310
E3,E1,N2,co,1,xgb,smape,20.21080140370569,27.628629892187263,38.73403589103985,18.52323448733416,735,0,254310
E3,E1,N2,co,1,xgb,mase,1.2311131553742205,1.8724905148937687,3.306012742448172,2.074899587073951,735,0,254310
E3,E1,N2,co,1,xgb,r2,-3.224598088887748,-0.5467728144617977,0.6833405134839395,3.907938602371688,730,5,254310
E3,E2,N2,co,1,xgb,mae,0.3860588397244778,0.6352923471696896,1.8365835980766143,1.4505247583521368,302,0,104492
E3,E2,N2,co,1,xgb,rmse,0.5582406149199697,1.3162396329117132,4.644518103970409,4.086277489050439,302,0,104492
E3,E2,N2,co,1,xgb,smape,16.83219241762319,23.958625911699656,37.57801740405378,20.74582498643059,302,0,104492
E3,E2,N2,co,1,xgb,mase,1.3758306403565288,2.1890054111741133,3.5003702663401195,2.1245396259835907,302,0,104492
E3,E2,N2,co,1,xgb,r2,-3.683262884759146,-1.0152642638529437,0.6423398962398176,4.325602780998963,302,0,104492
E3,E1,N2,co,1,ma6,mae,0.110393743486229,0.4007443343426002,4.325294751812093,4.214901008325864,735,0,254310
E3,E1,N2,co,1,ma6,rmse,0.2342440532346199,1.0593756825070897,12.27716946080728,12.04292540757266,735,0,254310
E3,E1,N2,co,1,ma6,smape,5.080183487710904,12.792172647779996,23.44566252959824,18.365479041887337,735,0,254310
E3,E1,N2,co,1,ma6,mase,0.8161106061726553,1.1439163792515932,1.811272267237495,0.9951616610648396,735,0,254310
E3,E1,N2,co,1,ma6,r2,-0.11542840513736,0.0906816401615057,0.5065483125814079,0.6219767177187678,730,5,254310
E3,E1,N2,co,1,naive,mae,0.1159842646114322,0.4077071290944123,1.9981007431874485,1.8821164785760165,735,0,254310
E3,E1,N2,co,1,naive,rmse,0.2991196434411375,1.1867281489127852,6.98023933330008,6.681119689858942,735,0,254310
E3,E1,N2,co,1,naive,smape,4.737638720587974,9.480351502730132,15.941727763949164,11.20408904336119,735,0,254310
E3,E1,N2,co,1,naive,mase,0.7611273607741588,0.9683267560062772,1.2175217031077912,0.4563943423336324,735,0,254310
E3,E1,N2,co,1,naive,r2,-0.5643474806658484,0.0494237047228964,0.7287466454839717,1.29309412614982,730,5,254310
E3,E1,N2,co,1,seasonal,mae,0.2045592694075353,0.5833608587943848,13.027043765483072,12.822484496075536,735,0,254310
E3,E1,N2,co,1,seasonal,rmse,0.3681948028878185,1.336240382691116,22.378146034020247,22.00995123113243,735,0,254310
E3,E1,N2,co,1,seasonal,smape,9.221408388845724,19.76821450443936,97.69083328553938,88.46942489669365,735,0,254310
E3,E1,N2,co,1,seasonal,mase,1.2075337213946034,1.9019713255591704,4.8032765112539,3.5957427898592966,735,0,254310
E3,E1,N2,co,1,seasonal,r2,-1.6981770534156468,-0.9853203627500172,-0.4650497128361379,1.233127340579509,730,5,254310
E3,E2,N2,co,1,ma6,mae,0.1538527043765483,0.4099831406551059,2.672728862739701,2.518876158363153,302,0,104492
E3,E2,N2,co,1,ma6,rmse,0.2909994948619503,1.0725498450752826,6.942744540006254,6.651745045144304,302,0,104492
E3,E2,N2,co,1,ma6,smape,5.641191225657653,12.64980019928802,27.62023059027881,21.979039364621155,302,0,104492
E3,E2,N2,co,1,ma6,mase,0.7833682804904883,1.131888108743642,2.344000779279049,1.5606324987885607,302,0,104492
E3,E2,N2,co,1,ma6,r2,-0.2019030212423998,-0.0653761582364315,0.351984499613185,0.5538875208555849,302,0,104492
E3,E2,N2,co,1,naive,mae,0.1493514313239746,0.4140311037709882,1.5524841728598957,1.403132741535921,302,0,104492
E3,E2,N2,co,1,naive,rmse,0.3539186649903049,1.1163320988389458,4.616851088334903,4.262932423344598,302,0,104492
E3,E2,N2,co,1,naive,smape,5.133720752279617,10.84516067824362,19.90302285768643,14.769302105406814,302,0,104492
E3,E2,N2,co,1,naive,mase,0.8403180781954053,1.0366111468479566,1.5005089953693287,0.6601909171739234,302,0,104492
E3,E2,N2,co,1,naive,r2,-0.7968314539756255,-0.0710302374440685,0.628646891282471,1.4254783452580964,302,0,104492
E3,E2,N2,co,1,seasonal,mae,0.2314349366914395,0.5996881881365262,3.6570247691454334,3.4255898324539946,302,0,104492
E3,E2,N2,co,1,seasonal,rmse,0.4327348549244975,1.310730097897849,8.944734444010859,8.511999589086361,302,0,104492
E3,E2,N2,co,1,seasonal,smape,9.607966616482017,18.94994804382252,46.64013501517019,37.03216839868817,302,0,104492
E3,E2,N2,co,1,seasonal,mase,1.0312831008141004,1.736112451523507,3.617974395622676,2.586691294808576,302,0,104492
E3,E2,N2,co,1,seasonal,r2,-1.4779786944172528,-0.8953840406387032,-0.2338242989170905,1.2441543955001624,302,0,104492
E3,E1,N2,co,6,lr,mae,0.2259482913768946,0.5736687391284814,5.2233865527725305,4.997438261395636,735,0,250635
E3,E1,N2,co,6,lr,rmse,0.3662373511778799,1.3738419079832969,14.808560986927768,14.442323635749888,735,0,250635
E3,E1,N2,co,6,lr,smape,11.715820805891369,18.88292013378602,32.41127778826137,20.695456982370004,735,0,250635
E3,E1,N2,co,6,lr,mase,1.4857866337633294,2.0962472905702936,2.791413281881,1.30562664811767,735,0,250635
E3,E1,N2,co,6,lr,r2,-1.356721924468871,-0.8814922573225923,0.0323137775417636,1.3890357020106348,730,5,250635
E3,E2,N2,co,6,lr,mae,0.288238145310985,0.5765317081011366,3.2583454776003884,2.970107332289404,302,0,102982
E3,E2,N2,co,6,lr,rmse,0.4393868275217936,1.4220809137914858,9.113816050184123,8.67442922266233,302,0,102982
E3,E2,N2,co,6,lr,smape,12.886889547323586,20.598787315848558,43.67364183961365,30.786752292290068,302,0,102982
E3,E2,N2,co,6,lr,mase,1.4440513325244495,2.2504857835456216,3.548564374802294,2.104513042277844,302,0,102982
E3,E2,N2,co,6,lr,r2,-1.6129949228900204,-1.0594037089334385,-0.183994841799631,1.4290000810903891,302,0,102982
E3,E1,N2,co,6,rf,mae,0.1929121018433075,0.5430748925746401,5.253082771397267,5.060170669553959,735,0,250635
E3,E1,N2,co,6,rf,rmse,0.3366993195502033,1.3639203658912702,14.850885629793176,14.514186310242971,735,0,250635
E3,E1,N2,co,6,rf,smape,9.917786880015653,17.94513151543933,30.871257808872198,20.953470928856543,735,0,250635
E3,E1,N2,co,6,rf,mase,1.3790788020195357,1.8768763467928924,2.616154840454552,1.2370760384350163,735,0,250635
E3,E1,N2,co,6,rf,r2,-1.2183738983019392,-0.8035477500900169,0.106683806979595,1.3250577052815342,730,5,250635
E3,E2,N2,co,6,rf,mae,0.2357316900912749,0.5332881682111197,3.282081269286546,3.0463495791952715,302,0,102982
E3,E2,N2,co,6,rf,rmse,0.3945585649247718,1.425232100411012,9.099056640730268,8.704498075805496,302,0,102982
E3,E2,N2,co,6,rf,smape,9.91394938856496,17.88354354592103,39.499837130097184,29.585887741532225,302,0,102982
E3,E2,N2,co,6,rf,mase,1.3183005171667443,1.7356408819133469,3.1757452916808995,1.8574447745141551,302,0,102982
E3,E2,N2,co,6,rf,r2,-1.2031876734000102,-0.9674013892907968,-0.1524435359699343,1.050744137430076,302,0,102982
E3,E1,N2,co,6,ridge,mae,0.2258569488708886,0.5736115430474451,5.223375840522861,4.997518891651972,735,0,250635
E3,E1,N2,co,6,ridge,rmse,0.3661506545208496,1.3737968596934071,14.808579526681228,14.44242887216038,735,0,250635
E3,E1,N2,co,6,ridge,smape,11.713663535836544,18.882857832523893,32.41086130642573,20.697197770589185,735,0,250635
E3,E1,N2,co,6,ridge,mase,1.4855731141358972,2.0960598286509597,2.7899125127747157,1.304339398638818,735,0,250635
E3,E1,N2,co,6,ridge,r2,-1.3557863799284842,-0.8809559292622766,0.032874894879153,1.3886612748076372,730,5,250635
E3,E2,N2,co,6,ridge,mae,0.2880918212382325,0.5763764456234655,3.258298912116198,2.9702070908779654,302,0,102982
E3,E2,N2,co,6,ridge,rmse,0.4392509270023164,1.422023512478868,9.113700603301906,8.67444967629959,302,0,102982
E3,E2,N2,co,6,ridge,smape,12.88039904887784,20.58799057932508,43.66563791373805,30.78523886486021,302,0,102982
E3,E2,N2,co,6,ridge,mase,1.4437230056678931,2.249309748274767,3.548347872481215,2.104624866813322,302,0,102982
E3,E2,N2,co,6,ridge,r2,-1.6115986495223362,-1.057993093931086,-0.1839805326128282,1.427618116909508,302,0,102982
E3,E1,N2,co,6,svr,mae,0.1511691695396731,0.5434100724072171,5.25233163419991,5.101162464660237,735,0,250635
E3,E1,N2,co,6,svr,rmse,0.3267657006330268,1.4018968072518825,14.825885941744968,14.49912024111194,735,0,250635
E3,E1,N2,co,6,svr,smape,7.431357602035794,16.992139023240817,31.88735896149671,24.456001359460917,735,0,250635
E3,E1,N2,co,6,svr,mase,1.1775236894953514,1.581287756062456,2.35322635647376,1.1757026669784083,735,0,250635
E3,E1,N2,co,6,svr,r2,-1.0415865866871137,-0.6230338917395785,0.1892357397163357,1.2308223264034492,730,5,250635
E3,E2,N2,co,6,svr,mae,0.2073749114514654,0.5384775746618484,3.330582024075728,3.123207112624262,302,0,102982
E3,E2,N2,co,6,svr,rmse,0.4033445890863778,1.4467651327476845,9.133542513188392,8.730197924102015,302,0,102982
E3,E2,N2,co,6,svr,smape,7.402236654164081,16.859181355701665,34.180674170419906,26.778437516255824,302,0,102982
E3,E2,N2,co,6,svr,mase,1.117524623896348,1.514161268674734,3.185287917741663,2.067763293845315,302,0,102982
E3,E2,N2,co,6,svr,r2,-1.1572125486697762,-0.8851612370993303,-0.1009911665127942,1.056221382156982,302,0,102982
E3,E1,N2,co,6,xgb,mae,0.2400405952934396,0.5998590380612469,5.343938390176675,5.103897794883235,735,0,250635
E3,E1,N2,co,6,xgb,rmse,0.3836531797880984,1.3967616254868969,14.88290341937296,14.499250239584862,735,0,250635
E3,E1,N2,co,6,xgb,smape,12.33588359732598,20.407344839246004,34.577777509820365,22.241893912494383,735,0,250635
E3,E1,N2,co,6,xgb,mase,1.5513552357847886,2.1638721790135658,2.8849330566685363,1.3335778208837477,735,0,250635
E3,E1,N2,co,6,xgb,r2,-1.554168723307756,-0.9350641389444788,0.0232880793379602,1.5774568026457163,730,5,250635
E3,E2,N2,co,6,xgb,mae,0.3179554279525585,0.6185897151737342,3.2898806640084475,2.9719252360558888,302,0,102982
E3,E2,N2,co,6,xgb,rmse,0.4944363960263563,1.4482505203330631,9.127489206374028,8.633052810347671,302,0,102982
E3,E2,N2,co,6,xgb,smape,16.96755294775122,26.57987423924324,49.35623442731856,32.38868147956734,302,0,102982
E3,E2,N2,co,6,xgb,mase,1.5731612760112057,2.5001662997278955,3.745405368908247,2.172244092897041,302,0,102982
E3,E2,N2,co,6,xgb,r2,-2.213529581721016,-1.1233004398191937,-0.2141705280346996,1.999359053686316,302,0,102982
E3,E1,N2,co,6,ma6,mae,0.118189964157706,0.4262870641902899,5.698110133594005,5.579920169436299,735,0,250635
E3,E1,N2,co,6,ma6,rmse,0.2405353427314345,1.0908746132755782,16.761858251770718,16.521322909039284,735,0,250635
E3,E1,N2,co,6,ma6,smape,5.975263340565673,13.760307210071554,32.391318089294856,26.41605474872918,735,0,250635
E3,E1,N2,co,6,ma6,mase,0.8569837050647096,1.3306880131911905,2.4526716409744767,1.595687935909767,735,0,250635
E3,E1,N2,co,6,ma6,r2,-0.188417554339607,-0.0184523376154641,0.3341042219178702,0.5225217762574772,730,5,250635
E3,E1,N2,co,6,naive,mae,0.1217986314760508,0.4660801564027368,5.168768328445748,5.046969696969697,735,0,250635
E3,E1,N2,co,6,naive,rmse,0.3050760139804112,1.351812073155363,14.837693368810047,14.532617354829636,735,0,250635
E3,E1,N2,co,6,naive,smape,5.863030040759953,12.383935169080653,25.40685435230823,19.54382431154828,735,0,250635
E3,E1,N2,co,6,naive,mase,0.9419586151092708,1.365781794303431,2.245541876913572,1.3035832618043006,735,0,250635
E3,E1,N2,co,6,naive,r2,-0.9037456588447704,-0.445702519016671,0.2664497217689465,1.170195380613717,730,5,250635
E3,E1,N2,co,6,seasonal,mae,0.1989491691104594,0.6005301150462441,13.490272473941827,13.29132330483137,735,0,250635
E3,E1,N2,co,6,seasonal,rmse,0.367504629688224,1.315610462690445,23.4353781004644,23.06787347077617,735,0,250635
E3,E1,N2,co,6,seasonal,smape,9.05140909640785,20.662545515852685,97.34895650608544,88.29754740967759,735,0,250635
E3,E1,N2,co,6,seasonal,mase,1.2062391018080958,2.020987061748379,4.937843702599956,3.73160460079186,735,0,250635
E3,E1,N2,co,6,seasonal,r2,-1.732513177161865,-1.030169132341181,-0.5047572009122452,1.2277559762496195,730,5,250635
E3,E2,N2,co,6,ma6,mae,0.1502286691802824,0.4466136014523111,3.516106921752083,3.3658782525718003,302,0,102982
E3,E2,N2,co,6,ma6,rmse,0.2960420181378536,1.1030950260519925,9.174840444790604,8.87879842665275,302,0,102982
E3,E2,N2,co,6,ma6,smape,5.942399536947526,14.136673558714117,32.393437994689435,26.45103845774191,302,0,102982
E3,E2,N2,co,6,ma6,mase,0.7835085387753631,1.2940617002637738,2.840736542625937,2.057228003850573,302,0,102982
E3,E2,N2,co,6,ma6,r2,-0.2241353708845661,-0.0815948382898481,0.0950688743062816,0.3192042451908476,302,0,102982
E3,E2,N2,co,6,naive,mae,0.1703550481776288,0.4807987711213518,3.186587068845133,3.0162320206675046,302,0,102982
E3,E2,N2,co,6,naive,rmse,0.3675436949653333,1.3919800593738558,9.145744634868167,8.778200939902835,302,0,102982
E3,E2,N2,co,6,naive,smape,6.234226986774637,14.040678358325197,28.015010377143867,21.78078339036923,302,0,102982
E3,E2,N2,co,6,naive,mase,0.9502681275515148,1.3738582862275623,2.7237365917698964,1.7734684642183816,302,0,102982
E3,E2,N2,co,6,naive,r2,-1.0212537378616848,-0.7373032450367851,-0.0334340520905988,0.987819685771086,302,0,102982
E3,E2,N2,co,6,seasonal,mae,0.2320817623236978,0.7206605222734255,4.266275659824046,4.034193897500349,302,0,102982
E3,E2,N2,co,6,seasonal,rmse,0.4410830413901536,1.525229579180075,10.2744859620524,9.833402920662245,302,0,102982
E3,E2,N2,co,6,seasonal,smape,9.544368978193638,20.04752737341606,46.86031143323049,37.31594245503685,302,0,102982
E3,E2,N2,co,6,seasonal,mase,1.075772205841881,2.044025063269125,4.340616370864421,3.26484416502254,302,0,102982
E3,E2,N2,co,6,seasonal,r2,-1.6419523214204783,-1.0069625022384356,-0.4791392648780159,1.1628130565424626,302,0,102982
E3,E1,N2,co,12,lr,mae,0.22056043565458425,0.5670322073609453,6.78898239555408,6.568421959899496,735,0,246225
E3,E1,N2,co,12,lr,rmse,0.35784821721898696,1.4219583964022793,18.105378541689586,17.7475303244706,735,0,246225
E3,E1,N2,co,12,lr,smape,11.5961638995349,18.85227075371225,40.748756320870186,29.152592421335285,735,0,246225
E3,E1,N2,co,12,lr,mase,1.5538365015070217,2.2683925784849754,3.2746642311025793,1.7208277295955576,735,0,246225
E3,E1,N2,co,12,lr,r2,-1.3897402372370107,-0.8947059516661114,-0.09741122046940853,1.292329016767602,730,5,246225
E3,E2,N2,co,12,lr,mae,0.2654437243065704,0.568649771739967,3.784826786564823,3.5193830622582523,302,0,101170
E3,E2,N2,co,12,lr,rmse,0.4202595777568692,1.4346427295852036,10.283851888038875,9.863592310282005,302,0,101170
E3,E2,N2,co,12,lr,smape,11.886871734702163,18.876724493880836,48.25507254841033,36.36820081370817,302,0,101170
E3,E2,N2,co,12,lr,mase,1.4279275662284308,2.1951598034327953,3.8630531435739686,2.435125577345538,302,0,101170
E3,E2,N2,co,12,lr,r2,-1.4880168582541198,-0.9784624147007663,-0.48431526357867294,1.0037015946754468,302,0,101170
E3,E1,N2,co,12,rf,mae,0.14322197659217042,0.4992136976547336,6.789043003845899,6.645821027253729,735,0,246225
E3,E1,N2,co,12,rf,rmse,0.3094706982292419,1.385702295592484,17.88371740466679,17.57424670643755,735,0,246225
E3,E1,N2,co,12,rf,smape,7.3637683063334185,14.940598326992701,38.89417440958836,31.53040610325494,735,0,246225
E3,E1,N2,co,12,rf,mase,1.1209202049376357,1.633913649922327,2.83193209069643,1.7110118857587944,735,0,246225
E3,E1,N2,co,12,rf,r2,-1.0168457814729808,-0.6485154487650129,0.0066833707661954345,1.0235291522391763,730,5,246225
E3,E2,N2,co,12,rf,mae,0.178225570489986,0.49964759483832294,3.7412123175274603,3.562986747037474,302,0,101170
E3,E2,N2,co,12,rf,rmse,0.3783289725947281,1.4180064781249162,10.278437941901892,9.900108969307164,302,0,101170
E3,E2,N2,co,12,rf,smape,7.161531672735487,15.27372274370996,37.2880839080912,30.126552235355717,302,0,101170
E3,E2,N2,co,12,rf,mase,0.9008815502364669,1.515495079071338,3.287994250640374,2.3871127004039074,302,0,101170
E3,E2,N2,co,12,rf,r2,-0.9918949779144308,-0.7388348558125368,-0.22518720867106656,0.7667077692433643,302,0,101170
E3,E1,N2,co,12,ridge,mae,0.2205660165780528,0.5670238221533465,6.788951456156461,6.5683854395784085,735,0,246225
E3,E1,N2,co,12,ridge,rmse,0.35785121613970394,1.4219501997644153,18.104917536717295,17.74706632057759,735,0,246225
E3,E1,N2,co,12,ridge,smape,11.596514816649957,18.852498671829423,40.739925176825395,29.143410360175437,735,0,246225
E3,E1,N2,co,12,ridge,mase,1.5538373081664958,2.2684143097169316,3.274753872364367,1.7209165641978712,735,0,246225
E3,E1,N2,co,12,ridge,r2,-1.3896927899668468,-0.8946847508038228,-0.09737469586354741,1.2923180941032992,730,5,246225
E3,E2,N2,co,12,ridge,mae,0.26544516890204334,0.5686547618743776,3.784721135942776,3.5192759670407328,302,0,101170
E3,E2,N2,co,12,ridge,rmse,0.4202736510012055,1.434624314719813,10.283770467856877,9.863496816855672,302,0,101170
E3,E2,N2,co,12,ridge,smape,11.88739142684827,18.877007671207643,48.25419393867962,36.36680251183135,302,0,101170
E3,E2,N2,co,12,ridge,mase,1.427921085575786,2.195251620810056,3.8629001661573636,2.4349790805815776,302,0,101170
E3,E2,N2,co,12,ridge,r2,-1.488172047721139,-0.978490277694548,-0.48430053429894887,1.0038715134221903,302,0,101170
E3,E1,N2,co,12,svr,mae,0.12647509902284743,0.506463155020115,6.78611310562653,6.659638006603682,735,0,246225
E3,E1,N2,co,12,svr,rmse,0.29874854822678565,1.436974922431045,17.878466834905797,17.57971828667901,735,0,246225
E3,E1,N2,co,12,svr,smape,6.018096840987079,15.791636355327645,39.53886933988356,33.520772498896484,735,0,246225
E3,E1,N2,co,12,svr,mase,0.9188927569959416,1.637152952130683,2.7105945807032024,1.7917018237072608,735,0,246225
E3,E1,N2,co,12,svr,r2,-0.9793099516909644,-0.4937271083095911,0.15909156590383486,1.1384015175947992,730,5,246225
E3,E2,N2,co,12,svr,mae,0.18481517776872114,0.5369797326512306,3.7838370674491646,3.5990218896804436,302,0,101170
E3,E2,N2,co,12,svr,rmse,0.3717306133816861,1.4886773260263273,10.257076869942544,9.885346256560858,302,0,101170
E3,E2,N2,co,12,svr,smape,7.422880198256423,15.878466774928304,37.311047406593275,29.888167208336853,302,0,101170
E3,E2,N2,co,12,svr,mase,0.9926706785561606,1.5897673786219477,3.3431139527287224,2.350443274172562,302,0,101170
E3,E2,N2,co,12,svr,r2,-1.1337242852212794,-0.8163890514031052,-0.30492777322734,0.8287965119939394,302,0,101170
E3,E1,N2,co,12,xgb,mae,0.2276996109797422,0.5998674774029528,6.785878234479528,6.558178623499786,735,0,246225
E3,E1,N2,co,12,xgb,rmse,0.37015699211619524,1.4138148265263113,18.035324762552733,17.665167770436536,735,0,246225
E3,E1,N2,co,12,xgb,smape,12.225557139345925,20.742578095998,45.46589346735498,33.24033632800906,735,0,246225
E3,E1,N2,co,12,xgb,mase,1.6053112819976345,2.255677454930204,3.2712154591367177,1.6659041771390832,735,0,246225
E3,E1,N2,co,12,xgb,r2,-1.4770347908390984,-0.9006287052972394,-0.12211818196622487,1.3549166088728735,730,5,246225
E3,E2,N2,co,12,xgb,mae,0.2588168947107136,0.5935771606312009,3.833563408651066,3.5747465139403527,302,0,101170
E3,E2,N2,co,12,xgb,rmse,0.4299469382598219,1.4983244643874731,10.341528568438413,9.911581630178592,302,0,101170
E3,E2,N2,co,12,xgb,smape,11.590089289779236,20.699355776266906,49.218820058709476,37.62873076893024,302,0,101170
E3,E2,N2,co,12,xgb,mase,1.4500485410461441,1.9969004636365622,3.744609930229178,2.294561389183034,302,0,101170
E3,E2,N2,co,12,xgb,r2,-1.5868129817757477,-0.9598484438628653,-0.5182686412740083,1.0685443405017394,302,0,101170
E3,E1,N2,co,12,ma6,mae,0.1347558473864444,0.4558156188753204,7.014531919158785,6.879776071772341,735,0,246225
E3,E1,N2,co,12,ma6,rmse,0.25931130352537,1.111426364895347,18.408990122321168,18.1496788187958,735,0,246225
E3,E1,N2,co,12,ma6,smape,6.535508924229029,14.520183317041008,40.84452363809564,34.30901471386661,735,0,246225
E3,E1,N2,co,12,ma6,mase,0.9561140462782468,1.3962930465551435,2.814811180505779,1.858697134227532,735,0,246225
E3,E1,N2,co,12,ma6,r2,-0.2389956269409342,-0.132743141242109,0.1506119610582942,0.3896075879992284,730,5,246225
E3,E1,N2,co,12,naive,mae,0.1028358208955224,0.4493532338308457,6.719764812302126,6.616928991406604,735,0,246225
E3,E1,N2,co,12,naive,rmse,0.2839079742425555,1.3775528088946472,17.873999694673202,17.590091720430646,735,0,246225
E3,E1,N2,co,12,naive,smape,4.775572239312652,11.545993866828844,35.26282099276322,30.487248753450565,735,0,246225
E3,E1,N2,co,12,naive,mase,0.7980182576452111,1.3996912177458785,2.695994217063193,1.897975959417982,735,0,246225
E3,E1,N2,co,12,naive,r2,-0.8623637726485143,-0.3643508899119527,0.2025560091190408,1.064919781767555,730,5,246225
E3,E1,N2,co,12,seasonal,mae,0.1804145936981758,0.5817812722103767,13.306924307036248,13.126509713338072,735,0,246225
E3,E1,N2,co,12,seasonal,rmse,0.3557874103916361,1.3108755445123932,23.28632562955037,22.93053821915873,735,0,246225
E3,E1,N2,co,12,seasonal,smape,7.971153513866833,20.01790560928047,92.38389596034608,84.41274244647924,735,0,246225
E3,E1,N2,co,12,seasonal,mase,1.1193873169679345,1.9214194378612843,5.017434115569048,3.898046798601114,735,0,246225
E3,E1,N2,co,12,seasonal,r2,-1.6598809831819283,-0.8908985499526633,-0.3793112570197209,1.280569726162207,730,5,246225
E3,E2,N2,co,12,ma6,mae,0.1651365197820421,0.4632921245421245,3.798718313195925,3.633581793413883,302,0,101170
E3,E2,N2,co,12,ma6,rmse,0.2969308585650491,1.1148629896239068,10.037563421214678,9.740632562649628,302,0,101170
E3,E2,N2,co,12,ma6,smape,6.497973271285784,15.344176068900492,38.22842538369924,31.730452112413456,302,0,101170
E3,E2,N2,co,12,ma6,mase,0.841735849432535,1.368815529483027,3.197542629579294,2.355806780146759,302,0,101170
E3,E2,N2,co,12,ma6,r2,-0.3587782642985221,-0.1876846201847666,-0.0491645369034824,0.3096137273950397,302,0,101170
E3,E2,N2,co,12,naive,mae,0.1514153135421792,0.4649182658137881,3.6815778251599145,3.530162511617735,302,0,101170
E3,E2,N2,co,12,naive,rmse,0.3570362657796322,1.3867216185280946,10.209596025791653,9.85255976001202,302,0,101170
E3,E2,N2,co,12,naive,smape,5.216072626749324,12.704738274578316,31.943407258534613,26.72733463178529,302,0,101170
E3,E2,N2,co,12,naive,mase,0.7595636446503289,1.4399804305765174,3.1728939575492205,2.413330312898892,302,0,101170
E3,E2,N2,co,12,naive,r2,-0.951576306542724,-0.6168209223160894,-0.0684045728768881,0.8831717336658358,302,0,101170
E3,E2,N2,co,12,seasonal,mae,0.2217700660657749,0.6644314143567873,4.32600302061123,4.104232954545455,302,0,101170
E3,E2,N2,co,12,seasonal,rmse,0.4377587097856494,1.5367172080573206,10.061076827298129,9.62331811751248,302,0,101170
E3,E2,N2,co,12,seasonal,smape,8.760920030443096,19.570210254956773,47.3985457716018,38.6376257411587,302,0,101170
E3,E2,N2,co,12,seasonal,mase,0.9817993200377956,1.940666902752136,4.524870848324969,3.543071528287174,302,0,101170
E3,E2,N2,co,12,seasonal,r2,-1.483669523618236,-0.94219188446899,-0.2670308259445879,1.216638697673648,302,0,101170
